14-Oct-2025 11:31:17.484 INFO [main] org.apache.catalina.startup.VersionLoggerListener.log Server version name:   Apache Tomcat/9.0.93
14-Oct-2025 11:31:17.491 INFO [main] org.apache.catalina.startup.VersionLoggerListener.log Server built:          Aug 2 2024 21:24:59 UTC
14-Oct-2025 11:31:17.492 INFO [main] org.apache.catalina.startup.VersionLoggerListener.log Server version number: 9.0.93.0
14-Oct-2025 11:31:17.493 INFO [main] org.apache.catalina.startup.VersionLoggerListener.log OS Name:               Windows 11
14-Oct-2025 11:31:17.493 INFO [main] org.apache.catalina.startup.VersionLoggerListener.log OS Version:            10.0
14-Oct-2025 11:31:17.493 INFO [main] org.apache.catalina.startup.VersionLoggerListener.log Architecture:          amd64
14-Oct-2025 11:31:17.493 INFO [main] org.apache.catalina.startup.VersionLoggerListener.log Java Home:             C:\Program Files\Java\jdk-17
14-Oct-2025 11:31:17.494 INFO [main] org.apache.catalina.startup.VersionLoggerListener.log JVM Version:           17.0.12+8-LTS-286
14-Oct-2025 11:31:17.494 INFO [main] org.apache.catalina.startup.VersionLoggerListener.log JVM Vendor:            Oracle Corporation
14-Oct-2025 11:31:17.494 INFO [main] org.apache.catalina.startup.VersionLoggerListener.log CATALINA_BASE:         C:\Users\sande\Desktop\Vehicle-Management-System-Java-Servlet-main\apache-tomcat-9.0.93
14-Oct-2025 11:31:17.496 INFO [main] org.apache.catalina.startup.VersionLoggerListener.log CATALINA_HOME:         C:\Users\sande\Desktop\Vehicle-Management-System-Java-Servlet-main\apache-tomcat-9.0.93
14-Oct-2025 11:31:17.519 INFO [main] org.apache.catalina.startup.VersionLoggerListener.log Command line argument: --add-opens=java.base/java.lang=ALL-UNNAMED
14-Oct-2025 11:31:17.519 INFO [main] org.apache.catalina.startup.VersionLoggerListener.log Command line argument: --add-opens=java.base/java.io=ALL-UNNAMED
14-Oct-2025 11:31:17.519 INFO [main] org.apache.catalina.startup.VersionLoggerListener.log Command line argument: --add-opens=java.base/java.util=ALL-UNNAMED
14-Oct-2025 11:31:17.520 INFO [main] org.apache.catalina.startup.VersionLoggerListener.log Command line argument: --add-opens=java.base/java.util.concurrent=ALL-UNNAMED
14-Oct-2025 11:31:17.520 INFO [main] org.apache.catalina.startup.VersionLoggerListener.log Command line argument: --add-opens=java.rmi/sun.rmi.transport=ALL-UNNAMED
14-Oct-2025 11:31:17.520 INFO [main] org.apache.catalina.startup.VersionLoggerListener.log Command line argument: -Djava.util.logging.config.file=C:\Users\sande\Desktop\Vehicle-Management-System-Java-Servlet-main\apache-tomcat-9.0.93\conf\logging.properties
14-Oct-2025 11:31:17.522 INFO [main] org.apache.catalina.startup.VersionLoggerListener.log Command line argument: -Djava.util.logging.manager=org.apache.juli.ClassLoaderLogManager
14-Oct-2025 11:31:17.522 INFO [main] org.apache.catalina.startup.VersionLoggerListener.log Command line argument: -Djdk.tls.ephemeralDHKeySize=2048
14-Oct-2025 11:31:17.522 INFO [main] org.apache.catalina.startup.VersionLoggerListener.log Command line argument: -Djava.protocol.handler.pkgs=org.apache.catalina.webresources
14-Oct-2025 11:31:17.523 INFO [main] org.apache.catalina.startup.VersionLoggerListener.log Command line argument: -Dignore.endorsed.dirs=
14-Oct-2025 11:31:17.523 INFO [main] org.apache.catalina.startup.VersionLoggerListener.log Command line argument: -Dcatalina.base=C:\Users\sande\Desktop\Vehicle-Management-System-Java-Servlet-main\apache-tomcat-9.0.93
14-Oct-2025 11:31:17.523 INFO [main] org.apache.catalina.startup.VersionLoggerListener.log Command line argument: -Dcatalina.home=C:\Users\sande\Desktop\Vehicle-Management-System-Java-Servlet-main\apache-tomcat-9.0.93
14-Oct-2025 11:31:17.524 INFO [main] org.apache.catalina.startup.VersionLoggerListener.log Command line argument: -Djava.io.tmpdir=C:\Users\sande\Desktop\Vehicle-Management-System-Java-Servlet-main\apache-tomcat-9.0.93\temp
14-Oct-2025 11:31:17.531 INFO [main] org.apache.catalina.core.AprLifecycleListener.lifecycleEvent Loaded Apache Tomcat Native library [1.3.1] using APR version [1.7.4].
14-Oct-2025 11:31:17.531 INFO [main] org.apache.catalina.core.AprLifecycleListener.lifecycleEvent APR capabilities: IPv6 [true], sendfile [true], accept filters [false], random [true], UDS [true].
14-Oct-2025 11:31:17.531 INFO [main] org.apache.catalina.core.AprLifecycleListener.lifecycleEvent APR/OpenSSL configuration: useAprConnector [false], useOpenSSL [true]
14-Oct-2025 11:31:17.545 INFO [main] org.apache.catalina.core.AprLifecycleListener.initializeSSL OpenSSL successfully initialized [OpenSSL 3.0.14 4 Jun 2024]
14-Oct-2025 11:31:18.058 INFO [main] org.apache.coyote.AbstractProtocol.init Initializing ProtocolHandler ["http-nio-8080"]
14-Oct-2025 11:31:18.107 INFO [main] org.apache.catalina.startup.Catalina.load Server initialization in [1006] milliseconds
14-Oct-2025 11:31:18.200 INFO [main] org.apache.catalina.core.StandardService.startInternal Starting service [Catalina]
14-Oct-2025 11:31:18.201 INFO [main] org.apache.catalina.core.StandardEngine.startInternal Starting Servlet engine: [Apache Tomcat/9.0.93]
14-Oct-2025 11:31:18.247 INFO [main] org.apache.catalina.startup.HostConfig.deployWAR Deploying web application archive [C:\Users\sande\Desktop\Vehicle-Management-System-Java-Servlet-main\apache-tomcat-9.0.93\webapps\Vehicle.war]
14-Oct-2025 11:31:20.448 INFO [main] org.apache.jasper.servlet.TldScanner.scanJars At least one JAR was scanned for TLDs yet contained no TLDs. Enable debug logging for this logger for a complete list of JARs that were scanned but no TLDs were found in them. Skipping unneeded JARs during scanning can improve startup time and JSP compilation time.
14-Oct-2025 11:31:20.594 INFO [main] org.apache.catalina.startup.HostConfig.deployWAR Deployment of web application archive [C:\Users\sande\Desktop\Vehicle-Management-System-Java-Servlet-main\apache-tomcat-9.0.93\webapps\Vehicle.war] has finished in [2,346] ms
14-Oct-2025 11:31:20.595 INFO [main] org.apache.catalina.startup.HostConfig.deployDirectory Deploying web application directory [C:\Users\sande\Desktop\Vehicle-Management-System-Java-Servlet-main\apache-tomcat-9.0.93\webapps\docs]
14-Oct-2025 11:31:20.710 INFO [main] org.apache.jasper.servlet.TldScanner.scanJars At least one JAR was scanned for TLDs yet contained no TLDs. Enable debug logging for this logger for a complete list of JARs that were scanned but no TLDs were found in them. Skipping unneeded JARs during scanning can improve startup time and JSP compilation time.
14-Oct-2025 11:31:20.720 INFO [main] org.apache.catalina.startup.HostConfig.deployDirectory Deployment of web application directory [C:\Users\sande\Desktop\Vehicle-Management-System-Java-Servlet-main\apache-tomcat-9.0.93\webapps\docs] has finished in [124] ms
14-Oct-2025 11:31:20.721 INFO [main] org.apache.catalina.startup.HostConfig.deployDirectory Deploying web application directory [C:\Users\sande\Desktop\Vehicle-Management-System-Java-Servlet-main\apache-tomcat-9.0.93\webapps\examples]
14-Oct-2025 11:31:21.684 INFO [main] org.apache.jasper.servlet.TldScanner.scanJars At least one JAR was scanned for TLDs yet contained no TLDs. Enable debug logging for this logger for a complete list of JARs that were scanned but no TLDs were found in them. Skipping unneeded JARs during scanning can improve startup time and JSP compilation time.
14-Oct-2025 11:31:21.828 INFO [main] org.apache.catalina.startup.HostConfig.deployDirectory Deployment of web application directory [C:\Users\sande\Desktop\Vehicle-Management-System-Java-Servlet-main\apache-tomcat-9.0.93\webapps\examples] has finished in [1,107] ms
14-Oct-2025 11:31:21.829 INFO [main] org.apache.catalina.startup.HostConfig.deployDirectory Deploying web application directory [C:\Users\sande\Desktop\Vehicle-Management-System-Java-Servlet-main\apache-tomcat-9.0.93\webapps\host-manager]
14-Oct-2025 11:31:21.954 INFO [main] org.apache.jasper.servlet.TldScanner.scanJars At least one JAR was scanned for TLDs yet contained no TLDs. Enable debug logging for this logger for a complete list of JARs that were scanned but no TLDs were found in them. Skipping unneeded JARs during scanning can improve startup time and JSP compilation time.
14-Oct-2025 11:31:21.971 INFO [main] org.apache.catalina.startup.HostConfig.deployDirectory Deployment of web application directory [C:\Users\sande\Desktop\Vehicle-Management-System-Java-Servlet-main\apache-tomcat-9.0.93\webapps\host-manager] has finished in [142] ms
14-Oct-2025 11:31:21.972 INFO [main] org.apache.catalina.startup.HostConfig.deployDirectory Deploying web application directory [C:\Users\sande\Desktop\Vehicle-Management-System-Java-Servlet-main\apache-tomcat-9.0.93\webapps\manager]
14-Oct-2025 11:31:22.178 INFO [main] org.apache.jasper.servlet.TldScanner.scanJars At least one JAR was scanned for TLDs yet contained no TLDs. Enable debug logging for this logger for a complete list of JARs that were scanned but no TLDs were found in them. Skipping unneeded JARs during scanning can improve startup time and JSP compilation time.
14-Oct-2025 11:31:22.186 INFO [main] org.apache.catalina.startup.HostConfig.deployDirectory Deployment of web application directory [C:\Users\sande\Desktop\Vehicle-Management-System-Java-Servlet-main\apache-tomcat-9.0.93\webapps\manager] has finished in [213] ms
14-Oct-2025 11:31:22.186 INFO [main] org.apache.catalina.startup.HostConfig.deployDirectory Deploying web application directory [C:\Users\sande\Desktop\Vehicle-Management-System-Java-Servlet-main\apache-tomcat-9.0.93\webapps\ROOT]
14-Oct-2025 11:31:22.275 INFO [main] org.apache.jasper.servlet.TldScanner.scanJars At least one JAR was scanned for TLDs yet contained no TLDs. Enable debug logging for this logger for a complete list of JARs that were scanned but no TLDs were found in them. Skipping unneeded JARs during scanning can improve startup time and JSP compilation time.
14-Oct-2025 11:31:22.282 INFO [main] org.apache.catalina.startup.HostConfig.deployDirectory Deployment of web application directory [C:\Users\sande\Desktop\Vehicle-Management-System-Java-Servlet-main\apache-tomcat-9.0.93\webapps\ROOT] has finished in [96] ms
14-Oct-2025 11:31:22.291 INFO [main] org.apache.coyote.AbstractProtocol.start Starting ProtocolHandler ["http-nio-8080"]
14-Oct-2025 11:31:22.378 INFO [main] org.apache.catalina.startup.Catalina.start Server startup in [4270] milliseconds
14-Oct-2025 11:34:32.651 INFO [main] org.apache.catalina.core.StandardServer.await A valid shutdown command was received via the shutdown port. Stopping the Server instance.
14-Oct-2025 11:34:32.652 INFO [main] org.apache.coyote.AbstractProtocol.pause Pausing ProtocolHandler ["http-nio-8080"]
14-Oct-2025 11:34:32.960 INFO [main] org.apache.catalina.core.StandardService.stopInternal Stopping service [Catalina]
14-Oct-2025 11:34:33.016 WARNING [main] org.apache.catalina.loader.WebappClassLoaderBase.clearReferencesJdbc The web application [Vehicle] registered the JDBC driver [com.mysql.cj.jdbc.Driver] but failed to unregister it when the web application was stopped. To prevent a memory leak, the JDBC Driver has been forcibly unregistered.
14-Oct-2025 11:34:33.018 WARNING [main] org.apache.catalina.loader.WebappClassLoaderBase.clearReferencesThreads The web application [Vehicle] appears to have started a thread named [mysql-cj-abandoned-connection-cleanup] but has failed to stop it. This is very likely to create a memory leak. Stack trace of thread:
 java.base@17.0.12/java.lang.Object.wait(Native Method)
 java.base@17.0.12/java.lang.ref.ReferenceQueue.remove(ReferenceQueue.java:155)
 com.mysql.cj.jdbc.AbandonedConnectionCleanupThread.run(AbandonedConnectionCleanupThread.java:91)
 java.base@17.0.12/java.util.concurrent.ThreadPoolExecutor.runWorker(ThreadPoolExecutor.java:1136)
 java.base@17.0.12/java.util.concurrent.ThreadPoolExecutor$Worker.run(ThreadPoolExecutor.java:635)
 java.base@17.0.12/java.lang.Thread.run(Thread.java:842)
14-Oct-2025 11:34:33.027 INFO [main] org.apache.coyote.AbstractProtocol.stop Stopping ProtocolHandler ["http-nio-8080"]
14-Oct-2025 11:34:33.043 INFO [main] org.apache.coyote.AbstractProtocol.destroy Destroying ProtocolHandler ["http-nio-8080"]
14-Oct-2025 11:34:35.228 INFO [main] org.apache.catalina.startup.VersionLoggerListener.log Server version name:   Apache Tomcat/9.0.93
14-Oct-2025 11:34:35.235 INFO [main] org.apache.catalina.startup.VersionLoggerListener.log Server built:          Aug 2 2024 21:24:59 UTC
14-Oct-2025 11:34:35.236 INFO [main] org.apache.catalina.startup.VersionLoggerListener.log Server version number: 9.0.93.0
14-Oct-2025 11:34:35.236 INFO [main] org.apache.catalina.startup.VersionLoggerListener.log OS Name:               Windows 11
14-Oct-2025 11:34:35.236 INFO [main] org.apache.catalina.startup.VersionLoggerListener.log OS Version:            10.0
14-Oct-2025 11:34:35.238 INFO [main] org.apache.catalina.startup.VersionLoggerListener.log Architecture:          amd64
14-Oct-2025 11:34:35.238 INFO [main] org.apache.catalina.startup.VersionLoggerListener.log Java Home:             C:\Program Files\Java\jdk-17
14-Oct-2025 11:34:35.238 INFO [main] org.apache.catalina.startup.VersionLoggerListener.log JVM Version:           17.0.12+8-LTS-286
14-Oct-2025 11:34:35.239 INFO [main] org.apache.catalina.startup.VersionLoggerListener.log JVM Vendor:            Oracle Corporation
14-Oct-2025 11:34:35.239 INFO [main] org.apache.catalina.startup.VersionLoggerListener.log CATALINA_BASE:         C:\Users\sande\Desktop\Vehicle-Management-System-Java-Servlet-main\apache-tomcat-9.0.93
14-Oct-2025 11:34:35.240 INFO [main] org.apache.catalina.startup.VersionLoggerListener.log CATALINA_HOME:         C:\Users\sande\Desktop\Vehicle-Management-System-Java-Servlet-main\apache-tomcat-9.0.93
14-Oct-2025 11:34:35.261 INFO [main] org.apache.catalina.startup.VersionLoggerListener.log Command line argument: --add-opens=java.base/java.lang=ALL-UNNAMED
14-Oct-2025 11:34:35.261 INFO [main] org.apache.catalina.startup.VersionLoggerListener.log Command line argument: --add-opens=java.base/java.io=ALL-UNNAMED
14-Oct-2025 11:34:35.262 INFO [main] org.apache.catalina.startup.VersionLoggerListener.log Command line argument: --add-opens=java.base/java.util=ALL-UNNAMED
14-Oct-2025 11:34:35.262 INFO [main] org.apache.catalina.startup.VersionLoggerListener.log Command line argument: --add-opens=java.base/java.util.concurrent=ALL-UNNAMED
14-Oct-2025 11:34:35.262 INFO [main] org.apache.catalina.startup.VersionLoggerListener.log Command line argument: --add-opens=java.rmi/sun.rmi.transport=ALL-UNNAMED
14-Oct-2025 11:34:35.263 INFO [main] org.apache.catalina.startup.VersionLoggerListener.log Command line argument: -Djava.util.logging.config.file=C:\Users\sande\Desktop\Vehicle-Management-System-Java-Servlet-main\apache-tomcat-9.0.93\conf\logging.properties
14-Oct-2025 11:34:35.263 INFO [main] org.apache.catalina.startup.VersionLoggerListener.log Command line argument: -Djava.util.logging.manager=org.apache.juli.ClassLoaderLogManager
14-Oct-2025 11:34:35.263 INFO [main] org.apache.catalina.startup.VersionLoggerListener.log Command line argument: -Djdk.tls.ephemeralDHKeySize=2048
14-Oct-2025 11:34:35.265 INFO [main] org.apache.catalina.startup.VersionLoggerListener.log Command line argument: -Djava.protocol.handler.pkgs=org.apache.catalina.webresources
14-Oct-2025 11:34:35.265 INFO [main] org.apache.catalina.startup.VersionLoggerListener.log Command line argument: -Dignore.endorsed.dirs=
14-Oct-2025 11:34:35.265 INFO [main] org.apache.catalina.startup.VersionLoggerListener.log Command line argument: -Dcatalina.base=C:\Users\sande\Desktop\Vehicle-Management-System-Java-Servlet-main\apache-tomcat-9.0.93
14-Oct-2025 11:34:35.266 INFO [main] org.apache.catalina.startup.VersionLoggerListener.log Command line argument: -Dcatalina.home=C:\Users\sande\Desktop\Vehicle-Management-System-Java-Servlet-main\apache-tomcat-9.0.93
14-Oct-2025 11:34:35.266 INFO [main] org.apache.catalina.startup.VersionLoggerListener.log Command line argument: -Djava.io.tmpdir=C:\Users\sande\Desktop\Vehicle-Management-System-Java-Servlet-main\apache-tomcat-9.0.93\temp
14-Oct-2025 11:34:35.273 INFO [main] org.apache.catalina.core.AprLifecycleListener.lifecycleEvent Loaded Apache Tomcat Native library [1.3.1] using APR version [1.7.4].
14-Oct-2025 11:34:35.273 INFO [main] org.apache.catalina.core.AprLifecycleListener.lifecycleEvent APR capabilities: IPv6 [true], sendfile [true], accept filters [false], random [true], UDS [true].
14-Oct-2025 11:34:35.274 INFO [main] org.apache.catalina.core.AprLifecycleListener.lifecycleEvent APR/OpenSSL configuration: useAprConnector [false], useOpenSSL [true]
14-Oct-2025 11:34:35.286 INFO [main] org.apache.catalina.core.AprLifecycleListener.initializeSSL OpenSSL successfully initialized [OpenSSL 3.0.14 4 Jun 2024]
14-Oct-2025 11:34:35.791 INFO [main] org.apache.coyote.AbstractProtocol.init Initializing ProtocolHandler ["http-nio-8080"]
14-Oct-2025 11:34:35.844 INFO [main] org.apache.catalina.startup.Catalina.load Server initialization in [983] milliseconds
14-Oct-2025 11:34:35.931 INFO [main] org.apache.catalina.core.StandardService.startInternal Starting service [Catalina]
14-Oct-2025 11:34:35.931 INFO [main] org.apache.catalina.core.StandardEngine.startInternal Starting Servlet engine: [Apache Tomcat/9.0.93]
14-Oct-2025 11:34:35.966 INFO [main] org.apache.catalina.startup.HostConfig.deployWAR Deploying web application archive [C:\Users\sande\Desktop\Vehicle-Management-System-Java-Servlet-main\apache-tomcat-9.0.93\webapps\Vehicle.war]
14-Oct-2025 11:34:38.141 INFO [main] org.apache.jasper.servlet.TldScanner.scanJars At least one JAR was scanned for TLDs yet contained no TLDs. Enable debug logging for this logger for a complete list of JARs that were scanned but no TLDs were found in them. Skipping unneeded JARs during scanning can improve startup time and JSP compilation time.
14-Oct-2025 11:34:38.317 INFO [main] org.apache.catalina.startup.HostConfig.deployWAR Deployment of web application archive [C:\Users\sande\Desktop\Vehicle-Management-System-Java-Servlet-main\apache-tomcat-9.0.93\webapps\Vehicle.war] has finished in [2,350] ms
14-Oct-2025 11:34:38.319 INFO [main] org.apache.catalina.startup.HostConfig.deployDirectory Deploying web application directory [C:\Users\sande\Desktop\Vehicle-Management-System-Java-Servlet-main\apache-tomcat-9.0.93\webapps\docs]
14-Oct-2025 11:34:38.443 INFO [main] org.apache.jasper.servlet.TldScanner.scanJars At least one JAR was scanned for TLDs yet contained no TLDs. Enable debug logging for this logger for a complete list of JARs that were scanned but no TLDs were found in them. Skipping unneeded JARs during scanning can improve startup time and JSP compilation time.
14-Oct-2025 11:34:38.453 INFO [main] org.apache.catalina.startup.HostConfig.deployDirectory Deployment of web application directory [C:\Users\sande\Desktop\Vehicle-Management-System-Java-Servlet-main\apache-tomcat-9.0.93\webapps\docs] has finished in [135] ms
14-Oct-2025 11:34:38.454 INFO [main] org.apache.catalina.startup.HostConfig.deployDirectory Deploying web application directory [C:\Users\sande\Desktop\Vehicle-Management-System-Java-Servlet-main\apache-tomcat-9.0.93\webapps\examples]
14-Oct-2025 11:34:39.407 INFO [main] org.apache.jasper.servlet.TldScanner.scanJars At least one JAR was scanned for TLDs yet contained no TLDs. Enable debug logging for this logger for a complete list of JARs that were scanned but no TLDs were found in them. Skipping unneeded JARs during scanning can improve startup time and JSP compilation time.
14-Oct-2025 11:34:39.560 INFO [main] org.apache.catalina.startup.HostConfig.deployDirectory Deployment of web application directory [C:\Users\sande\Desktop\Vehicle-Management-System-Java-Servlet-main\apache-tomcat-9.0.93\webapps\examples] has finished in [1,106] ms
14-Oct-2025 11:34:39.561 INFO [main] org.apache.catalina.startup.HostConfig.deployDirectory Deploying web application directory [C:\Users\sande\Desktop\Vehicle-Management-System-Java-Servlet-main\apache-tomcat-9.0.93\webapps\host-manager]
14-Oct-2025 11:34:39.682 INFO [main] org.apache.jasper.servlet.TldScanner.scanJars At least one JAR was scanned for TLDs yet contained no TLDs. Enable debug logging for this logger for a complete list of JARs that were scanned but no TLDs were found in them. Skipping unneeded JARs during scanning can improve startup time and JSP compilation time.
14-Oct-2025 11:34:39.698 INFO [main] org.apache.catalina.startup.HostConfig.deployDirectory Deployment of web application directory [C:\Users\sande\Desktop\Vehicle-Management-System-Java-Servlet-main\apache-tomcat-9.0.93\webapps\host-manager] has finished in [137] ms
14-Oct-2025 11:34:39.699 INFO [main] org.apache.catalina.startup.HostConfig.deployDirectory Deploying web application directory [C:\Users\sande\Desktop\Vehicle-Management-System-Java-Servlet-main\apache-tomcat-9.0.93\webapps\manager]
14-Oct-2025 11:34:39.825 INFO [main] org.apache.jasper.servlet.TldScanner.scanJars At least one JAR was scanned for TLDs yet contained no TLDs. Enable debug logging for this logger for a complete list of JARs that were scanned but no TLDs were found in them. Skipping unneeded JARs during scanning can improve startup time and JSP compilation time.
14-Oct-2025 11:34:39.832 INFO [main] org.apache.catalina.startup.HostConfig.deployDirectory Deployment of web application directory [C:\Users\sande\Desktop\Vehicle-Management-System-Java-Servlet-main\apache-tomcat-9.0.93\webapps\manager] has finished in [133] ms
14-Oct-2025 11:34:39.833 INFO [main] org.apache.catalina.startup.HostConfig.deployDirectory Deploying web application directory [C:\Users\sande\Desktop\Vehicle-Management-System-Java-Servlet-main\apache-tomcat-9.0.93\webapps\ROOT]
14-Oct-2025 11:34:39.929 INFO [main] org.apache.jasper.servlet.TldScanner.scanJars At least one JAR was scanned for TLDs yet contained no TLDs. Enable debug logging for this logger for a complete list of JARs that were scanned but no TLDs were found in them. Skipping unneeded JARs during scanning can improve startup time and JSP compilation time.
14-Oct-2025 11:34:39.936 INFO [main] org.apache.catalina.startup.HostConfig.deployDirectory Deployment of web application directory [C:\Users\sande\Desktop\Vehicle-Management-System-Java-Servlet-main\apache-tomcat-9.0.93\webapps\ROOT] has finished in [103] ms
14-Oct-2025 11:34:39.945 INFO [main] org.apache.coyote.AbstractProtocol.start Starting ProtocolHandler ["http-nio-8080"]
14-Oct-2025 11:34:40.037 INFO [main] org.apache.catalina.startup.Catalina.start Server startup in [4192] milliseconds
14-Oct-2025 11:43:10.592 INFO [main] org.apache.catalina.core.StandardServer.await A valid shutdown command was received via the shutdown port. Stopping the Server instance.
14-Oct-2025 11:43:10.593 INFO [main] org.apache.coyote.AbstractProtocol.pause Pausing ProtocolHandler ["http-nio-8080"]
14-Oct-2025 11:43:10.896 INFO [main] org.apache.catalina.core.StandardService.stopInternal Stopping service [Catalina]
14-Oct-2025 11:43:10.959 WARNING [main] org.apache.catalina.loader.WebappClassLoaderBase.clearReferencesJdbc The web application [Vehicle] registered the JDBC driver [com.mysql.cj.jdbc.Driver] but failed to unregister it when the web application was stopped. To prevent a memory leak, the JDBC Driver has been forcibly unregistered.
14-Oct-2025 11:43:10.960 WARNING [main] org.apache.catalina.loader.WebappClassLoaderBase.clearReferencesThreads The web application [Vehicle] appears to have started a thread named [mysql-cj-abandoned-connection-cleanup] but has failed to stop it. This is very likely to create a memory leak. Stack trace of thread:
 java.base@17.0.12/java.lang.Object.wait(Native Method)
 java.base@17.0.12/java.lang.ref.ReferenceQueue.remove(ReferenceQueue.java:155)
 com.mysql.cj.jdbc.AbandonedConnectionCleanupThread.run(AbandonedConnectionCleanupThread.java:91)
 java.base@17.0.12/java.util.concurrent.ThreadPoolExecutor.runWorker(ThreadPoolExecutor.java:1136)
 java.base@17.0.12/java.util.concurrent.ThreadPoolExecutor$Worker.run(ThreadPoolExecutor.java:635)
 java.base@17.0.12/java.lang.Thread.run(Thread.java:842)
14-Oct-2025 11:43:10.968 INFO [main] org.apache.coyote.AbstractProtocol.stop Stopping ProtocolHandler ["http-nio-8080"]
14-Oct-2025 11:43:10.984 INFO [main] org.apache.coyote.AbstractProtocol.destroy Destroying ProtocolHandler ["http-nio-8080"]
14-Oct-2025 11:43:13.175 INFO [main] org.apache.catalina.startup.VersionLoggerListener.log Server version name:   Apache Tomcat/9.0.93
14-Oct-2025 11:43:13.182 INFO [main] org.apache.catalina.startup.VersionLoggerListener.log Server built:          Aug 2 2024 21:24:59 UTC
14-Oct-2025 11:43:13.182 INFO [main] org.apache.catalina.startup.VersionLoggerListener.log Server version number: 9.0.93.0
14-Oct-2025 11:43:13.183 INFO [main] org.apache.catalina.startup.VersionLoggerListener.log OS Name:               Windows 11
14-Oct-2025 11:43:13.183 INFO [main] org.apache.catalina.startup.VersionLoggerListener.log OS Version:            10.0
14-Oct-2025 11:43:13.183 INFO [main] org.apache.catalina.startup.VersionLoggerListener.log Architecture:          amd64
14-Oct-2025 11:43:13.184 INFO [main] org.apache.catalina.startup.VersionLoggerListener.log Java Home:             C:\Program Files\Java\jdk-17
14-Oct-2025 11:43:13.184 INFO [main] org.apache.catalina.startup.VersionLoggerListener.log JVM Version:           17.0.12+8-LTS-286
14-Oct-2025 11:43:13.184 INFO [main] org.apache.catalina.startup.VersionLoggerListener.log JVM Vendor:            Oracle Corporation
14-Oct-2025 11:43:13.185 INFO [main] org.apache.catalina.startup.VersionLoggerListener.log CATALINA_BASE:         C:\Users\sande\Desktop\Vehicle-Management-System-Java-Servlet-main\apache-tomcat-9.0.93
14-Oct-2025 11:43:13.185 INFO [main] org.apache.catalina.startup.VersionLoggerListener.log CATALINA_HOME:         C:\Users\sande\Desktop\Vehicle-Management-System-Java-Servlet-main\apache-tomcat-9.0.93
14-Oct-2025 11:43:13.207 INFO [main] org.apache.catalina.startup.VersionLoggerListener.log Command line argument: --add-opens=java.base/java.lang=ALL-UNNAMED
14-Oct-2025 11:43:13.208 INFO [main] org.apache.catalina.startup.VersionLoggerListener.log Command line argument: --add-opens=java.base/java.io=ALL-UNNAMED
14-Oct-2025 11:43:13.208 INFO [main] org.apache.catalina.startup.VersionLoggerListener.log Command line argument: --add-opens=java.base/java.util=ALL-UNNAMED
14-Oct-2025 11:43:13.209 INFO [main] org.apache.catalina.startup.VersionLoggerListener.log Command line argument: --add-opens=java.base/java.util.concurrent=ALL-UNNAMED
14-Oct-2025 11:43:13.209 INFO [main] org.apache.catalina.startup.VersionLoggerListener.log Command line argument: --add-opens=java.rmi/sun.rmi.transport=ALL-UNNAMED
14-Oct-2025 11:43:13.209 INFO [main] org.apache.catalina.startup.VersionLoggerListener.log Command line argument: -Djava.util.logging.config.file=C:\Users\sande\Desktop\Vehicle-Management-System-Java-Servlet-main\apache-tomcat-9.0.93\conf\logging.properties
14-Oct-2025 11:43:13.210 INFO [main] org.apache.catalina.startup.VersionLoggerListener.log Command line argument: -Djava.util.logging.manager=org.apache.juli.ClassLoaderLogManager
14-Oct-2025 11:43:13.211 INFO [main] org.apache.catalina.startup.VersionLoggerListener.log Command line argument: -Djdk.tls.ephemeralDHKeySize=2048
14-Oct-2025 11:43:13.211 INFO [main] org.apache.catalina.startup.VersionLoggerListener.log Command line argument: -Djava.protocol.handler.pkgs=org.apache.catalina.webresources
14-Oct-2025 11:43:13.211 INFO [main] org.apache.catalina.startup.VersionLoggerListener.log Command line argument: -Dignore.endorsed.dirs=
14-Oct-2025 11:43:13.212 INFO [main] org.apache.catalina.startup.VersionLoggerListener.log Command line argument: -Dcatalina.base=C:\Users\sande\Desktop\Vehicle-Management-System-Java-Servlet-main\apache-tomcat-9.0.93
14-Oct-2025 11:43:13.212 INFO [main] org.apache.catalina.startup.VersionLoggerListener.log Command line argument: -Dcatalina.home=C:\Users\sande\Desktop\Vehicle-Management-System-Java-Servlet-main\apache-tomcat-9.0.93
14-Oct-2025 11:43:13.212 INFO [main] org.apache.catalina.startup.VersionLoggerListener.log Command line argument: -Djava.io.tmpdir=C:\Users\sande\Desktop\Vehicle-Management-System-Java-Servlet-main\apache-tomcat-9.0.93\temp
14-Oct-2025 11:43:13.219 INFO [main] org.apache.catalina.core.AprLifecycleListener.lifecycleEvent Loaded Apache Tomcat Native library [1.3.1] using APR version [1.7.4].
14-Oct-2025 11:43:13.219 INFO [main] org.apache.catalina.core.AprLifecycleListener.lifecycleEvent APR capabilities: IPv6 [true], sendfile [true], accept filters [false], random [true], UDS [true].
14-Oct-2025 11:43:13.220 INFO [main] org.apache.catalina.core.AprLifecycleListener.lifecycleEvent APR/OpenSSL configuration: useAprConnector [false], useOpenSSL [true]
14-Oct-2025 11:43:13.232 INFO [main] org.apache.catalina.core.AprLifecycleListener.initializeSSL OpenSSL successfully initialized [OpenSSL 3.0.14 4 Jun 2024]
14-Oct-2025 11:43:13.746 INFO [main] org.apache.coyote.AbstractProtocol.init Initializing ProtocolHandler ["http-nio-8080"]
14-Oct-2025 11:43:13.799 INFO [main] org.apache.catalina.startup.Catalina.load Server initialization in [976] milliseconds
14-Oct-2025 11:43:13.912 INFO [main] org.apache.catalina.core.StandardService.startInternal Starting service [Catalina]
14-Oct-2025 11:43:13.913 INFO [main] org.apache.catalina.core.StandardEngine.startInternal Starting Servlet engine: [Apache Tomcat/9.0.93]
14-Oct-2025 11:43:13.949 INFO [main] org.apache.catalina.startup.HostConfig.deployWAR Deploying web application archive [C:\Users\sande\Desktop\Vehicle-Management-System-Java-Servlet-main\apache-tomcat-9.0.93\webapps\Vehicle.war]
14-Oct-2025 11:43:16.149 INFO [main] org.apache.jasper.servlet.TldScanner.scanJars At least one JAR was scanned for TLDs yet contained no TLDs. Enable debug logging for this logger for a complete list of JARs that were scanned but no TLDs were found in them. Skipping unneeded JARs during scanning can improve startup time and JSP compilation time.
14-Oct-2025 11:43:16.330 INFO [main] org.apache.catalina.startup.HostConfig.deployWAR Deployment of web application archive [C:\Users\sande\Desktop\Vehicle-Management-System-Java-Servlet-main\apache-tomcat-9.0.93\webapps\Vehicle.war] has finished in [2,382] ms
14-Oct-2025 11:43:16.332 INFO [main] org.apache.catalina.startup.HostConfig.deployDirectory Deploying web application directory [C:\Users\sande\Desktop\Vehicle-Management-System-Java-Servlet-main\apache-tomcat-9.0.93\webapps\docs]
14-Oct-2025 11:43:16.445 INFO [main] org.apache.jasper.servlet.TldScanner.scanJars At least one JAR was scanned for TLDs yet contained no TLDs. Enable debug logging for this logger for a complete list of JARs that were scanned but no TLDs were found in them. Skipping unneeded JARs during scanning can improve startup time and JSP compilation time.
14-Oct-2025 11:43:16.453 INFO [main] org.apache.catalina.startup.HostConfig.deployDirectory Deployment of web application directory [C:\Users\sande\Desktop\Vehicle-Management-System-Java-Servlet-main\apache-tomcat-9.0.93\webapps\docs] has finished in [121] ms
14-Oct-2025 11:43:16.454 INFO [main] org.apache.catalina.startup.HostConfig.deployDirectory Deploying web application directory [C:\Users\sande\Desktop\Vehicle-Management-System-Java-Servlet-main\apache-tomcat-9.0.93\webapps\examples]
14-Oct-2025 11:43:17.081 INFO [main] org.apache.jasper.servlet.TldScanner.scanJars At least one JAR was scanned for TLDs yet contained no TLDs. Enable debug logging for this logger for a complete list of JARs that were scanned but no TLDs were found in them. Skipping unneeded JARs during scanning can improve startup time and JSP compilation time.
14-Oct-2025 11:43:17.173 INFO [main] org.apache.catalina.startup.HostConfig.deployDirectory Deployment of web application directory [C:\Users\sande\Desktop\Vehicle-Management-System-Java-Servlet-main\apache-tomcat-9.0.93\webapps\examples] has finished in [719] ms
14-Oct-2025 11:43:17.174 INFO [main] org.apache.catalina.startup.HostConfig.deployDirectory Deploying web application directory [C:\Users\sande\Desktop\Vehicle-Management-System-Java-Servlet-main\apache-tomcat-9.0.93\webapps\host-manager]
14-Oct-2025 11:43:17.243 INFO [main] org.apache.jasper.servlet.TldScanner.scanJars At least one JAR was scanned for TLDs yet contained no TLDs. Enable debug logging for this logger for a complete list of JARs that were scanned but no TLDs were found in them. Skipping unneeded JARs during scanning can improve startup time and JSP compilation time.
14-Oct-2025 11:43:17.253 INFO [main] org.apache.catalina.startup.HostConfig.deployDirectory Deployment of web application directory [C:\Users\sande\Desktop\Vehicle-Management-System-Java-Servlet-main\apache-tomcat-9.0.93\webapps\host-manager] has finished in [78] ms
14-Oct-2025 11:43:17.253 INFO [main] org.apache.catalina.startup.HostConfig.deployDirectory Deploying web application directory [C:\Users\sande\Desktop\Vehicle-Management-System-Java-Servlet-main\apache-tomcat-9.0.93\webapps\manager]
14-Oct-2025 11:43:17.335 INFO [main] org.apache.jasper.servlet.TldScanner.scanJars At least one JAR was scanned for TLDs yet contained no TLDs. Enable debug logging for this logger for a complete list of JARs that were scanned but no TLDs were found in them. Skipping unneeded JARs during scanning can improve startup time and JSP compilation time.
14-Oct-2025 11:43:17.340 INFO [main] org.apache.catalina.startup.HostConfig.deployDirectory Deployment of web application directory [C:\Users\sande\Desktop\Vehicle-Management-System-Java-Servlet-main\apache-tomcat-9.0.93\webapps\manager] has finished in [86] ms
14-Oct-2025 11:43:17.341 INFO [main] org.apache.catalina.startup.HostConfig.deployDirectory Deploying web application directory [C:\Users\sande\Desktop\Vehicle-Management-System-Java-Servlet-main\apache-tomcat-9.0.93\webapps\ROOT]
14-Oct-2025 11:43:17.394 INFO [main] org.apache.jasper.servlet.TldScanner.scanJars At least one JAR was scanned for TLDs yet contained no TLDs. Enable debug logging for this logger for a complete list of JARs that were scanned but no TLDs were found in them. Skipping unneeded JARs during scanning can improve startup time and JSP compilation time.
14-Oct-2025 11:43:17.398 INFO [main] org.apache.catalina.startup.HostConfig.deployDirectory Deployment of web application directory [C:\Users\sande\Desktop\Vehicle-Management-System-Java-Servlet-main\apache-tomcat-9.0.93\webapps\ROOT] has finished in [57] ms
14-Oct-2025 11:43:17.403 INFO [main] org.apache.coyote.AbstractProtocol.start Starting ProtocolHandler ["http-nio-8080"]
14-Oct-2025 11:43:17.455 INFO [main] org.apache.catalina.startup.Catalina.start Server startup in [3656] milliseconds
14-Oct-2025 11:47:21.149 INFO [main] org.apache.catalina.core.StandardServer.await A valid shutdown command was received via the shutdown port. Stopping the Server instance.
14-Oct-2025 11:47:21.150 INFO [main] org.apache.coyote.AbstractProtocol.pause Pausing ProtocolHandler ["http-nio-8080"]
14-Oct-2025 11:47:21.457 INFO [main] org.apache.catalina.core.StandardService.stopInternal Stopping service [Catalina]
14-Oct-2025 11:47:21.499 INFO [main] org.apache.coyote.AbstractProtocol.stop Stopping ProtocolHandler ["http-nio-8080"]
14-Oct-2025 11:47:21.517 INFO [main] org.apache.coyote.AbstractProtocol.destroy Destroying ProtocolHandler ["http-nio-8080"]
14-Oct-2025 11:47:23.763 INFO [main] org.apache.catalina.startup.VersionLoggerListener.log Server version name:   Apache Tomcat/9.0.93
14-Oct-2025 11:47:23.770 INFO [main] org.apache.catalina.startup.VersionLoggerListener.log Server built:          Aug 2 2024 21:24:59 UTC
14-Oct-2025 11:47:23.771 INFO [main] org.apache.catalina.startup.VersionLoggerListener.log Server version number: 9.0.93.0
14-Oct-2025 11:47:23.771 INFO [main] org.apache.catalina.startup.VersionLoggerListener.log OS Name:               Windows 11
14-Oct-2025 11:47:23.771 INFO [main] org.apache.catalina.startup.VersionLoggerListener.log OS Version:            10.0
14-Oct-2025 11:47:23.772 INFO [main] org.apache.catalina.startup.VersionLoggerListener.log Architecture:          amd64
14-Oct-2025 11:47:23.772 INFO [main] org.apache.catalina.startup.VersionLoggerListener.log Java Home:             C:\Program Files\Java\jdk-17
14-Oct-2025 11:47:23.773 INFO [main] org.apache.catalina.startup.VersionLoggerListener.log JVM Version:           17.0.12+8-LTS-286
14-Oct-2025 11:47:23.773 INFO [main] org.apache.catalina.startup.VersionLoggerListener.log JVM Vendor:            Oracle Corporation
14-Oct-2025 11:47:23.773 INFO [main] org.apache.catalina.startup.VersionLoggerListener.log CATALINA_BASE:         C:\Users\sande\Desktop\Vehicle-Management-System-Java-Servlet-main\apache-tomcat-9.0.93
14-Oct-2025 11:47:23.774 INFO [main] org.apache.catalina.startup.VersionLoggerListener.log CATALINA_HOME:         C:\Users\sande\Desktop\Vehicle-Management-System-Java-Servlet-main\apache-tomcat-9.0.93
14-Oct-2025 11:47:23.793 INFO [main] org.apache.catalina.startup.VersionLoggerListener.log Command line argument: --add-opens=java.base/java.lang=ALL-UNNAMED
14-Oct-2025 11:47:23.795 INFO [main] org.apache.catalina.startup.VersionLoggerListener.log Command line argument: --add-opens=java.base/java.io=ALL-UNNAMED
14-Oct-2025 11:47:23.795 INFO [main] org.apache.catalina.startup.VersionLoggerListener.log Command line argument: --add-opens=java.base/java.util=ALL-UNNAMED
14-Oct-2025 11:47:23.796 INFO [main] org.apache.catalina.startup.VersionLoggerListener.log Command line argument: --add-opens=java.base/java.util.concurrent=ALL-UNNAMED
14-Oct-2025 11:47:23.796 INFO [main] org.apache.catalina.startup.VersionLoggerListener.log Command line argument: --add-opens=java.rmi/sun.rmi.transport=ALL-UNNAMED
14-Oct-2025 11:47:23.796 INFO [main] org.apache.catalina.startup.VersionLoggerListener.log Command line argument: -Djava.util.logging.config.file=C:\Users\sande\Desktop\Vehicle-Management-System-Java-Servlet-main\apache-tomcat-9.0.93\conf\logging.properties
14-Oct-2025 11:47:23.797 INFO [main] org.apache.catalina.startup.VersionLoggerListener.log Command line argument: -Djava.util.logging.manager=org.apache.juli.ClassLoaderLogManager
14-Oct-2025 11:47:23.797 INFO [main] org.apache.catalina.startup.VersionLoggerListener.log Command line argument: -Djdk.tls.ephemeralDHKeySize=2048
14-Oct-2025 11:47:23.797 INFO [main] org.apache.catalina.startup.VersionLoggerListener.log Command line argument: -Djava.protocol.handler.pkgs=org.apache.catalina.webresources
14-Oct-2025 11:47:23.798 INFO [main] org.apache.catalina.startup.VersionLoggerListener.log Command line argument: -Dignore.endorsed.dirs=
14-Oct-2025 11:47:23.800 INFO [main] org.apache.catalina.startup.VersionLoggerListener.log Command line argument: -Dcatalina.base=C:\Users\sande\Desktop\Vehicle-Management-System-Java-Servlet-main\apache-tomcat-9.0.93
14-Oct-2025 11:47:23.800 INFO [main] org.apache.catalina.startup.VersionLoggerListener.log Command line argument: -Dcatalina.home=C:\Users\sande\Desktop\Vehicle-Management-System-Java-Servlet-main\apache-tomcat-9.0.93
14-Oct-2025 11:47:23.800 INFO [main] org.apache.catalina.startup.VersionLoggerListener.log Command line argument: -Djava.io.tmpdir=C:\Users\sande\Desktop\Vehicle-Management-System-Java-Servlet-main\apache-tomcat-9.0.93\temp
14-Oct-2025 11:47:23.807 INFO [main] org.apache.catalina.core.AprLifecycleListener.lifecycleEvent Loaded Apache Tomcat Native library [1.3.1] using APR version [1.7.4].
14-Oct-2025 11:47:23.808 INFO [main] org.apache.catalina.core.AprLifecycleListener.lifecycleEvent APR capabilities: IPv6 [true], sendfile [true], accept filters [false], random [true], UDS [true].
14-Oct-2025 11:47:23.808 INFO [main] org.apache.catalina.core.AprLifecycleListener.lifecycleEvent APR/OpenSSL configuration: useAprConnector [false], useOpenSSL [true]
14-Oct-2025 11:47:23.820 INFO [main] org.apache.catalina.core.AprLifecycleListener.initializeSSL OpenSSL successfully initialized [OpenSSL 3.0.14 4 Jun 2024]
14-Oct-2025 11:47:24.331 INFO [main] org.apache.coyote.AbstractProtocol.init Initializing ProtocolHandler ["http-nio-8080"]
14-Oct-2025 11:47:24.377 INFO [main] org.apache.catalina.startup.Catalina.load Server initialization in [976] milliseconds
14-Oct-2025 11:47:24.471 INFO [main] org.apache.catalina.core.StandardService.startInternal Starting service [Catalina]
14-Oct-2025 11:47:24.472 INFO [main] org.apache.catalina.core.StandardEngine.startInternal Starting Servlet engine: [Apache Tomcat/9.0.93]
14-Oct-2025 11:47:24.506 INFO [main] org.apache.catalina.startup.HostConfig.deployWAR Deploying web application archive [C:\Users\sande\Desktop\Vehicle-Management-System-Java-Servlet-main\apache-tomcat-9.0.93\webapps\Vehicle.war]
14-Oct-2025 11:47:26.711 INFO [main] org.apache.jasper.servlet.TldScanner.scanJars At least one JAR was scanned for TLDs yet contained no TLDs. Enable debug logging for this logger for a complete list of JARs that were scanned but no TLDs were found in them. Skipping unneeded JARs during scanning can improve startup time and JSP compilation time.
14-Oct-2025 11:47:26.875 INFO [main] org.apache.catalina.startup.HostConfig.deployWAR Deployment of web application archive [C:\Users\sande\Desktop\Vehicle-Management-System-Java-Servlet-main\apache-tomcat-9.0.93\webapps\Vehicle.war] has finished in [2,369] ms
14-Oct-2025 11:47:26.876 INFO [main] org.apache.catalina.startup.HostConfig.deployDirectory Deploying web application directory [C:\Users\sande\Desktop\Vehicle-Management-System-Java-Servlet-main\apache-tomcat-9.0.93\webapps\docs]
14-Oct-2025 11:47:27.006 INFO [main] org.apache.jasper.servlet.TldScanner.scanJars At least one JAR was scanned for TLDs yet contained no TLDs. Enable debug logging for this logger for a complete list of JARs that were scanned but no TLDs were found in them. Skipping unneeded JARs during scanning can improve startup time and JSP compilation time.
14-Oct-2025 11:47:27.016 INFO [main] org.apache.catalina.startup.HostConfig.deployDirectory Deployment of web application directory [C:\Users\sande\Desktop\Vehicle-Management-System-Java-Servlet-main\apache-tomcat-9.0.93\webapps\docs] has finished in [140] ms
14-Oct-2025 11:47:27.017 INFO [main] org.apache.catalina.startup.HostConfig.deployDirectory Deploying web application directory [C:\Users\sande\Desktop\Vehicle-Management-System-Java-Servlet-main\apache-tomcat-9.0.93\webapps\examples]
14-Oct-2025 11:47:28.008 INFO [main] org.apache.jasper.servlet.TldScanner.scanJars At least one JAR was scanned for TLDs yet contained no TLDs. Enable debug logging for this logger for a complete list of JARs that were scanned but no TLDs were found in them. Skipping unneeded JARs during scanning can improve startup time and JSP compilation time.
14-Oct-2025 11:47:28.152 INFO [main] org.apache.catalina.startup.HostConfig.deployDirectory Deployment of web application directory [C:\Users\sande\Desktop\Vehicle-Management-System-Java-Servlet-main\apache-tomcat-9.0.93\webapps\examples] has finished in [1,135] ms
14-Oct-2025 11:47:28.153 INFO [main] org.apache.catalina.startup.HostConfig.deployDirectory Deploying web application directory [C:\Users\sande\Desktop\Vehicle-Management-System-Java-Servlet-main\apache-tomcat-9.0.93\webapps\host-manager]
14-Oct-2025 11:47:28.272 INFO [main] org.apache.jasper.servlet.TldScanner.scanJars At least one JAR was scanned for TLDs yet contained no TLDs. Enable debug logging for this logger for a complete list of JARs that were scanned but no TLDs were found in them. Skipping unneeded JARs during scanning can improve startup time and JSP compilation time.
14-Oct-2025 11:47:28.288 INFO [main] org.apache.catalina.startup.HostConfig.deployDirectory Deployment of web application directory [C:\Users\sande\Desktop\Vehicle-Management-System-Java-Servlet-main\apache-tomcat-9.0.93\webapps\host-manager] has finished in [135] ms
14-Oct-2025 11:47:28.289 INFO [main] org.apache.catalina.startup.HostConfig.deployDirectory Deploying web application directory [C:\Users\sande\Desktop\Vehicle-Management-System-Java-Servlet-main\apache-tomcat-9.0.93\webapps\manager]
14-Oct-2025 11:47:28.416 INFO [main] org.apache.jasper.servlet.TldScanner.scanJars At least one JAR was scanned for TLDs yet contained no TLDs. Enable debug logging for this logger for a complete list of JARs that were scanned but no TLDs were found in them. Skipping unneeded JARs during scanning can improve startup time and JSP compilation time.
14-Oct-2025 11:47:28.424 INFO [main] org.apache.catalina.startup.HostConfig.deployDirectory Deployment of web application directory [C:\Users\sande\Desktop\Vehicle-Management-System-Java-Servlet-main\apache-tomcat-9.0.93\webapps\manager] has finished in [135] ms
14-Oct-2025 11:47:28.425 INFO [main] org.apache.catalina.startup.HostConfig.deployDirectory Deploying web application directory [C:\Users\sande\Desktop\Vehicle-Management-System-Java-Servlet-main\apache-tomcat-9.0.93\webapps\ROOT]
14-Oct-2025 11:47:28.520 INFO [main] org.apache.jasper.servlet.TldScanner.scanJars At least one JAR was scanned for TLDs yet contained no TLDs. Enable debug logging for this logger for a complete list of JARs that were scanned but no TLDs were found in them. Skipping unneeded JARs during scanning can improve startup time and JSP compilation time.
14-Oct-2025 11:47:28.527 INFO [main] org.apache.catalina.startup.HostConfig.deployDirectory Deployment of web application directory [C:\Users\sande\Desktop\Vehicle-Management-System-Java-Servlet-main\apache-tomcat-9.0.93\webapps\ROOT] has finished in [102] ms
14-Oct-2025 11:47:28.537 INFO [main] org.apache.coyote.AbstractProtocol.start Starting ProtocolHandler ["http-nio-8080"]
14-Oct-2025 11:47:28.625 INFO [main] org.apache.catalina.startup.Catalina.start Server startup in [4247] milliseconds
14-Oct-2025 11:50:17.969 INFO [main] org.apache.catalina.core.StandardServer.await A valid shutdown command was received via the shutdown port. Stopping the Server instance.
14-Oct-2025 11:50:17.969 INFO [main] org.apache.coyote.AbstractProtocol.pause Pausing ProtocolHandler ["http-nio-8080"]
14-Oct-2025 11:50:18.303 INFO [main] org.apache.catalina.core.StandardService.stopInternal Stopping service [Catalina]
14-Oct-2025 11:50:18.357 WARNING [main] org.apache.catalina.loader.WebappClassLoaderBase.clearReferencesJdbc The web application [Vehicle] registered the JDBC driver [com.mysql.cj.jdbc.Driver] but failed to unregister it when the web application was stopped. To prevent a memory leak, the JDBC Driver has been forcibly unregistered.
14-Oct-2025 11:50:18.357 WARNING [main] org.apache.catalina.loader.WebappClassLoaderBase.clearReferencesThreads The web application [Vehicle] appears to have started a thread named [mysql-cj-abandoned-connection-cleanup] but has failed to stop it. This is very likely to create a memory leak. Stack trace of thread:
 java.base@17.0.12/java.lang.Object.wait(Native Method)
 java.base@17.0.12/java.lang.ref.ReferenceQueue.remove(ReferenceQueue.java:155)
 com.mysql.cj.jdbc.AbandonedConnectionCleanupThread.run(AbandonedConnectionCleanupThread.java:91)
 java.base@17.0.12/java.util.concurrent.ThreadPoolExecutor.runWorker(ThreadPoolExecutor.java:1136)
 java.base@17.0.12/java.util.concurrent.ThreadPoolExecutor$Worker.run(ThreadPoolExecutor.java:635)
 java.base@17.0.12/java.lang.Thread.run(Thread.java:842)
14-Oct-2025 11:50:18.367 INFO [main] org.apache.coyote.AbstractProtocol.stop Stopping ProtocolHandler ["http-nio-8080"]
14-Oct-2025 11:50:18.389 INFO [main] org.apache.coyote.AbstractProtocol.destroy Destroying ProtocolHandler ["http-nio-8080"]
14-Oct-2025 11:50:20.555 INFO [main] org.apache.catalina.startup.VersionLoggerListener.log Server version name:   Apache Tomcat/9.0.93
14-Oct-2025 11:50:20.561 INFO [main] org.apache.catalina.startup.VersionLoggerListener.log Server built:          Aug 2 2024 21:24:59 UTC
14-Oct-2025 11:50:20.562 INFO [main] org.apache.catalina.startup.VersionLoggerListener.log Server version number: 9.0.93.0
14-Oct-2025 11:50:20.562 INFO [main] org.apache.catalina.startup.VersionLoggerListener.log OS Name:               Windows 11
14-Oct-2025 11:50:20.562 INFO [main] org.apache.catalina.startup.VersionLoggerListener.log OS Version:            10.0
14-Oct-2025 11:50:20.563 INFO [main] org.apache.catalina.startup.VersionLoggerListener.log Architecture:          amd64
14-Oct-2025 11:50:20.563 INFO [main] org.apache.catalina.startup.VersionLoggerListener.log Java Home:             C:\Program Files\Java\jdk-17
14-Oct-2025 11:50:20.563 INFO [main] org.apache.catalina.startup.VersionLoggerListener.log JVM Version:           17.0.12+8-LTS-286
14-Oct-2025 11:50:20.563 INFO [main] org.apache.catalina.startup.VersionLoggerListener.log JVM Vendor:            Oracle Corporation
14-Oct-2025 11:50:20.565 INFO [main] org.apache.catalina.startup.VersionLoggerListener.log CATALINA_BASE:         C:\Users\sande\Desktop\Vehicle-Management-System-Java-Servlet-main\apache-tomcat-9.0.93
14-Oct-2025 11:50:20.565 INFO [main] org.apache.catalina.startup.VersionLoggerListener.log CATALINA_HOME:         C:\Users\sande\Desktop\Vehicle-Management-System-Java-Servlet-main\apache-tomcat-9.0.93
14-Oct-2025 11:50:20.584 INFO [main] org.apache.catalina.startup.VersionLoggerListener.log Command line argument: --add-opens=java.base/java.lang=ALL-UNNAMED
14-Oct-2025 11:50:20.585 INFO [main] org.apache.catalina.startup.VersionLoggerListener.log Command line argument: --add-opens=java.base/java.io=ALL-UNNAMED
14-Oct-2025 11:50:20.586 INFO [main] org.apache.catalina.startup.VersionLoggerListener.log Command line argument: --add-opens=java.base/java.util=ALL-UNNAMED
14-Oct-2025 11:50:20.586 INFO [main] org.apache.catalina.startup.VersionLoggerListener.log Command line argument: --add-opens=java.base/java.util.concurrent=ALL-UNNAMED
14-Oct-2025 11:50:20.586 INFO [main] org.apache.catalina.startup.VersionLoggerListener.log Command line argument: --add-opens=java.rmi/sun.rmi.transport=ALL-UNNAMED
14-Oct-2025 11:50:20.586 INFO [main] org.apache.catalina.startup.VersionLoggerListener.log Command line argument: -Djava.util.logging.config.file=C:\Users\sande\Desktop\Vehicle-Management-System-Java-Servlet-main\apache-tomcat-9.0.93\conf\logging.properties
14-Oct-2025 11:50:20.587 INFO [main] org.apache.catalina.startup.VersionLoggerListener.log Command line argument: -Djava.util.logging.manager=org.apache.juli.ClassLoaderLogManager
14-Oct-2025 11:50:20.587 INFO [main] org.apache.catalina.startup.VersionLoggerListener.log Command line argument: -Djdk.tls.ephemeralDHKeySize=2048
14-Oct-2025 11:50:20.589 INFO [main] org.apache.catalina.startup.VersionLoggerListener.log Command line argument: -Djava.protocol.handler.pkgs=org.apache.catalina.webresources
14-Oct-2025 11:50:20.589 INFO [main] org.apache.catalina.startup.VersionLoggerListener.log Command line argument: -Dignore.endorsed.dirs=
14-Oct-2025 11:50:20.590 INFO [main] org.apache.catalina.startup.VersionLoggerListener.log Command line argument: -Dcatalina.base=C:\Users\sande\Desktop\Vehicle-Management-System-Java-Servlet-main\apache-tomcat-9.0.93
14-Oct-2025 11:50:20.590 INFO [main] org.apache.catalina.startup.VersionLoggerListener.log Command line argument: -Dcatalina.home=C:\Users\sande\Desktop\Vehicle-Management-System-Java-Servlet-main\apache-tomcat-9.0.93
14-Oct-2025 11:50:20.590 INFO [main] org.apache.catalina.startup.VersionLoggerListener.log Command line argument: -Djava.io.tmpdir=C:\Users\sande\Desktop\Vehicle-Management-System-Java-Servlet-main\apache-tomcat-9.0.93\temp
14-Oct-2025 11:50:20.597 INFO [main] org.apache.catalina.core.AprLifecycleListener.lifecycleEvent Loaded Apache Tomcat Native library [1.3.1] using APR version [1.7.4].
14-Oct-2025 11:50:20.598 INFO [main] org.apache.catalina.core.AprLifecycleListener.lifecycleEvent APR capabilities: IPv6 [true], sendfile [true], accept filters [false], random [true], UDS [true].
14-Oct-2025 11:50:20.598 INFO [main] org.apache.catalina.core.AprLifecycleListener.lifecycleEvent APR/OpenSSL configuration: useAprConnector [false], useOpenSSL [true]
14-Oct-2025 11:50:20.609 INFO [main] org.apache.catalina.core.AprLifecycleListener.initializeSSL OpenSSL successfully initialized [OpenSSL 3.0.14 4 Jun 2024]
14-Oct-2025 11:50:21.116 INFO [main] org.apache.coyote.AbstractProtocol.init Initializing ProtocolHandler ["http-nio-8080"]
14-Oct-2025 11:50:21.170 INFO [main] org.apache.catalina.startup.Catalina.load Server initialization in [992] milliseconds
14-Oct-2025 11:50:21.268 INFO [main] org.apache.catalina.core.StandardService.startInternal Starting service [Catalina]
14-Oct-2025 11:50:21.268 INFO [main] org.apache.catalina.core.StandardEngine.startInternal Starting Servlet engine: [Apache Tomcat/9.0.93]
14-Oct-2025 11:50:21.298 INFO [main] org.apache.catalina.startup.HostConfig.deployWAR Deploying web application archive [C:\Users\sande\Desktop\Vehicle-Management-System-Java-Servlet-main\apache-tomcat-9.0.93\webapps\Vehicle.war]
14-Oct-2025 11:50:22.005 SEVERE [main] org.apache.catalina.startup.HostConfig.deployWAR Error deploying web application archive [C:\Users\sande\Desktop\Vehicle-Management-System-Java-Servlet-main\apache-tomcat-9.0.93\webapps\Vehicle.war]
	java.lang.IllegalStateException: Error starting child
		at org.apache.catalina.core.ContainerBase.addChildInternal(ContainerBase.java:602)
		at org.apache.catalina.core.ContainerBase.addChild(ContainerBase.java:571)
		at org.apache.catalina.core.StandardHost.addChild(StandardHost.java:603)
		at org.apache.catalina.startup.HostConfig.deployWAR(HostConfig.java:1014)
		at org.apache.catalina.startup.HostConfig$DeployWar.run(HostConfig.java:1866)
		at java.base/java.util.concurrent.Executors$RunnableAdapter.call(Executors.java:539)
		at java.base/java.util.concurrent.FutureTask.run(FutureTask.java:264)
		at org.apache.tomcat.util.threads.InlineExecutorService.execute(InlineExecutorService.java:75)
		at java.base/java.util.concurrent.AbstractExecutorService.submit(AbstractExecutorService.java:123)
		at org.apache.catalina.startup.HostConfig.deployWARs(HostConfig.java:816)
		at org.apache.catalina.startup.HostConfig.deployApps(HostConfig.java:468)
		at org.apache.catalina.startup.HostConfig.start(HostConfig.java:1584)
		at org.apache.catalina.startup.HostConfig.lifecycleEvent(HostConfig.java:312)
		at org.apache.catalina.util.LifecycleBase.fireLifecycleEvent(LifecycleBase.java:109)
		at org.apache.catalina.util.LifecycleBase.setStateInternal(LifecycleBase.java:385)
		at org.apache.catalina.util.LifecycleBase.setState(LifecycleBase.java:332)
		at org.apache.catalina.core.ContainerBase.startInternal(ContainerBase.java:776)
		at org.apache.catalina.core.StandardHost.startInternal(StandardHost.java:721)
		at org.apache.catalina.util.LifecycleBase.start(LifecycleBase.java:164)
		at org.apache.catalina.core.ContainerBase$StartChild.call(ContainerBase.java:1203)
		at org.apache.catalina.core.ContainerBase$StartChild.call(ContainerBase.java:1193)
		at java.base/java.util.concurrent.FutureTask.run(FutureTask.java:264)
		at org.apache.tomcat.util.threads.InlineExecutorService.execute(InlineExecutorService.java:75)
		at java.base/java.util.concurrent.AbstractExecutorService.submit(AbstractExecutorService.java:145)
		at org.apache.catalina.core.ContainerBase.startInternal(ContainerBase.java:749)
		at org.apache.catalina.core.StandardEngine.startInternal(StandardEngine.java:211)
		at org.apache.catalina.util.LifecycleBase.start(LifecycleBase.java:164)
		at org.apache.catalina.core.StandardService.startInternal(StandardService.java:415)
		at org.apache.catalina.util.LifecycleBase.start(LifecycleBase.java:164)
		at org.apache.catalina.core.StandardServer.startInternal(StandardServer.java:878)
		at org.apache.catalina.util.LifecycleBase.start(LifecycleBase.java:164)
		at org.apache.catalina.startup.Catalina.start(Catalina.java:735)
		at java.base/jdk.internal.reflect.NativeMethodAccessorImpl.invoke0(Native Method)
		at java.base/jdk.internal.reflect.NativeMethodAccessorImpl.invoke(NativeMethodAccessorImpl.java:77)
		at java.base/jdk.internal.reflect.DelegatingMethodAccessorImpl.invoke(DelegatingMethodAccessorImpl.java:43)
		at java.base/java.lang.reflect.Method.invoke(Method.java:568)
		at org.apache.catalina.startup.Bootstrap.start(Bootstrap.java:345)
		at org.apache.catalina.startup.Bootstrap.main(Bootstrap.java:473)
	Caused by: org.apache.catalina.LifecycleException: Failed to start component [StandardEngine[Catalina].StandardHost[localhost].StandardContext[/Vehicle]]
		at org.apache.catalina.util.LifecycleBase.handleSubClassException(LifecycleBase.java:402)
		at org.apache.catalina.util.LifecycleBase.start(LifecycleBase.java:179)
		at org.apache.catalina.core.ContainerBase.addChildInternal(ContainerBase.java:599)
		... 37 more
	Caused by: java.lang.IllegalArgumentException: The servlets named [com.vehicle.AdminDashboardServlet] and [com.vehicle.SimpleAdminDashboardServlet] are both mapped to the url-pattern [/admin/dashboard] which is not permitted
		at org.apache.tomcat.util.descriptor.web.WebXml.addServletMappingDecoded(WebXml.java:354)
		at org.apache.tomcat.util.descriptor.web.WebXml.addServletMapping(WebXml.java:347)
		at org.apache.catalina.startup.ContextConfig.processAnnotationWebServlet(ContextConfig.java:2547)
		at org.apache.catalina.startup.ContextConfig.processClass(ContextConfig.java:2252)
		at org.apache.catalina.startup.ContextConfig.processAnnotationsStream(ContextConfig.java:2241)
		at org.apache.catalina.startup.ContextConfig.processAnnotationsWebResource(ContextConfig.java:2151)
		at org.apache.catalina.startup.ContextConfig.processAnnotationsWebResource(ContextConfig.java:2146)
		at org.apache.catalina.startup.ContextConfig.processAnnotationsWebResource(ContextConfig.java:2146)
		at org.apache.catalina.startup.ContextConfig.processClasses(ContextConfig.java:1351)
		at org.apache.catalina.startup.ContextConfig.webConfig(ContextConfig.java:1261)
		at org.apache.catalina.startup.ContextConfig.configureStart(ContextConfig.java:961)
		at org.apache.catalina.startup.ContextConfig.lifecycleEvent(ContextConfig.java:290)
		at org.apache.catalina.util.LifecycleBase.fireLifecycleEvent(LifecycleBase.java:109)
		at org.apache.catalina.core.StandardContext.startInternal(StandardContext.java:4354)
		at org.apache.catalina.util.LifecycleBase.start(LifecycleBase.java:164)
		... 38 more
14-Oct-2025 11:50:22.011 INFO [main] org.apache.catalina.startup.HostConfig.deployWAR Deployment of web application archive [C:\Users\sande\Desktop\Vehicle-Management-System-Java-Servlet-main\apache-tomcat-9.0.93\webapps\Vehicle.war] has finished in [712] ms
14-Oct-2025 11:50:22.013 INFO [main] org.apache.catalina.startup.HostConfig.deployDirectory Deploying web application directory [C:\Users\sande\Desktop\Vehicle-Management-System-Java-Servlet-main\apache-tomcat-9.0.93\webapps\docs]
14-Oct-2025 11:50:22.269 INFO [main] org.apache.jasper.servlet.TldScanner.scanJars At least one JAR was scanned for TLDs yet contained no TLDs. Enable debug logging for this logger for a complete list of JARs that were scanned but no TLDs were found in them. Skipping unneeded JARs during scanning can improve startup time and JSP compilation time.
14-Oct-2025 11:50:22.417 WARNING [main] org.apache.catalina.util.SessionIdGeneratorBase.createSecureRandom Creation of SecureRandom instance for session ID generation using [SHA1PRNG] took [109] milliseconds.
14-Oct-2025 11:50:22.456 INFO [main] org.apache.catalina.startup.HostConfig.deployDirectory Deployment of web application directory [C:\Users\sande\Desktop\Vehicle-Management-System-Java-Servlet-main\apache-tomcat-9.0.93\webapps\docs] has finished in [442] ms
14-Oct-2025 11:50:22.456 INFO [main] org.apache.catalina.startup.HostConfig.deployDirectory Deploying web application directory [C:\Users\sande\Desktop\Vehicle-Management-System-Java-Servlet-main\apache-tomcat-9.0.93\webapps\examples]
14-Oct-2025 11:50:23.425 INFO [main] org.apache.jasper.servlet.TldScanner.scanJars At least one JAR was scanned for TLDs yet contained no TLDs. Enable debug logging for this logger for a complete list of JARs that were scanned but no TLDs were found in them. Skipping unneeded JARs during scanning can improve startup time and JSP compilation time.
14-Oct-2025 11:50:23.568 INFO [main] org.apache.catalina.startup.HostConfig.deployDirectory Deployment of web application directory [C:\Users\sande\Desktop\Vehicle-Management-System-Java-Servlet-main\apache-tomcat-9.0.93\webapps\examples] has finished in [1,111] ms
14-Oct-2025 11:50:23.569 INFO [main] org.apache.catalina.startup.HostConfig.deployDirectory Deploying web application directory [C:\Users\sande\Desktop\Vehicle-Management-System-Java-Servlet-main\apache-tomcat-9.0.93\webapps\host-manager]
14-Oct-2025 11:50:23.699 INFO [main] org.apache.jasper.servlet.TldScanner.scanJars At least one JAR was scanned for TLDs yet contained no TLDs. Enable debug logging for this logger for a complete list of JARs that were scanned but no TLDs were found in them. Skipping unneeded JARs during scanning can improve startup time and JSP compilation time.
14-Oct-2025 11:50:23.716 INFO [main] org.apache.catalina.startup.HostConfig.deployDirectory Deployment of web application directory [C:\Users\sande\Desktop\Vehicle-Management-System-Java-Servlet-main\apache-tomcat-9.0.93\webapps\host-manager] has finished in [148] ms
14-Oct-2025 11:50:23.717 INFO [main] org.apache.catalina.startup.HostConfig.deployDirectory Deploying web application directory [C:\Users\sande\Desktop\Vehicle-Management-System-Java-Servlet-main\apache-tomcat-9.0.93\webapps\manager]
14-Oct-2025 11:50:23.843 INFO [main] org.apache.jasper.servlet.TldScanner.scanJars At least one JAR was scanned for TLDs yet contained no TLDs. Enable debug logging for this logger for a complete list of JARs that were scanned but no TLDs were found in them. Skipping unneeded JARs during scanning can improve startup time and JSP compilation time.
14-Oct-2025 11:50:23.852 INFO [main] org.apache.catalina.startup.HostConfig.deployDirectory Deployment of web application directory [C:\Users\sande\Desktop\Vehicle-Management-System-Java-Servlet-main\apache-tomcat-9.0.93\webapps\manager] has finished in [134] ms
14-Oct-2025 11:50:23.853 INFO [main] org.apache.catalina.startup.HostConfig.deployDirectory Deploying web application directory [C:\Users\sande\Desktop\Vehicle-Management-System-Java-Servlet-main\apache-tomcat-9.0.93\webapps\ROOT]
14-Oct-2025 11:50:23.951 INFO [main] org.apache.jasper.servlet.TldScanner.scanJars At least one JAR was scanned for TLDs yet contained no TLDs. Enable debug logging for this logger for a complete list of JARs that were scanned but no TLDs were found in them. Skipping unneeded JARs during scanning can improve startup time and JSP compilation time.
14-Oct-2025 11:50:23.958 INFO [main] org.apache.catalina.startup.HostConfig.deployDirectory Deployment of web application directory [C:\Users\sande\Desktop\Vehicle-Management-System-Java-Servlet-main\apache-tomcat-9.0.93\webapps\ROOT] has finished in [106] ms
14-Oct-2025 11:50:23.968 INFO [main] org.apache.coyote.AbstractProtocol.start Starting ProtocolHandler ["http-nio-8080"]
14-Oct-2025 11:50:24.063 INFO [main] org.apache.catalina.startup.Catalina.start Server startup in [2891] milliseconds
14-Oct-2025 11:51:43.852 INFO [Thread-1] org.apache.coyote.AbstractProtocol.pause Pausing ProtocolHandler ["http-nio-8080"]
14-Oct-2025 11:51:44.232 INFO [Thread-1] org.apache.catalina.core.StandardService.stopInternal Stopping service [Catalina]
14-Oct-2025 11:51:44.270 INFO [Thread-1] org.apache.coyote.AbstractProtocol.stop Stopping ProtocolHandler ["http-nio-8080"]
14-Oct-2025 11:51:44.292 INFO [Thread-1] org.apache.coyote.AbstractProtocol.destroy Destroying ProtocolHandler ["http-nio-8080"]
14-Oct-2025 11:54:48.514 SEVERE [main] org.apache.catalina.startup.Catalina.stopServer Could not contact [localhost:8005] (base port [8005] and offset [0]). Tomcat may not be running.
14-Oct-2025 11:54:50.903 INFO [main] org.apache.catalina.startup.VersionLoggerListener.log Server version name:   Apache Tomcat/9.0.93
14-Oct-2025 11:54:50.908 INFO [main] org.apache.catalina.startup.VersionLoggerListener.log Server built:          Aug 2 2024 21:24:59 UTC
14-Oct-2025 11:54:50.909 INFO [main] org.apache.catalina.startup.VersionLoggerListener.log Server version number: 9.0.93.0
14-Oct-2025 11:54:50.910 INFO [main] org.apache.catalina.startup.VersionLoggerListener.log OS Name:               Windows 11
14-Oct-2025 11:54:50.910 INFO [main] org.apache.catalina.startup.VersionLoggerListener.log OS Version:            10.0
14-Oct-2025 11:54:50.910 INFO [main] org.apache.catalina.startup.VersionLoggerListener.log Architecture:          amd64
14-Oct-2025 11:54:50.911 INFO [main] org.apache.catalina.startup.VersionLoggerListener.log Java Home:             C:\Program Files\Java\jdk-17
14-Oct-2025 11:54:50.911 INFO [main] org.apache.catalina.startup.VersionLoggerListener.log JVM Version:           17.0.12+8-LTS-286
14-Oct-2025 11:54:50.911 INFO [main] org.apache.catalina.startup.VersionLoggerListener.log JVM Vendor:            Oracle Corporation
14-Oct-2025 11:54:50.913 INFO [main] org.apache.catalina.startup.VersionLoggerListener.log CATALINA_BASE:         C:\Users\sande\Desktop\Vehicle-Management-System-Java-Servlet-main\apache-tomcat-9.0.93
14-Oct-2025 11:54:50.913 INFO [main] org.apache.catalina.startup.VersionLoggerListener.log CATALINA_HOME:         C:\Users\sande\Desktop\Vehicle-Management-System-Java-Servlet-main\apache-tomcat-9.0.93
14-Oct-2025 11:54:50.932 INFO [main] org.apache.catalina.startup.VersionLoggerListener.log Command line argument: --add-opens=java.base/java.lang=ALL-UNNAMED
14-Oct-2025 11:54:50.934 INFO [main] org.apache.catalina.startup.VersionLoggerListener.log Command line argument: --add-opens=java.base/java.io=ALL-UNNAMED
14-Oct-2025 11:54:50.934 INFO [main] org.apache.catalina.startup.VersionLoggerListener.log Command line argument: --add-opens=java.base/java.util=ALL-UNNAMED
14-Oct-2025 11:54:50.935 INFO [main] org.apache.catalina.startup.VersionLoggerListener.log Command line argument: --add-opens=java.base/java.util.concurrent=ALL-UNNAMED
14-Oct-2025 11:54:50.935 INFO [main] org.apache.catalina.startup.VersionLoggerListener.log Command line argument: --add-opens=java.rmi/sun.rmi.transport=ALL-UNNAMED
14-Oct-2025 11:54:50.935 INFO [main] org.apache.catalina.startup.VersionLoggerListener.log Command line argument: -Djava.util.logging.config.file=C:\Users\sande\Desktop\Vehicle-Management-System-Java-Servlet-main\apache-tomcat-9.0.93\conf\logging.properties
14-Oct-2025 11:54:50.935 INFO [main] org.apache.catalina.startup.VersionLoggerListener.log Command line argument: -Djava.util.logging.manager=org.apache.juli.ClassLoaderLogManager
14-Oct-2025 11:54:50.936 INFO [main] org.apache.catalina.startup.VersionLoggerListener.log Command line argument: -Djdk.tls.ephemeralDHKeySize=2048
14-Oct-2025 11:54:50.936 INFO [main] org.apache.catalina.startup.VersionLoggerListener.log Command line argument: -Djava.protocol.handler.pkgs=org.apache.catalina.webresources
14-Oct-2025 11:54:50.937 INFO [main] org.apache.catalina.startup.VersionLoggerListener.log Command line argument: -Dignore.endorsed.dirs=
14-Oct-2025 11:54:50.937 INFO [main] org.apache.catalina.startup.VersionLoggerListener.log Command line argument: -Dcatalina.base=C:\Users\sande\Desktop\Vehicle-Management-System-Java-Servlet-main\apache-tomcat-9.0.93
14-Oct-2025 11:54:50.938 INFO [main] org.apache.catalina.startup.VersionLoggerListener.log Command line argument: -Dcatalina.home=C:\Users\sande\Desktop\Vehicle-Management-System-Java-Servlet-main\apache-tomcat-9.0.93
14-Oct-2025 11:54:50.938 INFO [main] org.apache.catalina.startup.VersionLoggerListener.log Command line argument: -Djava.io.tmpdir=C:\Users\sande\Desktop\Vehicle-Management-System-Java-Servlet-main\apache-tomcat-9.0.93\temp
14-Oct-2025 11:54:50.945 INFO [main] org.apache.catalina.core.AprLifecycleListener.lifecycleEvent Loaded Apache Tomcat Native library [1.3.1] using APR version [1.7.4].
14-Oct-2025 11:54:50.945 INFO [main] org.apache.catalina.core.AprLifecycleListener.lifecycleEvent APR capabilities: IPv6 [true], sendfile [true], accept filters [false], random [true], UDS [true].
14-Oct-2025 11:54:50.945 INFO [main] org.apache.catalina.core.AprLifecycleListener.lifecycleEvent APR/OpenSSL configuration: useAprConnector [false], useOpenSSL [true]
14-Oct-2025 11:54:50.957 INFO [main] org.apache.catalina.core.AprLifecycleListener.initializeSSL OpenSSL successfully initialized [OpenSSL 3.0.14 4 Jun 2024]
14-Oct-2025 11:54:51.461 INFO [main] org.apache.coyote.AbstractProtocol.init Initializing ProtocolHandler ["http-nio-8080"]
14-Oct-2025 11:54:51.516 INFO [main] org.apache.catalina.startup.Catalina.load Server initialization in [956] milliseconds
14-Oct-2025 11:54:51.626 INFO [main] org.apache.catalina.core.StandardService.startInternal Starting service [Catalina]
14-Oct-2025 11:54:51.627 INFO [main] org.apache.catalina.core.StandardEngine.startInternal Starting Servlet engine: [Apache Tomcat/9.0.93]
14-Oct-2025 11:54:51.672 INFO [main] org.apache.catalina.startup.HostConfig.deployWAR Deploying web application archive [C:\Users\sande\Desktop\Vehicle-Management-System-Java-Servlet-main\apache-tomcat-9.0.93\webapps\Vehicle.war]
14-Oct-2025 11:54:52.300 SEVERE [main] org.apache.catalina.startup.HostConfig.deployWAR Error deploying web application archive [C:\Users\sande\Desktop\Vehicle-Management-System-Java-Servlet-main\apache-tomcat-9.0.93\webapps\Vehicle.war]
	java.lang.IllegalStateException: Error starting child
		at org.apache.catalina.core.ContainerBase.addChildInternal(ContainerBase.java:602)
		at org.apache.catalina.core.ContainerBase.addChild(ContainerBase.java:571)
		at org.apache.catalina.core.StandardHost.addChild(StandardHost.java:603)
		at org.apache.catalina.startup.HostConfig.deployWAR(HostConfig.java:1014)
		at org.apache.catalina.startup.HostConfig$DeployWar.run(HostConfig.java:1866)
		at java.base/java.util.concurrent.Executors$RunnableAdapter.call(Executors.java:539)
		at java.base/java.util.concurrent.FutureTask.run(FutureTask.java:264)
		at org.apache.tomcat.util.threads.InlineExecutorService.execute(InlineExecutorService.java:75)
		at java.base/java.util.concurrent.AbstractExecutorService.submit(AbstractExecutorService.java:123)
		at org.apache.catalina.startup.HostConfig.deployWARs(HostConfig.java:816)
		at org.apache.catalina.startup.HostConfig.deployApps(HostConfig.java:468)
		at org.apache.catalina.startup.HostConfig.start(HostConfig.java:1584)
		at org.apache.catalina.startup.HostConfig.lifecycleEvent(HostConfig.java:312)
		at org.apache.catalina.util.LifecycleBase.fireLifecycleEvent(LifecycleBase.java:109)
		at org.apache.catalina.util.LifecycleBase.setStateInternal(LifecycleBase.java:385)
		at org.apache.catalina.util.LifecycleBase.setState(LifecycleBase.java:332)
		at org.apache.catalina.core.ContainerBase.startInternal(ContainerBase.java:776)
		at org.apache.catalina.core.StandardHost.startInternal(StandardHost.java:721)
		at org.apache.catalina.util.LifecycleBase.start(LifecycleBase.java:164)
		at org.apache.catalina.core.ContainerBase$StartChild.call(ContainerBase.java:1203)
		at org.apache.catalina.core.ContainerBase$StartChild.call(ContainerBase.java:1193)
		at java.base/java.util.concurrent.FutureTask.run(FutureTask.java:264)
		at org.apache.tomcat.util.threads.InlineExecutorService.execute(InlineExecutorService.java:75)
		at java.base/java.util.concurrent.AbstractExecutorService.submit(AbstractExecutorService.java:145)
		at org.apache.catalina.core.ContainerBase.startInternal(ContainerBase.java:749)
		at org.apache.catalina.core.StandardEngine.startInternal(StandardEngine.java:211)
		at org.apache.catalina.util.LifecycleBase.start(LifecycleBase.java:164)
		at org.apache.catalina.core.StandardService.startInternal(StandardService.java:415)
		at org.apache.catalina.util.LifecycleBase.start(LifecycleBase.java:164)
		at org.apache.catalina.core.StandardServer.startInternal(StandardServer.java:878)
		at org.apache.catalina.util.LifecycleBase.start(LifecycleBase.java:164)
		at org.apache.catalina.startup.Catalina.start(Catalina.java:735)
		at java.base/jdk.internal.reflect.NativeMethodAccessorImpl.invoke0(Native Method)
		at java.base/jdk.internal.reflect.NativeMethodAccessorImpl.invoke(NativeMethodAccessorImpl.java:77)
		at java.base/jdk.internal.reflect.DelegatingMethodAccessorImpl.invoke(DelegatingMethodAccessorImpl.java:43)
		at java.base/java.lang.reflect.Method.invoke(Method.java:568)
		at org.apache.catalina.startup.Bootstrap.start(Bootstrap.java:345)
		at org.apache.catalina.startup.Bootstrap.main(Bootstrap.java:473)
	Caused by: org.apache.catalina.LifecycleException: Failed to start component [StandardEngine[Catalina].StandardHost[localhost].StandardContext[/Vehicle]]
		at org.apache.catalina.util.LifecycleBase.handleSubClassException(LifecycleBase.java:402)
		at org.apache.catalina.util.LifecycleBase.start(LifecycleBase.java:179)
		at org.apache.catalina.core.ContainerBase.addChildInternal(ContainerBase.java:599)
		... 37 more
	Caused by: java.lang.IllegalArgumentException: The servlets named [AdminDashboardServlet] and [com.vehicle.AdminDashboardServlet] are both mapped to the url-pattern [/admin/dashboard] which is not permitted
		at org.apache.tomcat.util.descriptor.web.WebXml.addServletMappingDecoded(WebXml.java:354)
		at org.apache.tomcat.util.descriptor.web.WebXml.addServletMapping(WebXml.java:347)
		at org.apache.catalina.startup.ContextConfig.processAnnotationWebServlet(ContextConfig.java:2547)
		at org.apache.catalina.startup.ContextConfig.processClass(ContextConfig.java:2252)
		at org.apache.catalina.startup.ContextConfig.processAnnotationsStream(ContextConfig.java:2241)
		at org.apache.catalina.startup.ContextConfig.processAnnotationsWebResource(ContextConfig.java:2151)
		at org.apache.catalina.startup.ContextConfig.processAnnotationsWebResource(ContextConfig.java:2146)
		at org.apache.catalina.startup.ContextConfig.processAnnotationsWebResource(ContextConfig.java:2146)
		at org.apache.catalina.startup.ContextConfig.processClasses(ContextConfig.java:1351)
		at org.apache.catalina.startup.ContextConfig.webConfig(ContextConfig.java:1261)
		at org.apache.catalina.startup.ContextConfig.configureStart(ContextConfig.java:961)
		at org.apache.catalina.startup.ContextConfig.lifecycleEvent(ContextConfig.java:290)
		at org.apache.catalina.util.LifecycleBase.fireLifecycleEvent(LifecycleBase.java:109)
		at org.apache.catalina.core.StandardContext.startInternal(StandardContext.java:4354)
		at org.apache.catalina.util.LifecycleBase.start(LifecycleBase.java:164)
		... 38 more
14-Oct-2025 11:54:52.305 INFO [main] org.apache.catalina.startup.HostConfig.deployWAR Deployment of web application archive [C:\Users\sande\Desktop\Vehicle-Management-System-Java-Servlet-main\apache-tomcat-9.0.93\webapps\Vehicle.war] has finished in [633] ms
14-Oct-2025 11:54:52.307 INFO [main] org.apache.catalina.startup.HostConfig.deployDirectory Deploying web application directory [C:\Users\sande\Desktop\Vehicle-Management-System-Java-Servlet-main\apache-tomcat-9.0.93\webapps\docs]
14-Oct-2025 11:54:52.576 INFO [main] org.apache.jasper.servlet.TldScanner.scanJars At least one JAR was scanned for TLDs yet contained no TLDs. Enable debug logging for this logger for a complete list of JARs that were scanned but no TLDs were found in them. Skipping unneeded JARs during scanning can improve startup time and JSP compilation time.
14-Oct-2025 11:54:52.730 INFO [main] org.apache.catalina.startup.HostConfig.deployDirectory Deployment of web application directory [C:\Users\sande\Desktop\Vehicle-Management-System-Java-Servlet-main\apache-tomcat-9.0.93\webapps\docs] has finished in [422] ms
14-Oct-2025 11:54:52.730 INFO [main] org.apache.catalina.startup.HostConfig.deployDirectory Deploying web application directory [C:\Users\sande\Desktop\Vehicle-Management-System-Java-Servlet-main\apache-tomcat-9.0.93\webapps\examples]
14-Oct-2025 11:54:53.679 INFO [main] org.apache.jasper.servlet.TldScanner.scanJars At least one JAR was scanned for TLDs yet contained no TLDs. Enable debug logging for this logger for a complete list of JARs that were scanned but no TLDs were found in them. Skipping unneeded JARs during scanning can improve startup time and JSP compilation time.
14-Oct-2025 11:54:53.839 INFO [main] org.apache.catalina.startup.HostConfig.deployDirectory Deployment of web application directory [C:\Users\sande\Desktop\Vehicle-Management-System-Java-Servlet-main\apache-tomcat-9.0.93\webapps\examples] has finished in [1,108] ms
14-Oct-2025 11:54:53.839 INFO [main] org.apache.catalina.startup.HostConfig.deployDirectory Deploying web application directory [C:\Users\sande\Desktop\Vehicle-Management-System-Java-Servlet-main\apache-tomcat-9.0.93\webapps\host-manager]
14-Oct-2025 11:54:53.960 INFO [main] org.apache.jasper.servlet.TldScanner.scanJars At least one JAR was scanned for TLDs yet contained no TLDs. Enable debug logging for this logger for a complete list of JARs that were scanned but no TLDs were found in them. Skipping unneeded JARs during scanning can improve startup time and JSP compilation time.
14-Oct-2025 11:54:53.979 INFO [main] org.apache.catalina.startup.HostConfig.deployDirectory Deployment of web application directory [C:\Users\sande\Desktop\Vehicle-Management-System-Java-Servlet-main\apache-tomcat-9.0.93\webapps\host-manager] has finished in [139] ms
14-Oct-2025 11:54:53.979 INFO [main] org.apache.catalina.startup.HostConfig.deployDirectory Deploying web application directory [C:\Users\sande\Desktop\Vehicle-Management-System-Java-Servlet-main\apache-tomcat-9.0.93\webapps\manager]
14-Oct-2025 11:54:54.108 INFO [main] org.apache.jasper.servlet.TldScanner.scanJars At least one JAR was scanned for TLDs yet contained no TLDs. Enable debug logging for this logger for a complete list of JARs that were scanned but no TLDs were found in them. Skipping unneeded JARs during scanning can improve startup time and JSP compilation time.
14-Oct-2025 11:54:54.116 INFO [main] org.apache.catalina.startup.HostConfig.deployDirectory Deployment of web application directory [C:\Users\sande\Desktop\Vehicle-Management-System-Java-Servlet-main\apache-tomcat-9.0.93\webapps\manager] has finished in [136] ms
14-Oct-2025 11:54:54.117 INFO [main] org.apache.catalina.startup.HostConfig.deployDirectory Deploying web application directory [C:\Users\sande\Desktop\Vehicle-Management-System-Java-Servlet-main\apache-tomcat-9.0.93\webapps\ROOT]
14-Oct-2025 11:54:54.215 INFO [main] org.apache.jasper.servlet.TldScanner.scanJars At least one JAR was scanned for TLDs yet contained no TLDs. Enable debug logging for this logger for a complete list of JARs that were scanned but no TLDs were found in them. Skipping unneeded JARs during scanning can improve startup time and JSP compilation time.
14-Oct-2025 11:54:54.222 INFO [main] org.apache.catalina.startup.HostConfig.deployDirectory Deployment of web application directory [C:\Users\sande\Desktop\Vehicle-Management-System-Java-Servlet-main\apache-tomcat-9.0.93\webapps\ROOT] has finished in [106] ms
14-Oct-2025 11:54:54.228 INFO [main] org.apache.coyote.AbstractProtocol.start Starting ProtocolHandler ["http-nio-8080"]
14-Oct-2025 11:54:54.324 INFO [main] org.apache.catalina.startup.Catalina.start Server startup in [2807] milliseconds
14-Oct-2025 11:57:15.579 INFO [main] org.apache.catalina.core.StandardServer.await A valid shutdown command was received via the shutdown port. Stopping the Server instance.
14-Oct-2025 11:57:15.580 INFO [main] org.apache.coyote.AbstractProtocol.pause Pausing ProtocolHandler ["http-nio-8080"]
14-Oct-2025 11:57:15.949 INFO [main] org.apache.catalina.core.StandardService.stopInternal Stopping service [Catalina]
14-Oct-2025 11:57:15.992 INFO [main] org.apache.coyote.AbstractProtocol.stop Stopping ProtocolHandler ["http-nio-8080"]
14-Oct-2025 11:57:16.007 INFO [main] org.apache.coyote.AbstractProtocol.destroy Destroying ProtocolHandler ["http-nio-8080"]
14-Oct-2025 11:59:32.738 SEVERE [main] org.apache.catalina.startup.Catalina.stopServer Could not contact [localhost:8005] (base port [8005] and offset [0]). Tomcat may not be running.
14-Oct-2025 11:59:35.376 INFO [main] org.apache.catalina.startup.VersionLoggerListener.log Server version name:   Apache Tomcat/9.0.93
14-Oct-2025 11:59:35.383 INFO [main] org.apache.catalina.startup.VersionLoggerListener.log Server built:          Aug 2 2024 21:24:59 UTC
14-Oct-2025 11:59:35.383 INFO [main] org.apache.catalina.startup.VersionLoggerListener.log Server version number: 9.0.93.0
14-Oct-2025 11:59:35.385 INFO [main] org.apache.catalina.startup.VersionLoggerListener.log OS Name:               Windows 11
14-Oct-2025 11:59:35.385 INFO [main] org.apache.catalina.startup.VersionLoggerListener.log OS Version:            10.0
14-Oct-2025 11:59:35.385 INFO [main] org.apache.catalina.startup.VersionLoggerListener.log Architecture:          amd64
14-Oct-2025 11:59:35.386 INFO [main] org.apache.catalina.startup.VersionLoggerListener.log Java Home:             C:\Program Files\Java\jdk-17
14-Oct-2025 11:59:35.386 INFO [main] org.apache.catalina.startup.VersionLoggerListener.log JVM Version:           17.0.12+8-LTS-286
14-Oct-2025 11:59:35.386 INFO [main] org.apache.catalina.startup.VersionLoggerListener.log JVM Vendor:            Oracle Corporation
14-Oct-2025 11:59:35.387 INFO [main] org.apache.catalina.startup.VersionLoggerListener.log CATALINA_BASE:         C:\Users\sande\Desktop\Vehicle-Management-System-Java-Servlet-main\apache-tomcat-9.0.93
14-Oct-2025 11:59:35.388 INFO [main] org.apache.catalina.startup.VersionLoggerListener.log CATALINA_HOME:         C:\Users\sande\Desktop\Vehicle-Management-System-Java-Servlet-main\apache-tomcat-9.0.93
14-Oct-2025 11:59:35.412 INFO [main] org.apache.catalina.startup.VersionLoggerListener.log Command line argument: --add-opens=java.base/java.lang=ALL-UNNAMED
14-Oct-2025 11:59:35.412 INFO [main] org.apache.catalina.startup.VersionLoggerListener.log Command line argument: --add-opens=java.base/java.io=ALL-UNNAMED
14-Oct-2025 11:59:35.413 INFO [main] org.apache.catalina.startup.VersionLoggerListener.log Command line argument: --add-opens=java.base/java.util=ALL-UNNAMED
14-Oct-2025 11:59:35.413 INFO [main] org.apache.catalina.startup.VersionLoggerListener.log Command line argument: --add-opens=java.base/java.util.concurrent=ALL-UNNAMED
14-Oct-2025 11:59:35.414 INFO [main] org.apache.catalina.startup.VersionLoggerListener.log Command line argument: --add-opens=java.rmi/sun.rmi.transport=ALL-UNNAMED
14-Oct-2025 11:59:35.414 INFO [main] org.apache.catalina.startup.VersionLoggerListener.log Command line argument: -Djava.util.logging.config.file=C:\Users\sande\Desktop\Vehicle-Management-System-Java-Servlet-main\apache-tomcat-9.0.93\conf\logging.properties
14-Oct-2025 11:59:35.415 INFO [main] org.apache.catalina.startup.VersionLoggerListener.log Command line argument: -Djava.util.logging.manager=org.apache.juli.ClassLoaderLogManager
14-Oct-2025 11:59:35.415 INFO [main] org.apache.catalina.startup.VersionLoggerListener.log Command line argument: -Djdk.tls.ephemeralDHKeySize=2048
14-Oct-2025 11:59:35.416 INFO [main] org.apache.catalina.startup.VersionLoggerListener.log Command line argument: -Djava.protocol.handler.pkgs=org.apache.catalina.webresources
14-Oct-2025 11:59:35.416 INFO [main] org.apache.catalina.startup.VersionLoggerListener.log Command line argument: -Dignore.endorsed.dirs=
14-Oct-2025 11:59:35.417 INFO [main] org.apache.catalina.startup.VersionLoggerListener.log Command line argument: -Dcatalina.base=C:\Users\sande\Desktop\Vehicle-Management-System-Java-Servlet-main\apache-tomcat-9.0.93
14-Oct-2025 11:59:35.417 INFO [main] org.apache.catalina.startup.VersionLoggerListener.log Command line argument: -Dcatalina.home=C:\Users\sande\Desktop\Vehicle-Management-System-Java-Servlet-main\apache-tomcat-9.0.93
14-Oct-2025 11:59:35.417 INFO [main] org.apache.catalina.startup.VersionLoggerListener.log Command line argument: -Djava.io.tmpdir=C:\Users\sande\Desktop\Vehicle-Management-System-Java-Servlet-main\apache-tomcat-9.0.93\temp
14-Oct-2025 11:59:35.426 INFO [main] org.apache.catalina.core.AprLifecycleListener.lifecycleEvent Loaded Apache Tomcat Native library [1.3.1] using APR version [1.7.4].
14-Oct-2025 11:59:35.426 INFO [main] org.apache.catalina.core.AprLifecycleListener.lifecycleEvent APR capabilities: IPv6 [true], sendfile [true], accept filters [false], random [true], UDS [true].
14-Oct-2025 11:59:35.427 INFO [main] org.apache.catalina.core.AprLifecycleListener.lifecycleEvent APR/OpenSSL configuration: useAprConnector [false], useOpenSSL [true]
14-Oct-2025 11:59:35.441 INFO [main] org.apache.catalina.core.AprLifecycleListener.initializeSSL OpenSSL successfully initialized [OpenSSL 3.0.14 4 Jun 2024]
14-Oct-2025 11:59:35.953 INFO [main] org.apache.coyote.AbstractProtocol.init Initializing ProtocolHandler ["http-nio-8080"]
14-Oct-2025 11:59:36.004 INFO [main] org.apache.catalina.startup.Catalina.load Server initialization in [1001] milliseconds
14-Oct-2025 11:59:36.127 INFO [main] org.apache.catalina.core.StandardService.startInternal Starting service [Catalina]
14-Oct-2025 11:59:36.127 INFO [main] org.apache.catalina.core.StandardEngine.startInternal Starting Servlet engine: [Apache Tomcat/9.0.93]
14-Oct-2025 11:59:36.166 INFO [main] org.apache.catalina.startup.HostConfig.deployWAR Deploying web application archive [C:\Users\sande\Desktop\Vehicle-Management-System-Java-Servlet-main\apache-tomcat-9.0.93\webapps\Vehicle.war]
14-Oct-2025 11:59:36.826 SEVERE [main] org.apache.catalina.startup.HostConfig.deployWAR Error deploying web application archive [C:\Users\sande\Desktop\Vehicle-Management-System-Java-Servlet-main\apache-tomcat-9.0.93\webapps\Vehicle.war]
	java.lang.IllegalStateException: Error starting child
		at org.apache.catalina.core.ContainerBase.addChildInternal(ContainerBase.java:602)
		at org.apache.catalina.core.ContainerBase.addChild(ContainerBase.java:571)
		at org.apache.catalina.core.StandardHost.addChild(StandardHost.java:603)
		at org.apache.catalina.startup.HostConfig.deployWAR(HostConfig.java:1014)
		at org.apache.catalina.startup.HostConfig$DeployWar.run(HostConfig.java:1866)
		at java.base/java.util.concurrent.Executors$RunnableAdapter.call(Executors.java:539)
		at java.base/java.util.concurrent.FutureTask.run(FutureTask.java:264)
		at org.apache.tomcat.util.threads.InlineExecutorService.execute(InlineExecutorService.java:75)
		at java.base/java.util.concurrent.AbstractExecutorService.submit(AbstractExecutorService.java:123)
		at org.apache.catalina.startup.HostConfig.deployWARs(HostConfig.java:816)
		at org.apache.catalina.startup.HostConfig.deployApps(HostConfig.java:468)
		at org.apache.catalina.startup.HostConfig.start(HostConfig.java:1584)
		at org.apache.catalina.startup.HostConfig.lifecycleEvent(HostConfig.java:312)
		at org.apache.catalina.util.LifecycleBase.fireLifecycleEvent(LifecycleBase.java:109)
		at org.apache.catalina.util.LifecycleBase.setStateInternal(LifecycleBase.java:385)
		at org.apache.catalina.util.LifecycleBase.setState(LifecycleBase.java:332)
		at org.apache.catalina.core.ContainerBase.startInternal(ContainerBase.java:776)
		at org.apache.catalina.core.StandardHost.startInternal(StandardHost.java:721)
		at org.apache.catalina.util.LifecycleBase.start(LifecycleBase.java:164)
		at org.apache.catalina.core.ContainerBase$StartChild.call(ContainerBase.java:1203)
		at org.apache.catalina.core.ContainerBase$StartChild.call(ContainerBase.java:1193)
		at java.base/java.util.concurrent.FutureTask.run(FutureTask.java:264)
		at org.apache.tomcat.util.threads.InlineExecutorService.execute(InlineExecutorService.java:75)
		at java.base/java.util.concurrent.AbstractExecutorService.submit(AbstractExecutorService.java:145)
		at org.apache.catalina.core.ContainerBase.startInternal(ContainerBase.java:749)
		at org.apache.catalina.core.StandardEngine.startInternal(StandardEngine.java:211)
		at org.apache.catalina.util.LifecycleBase.start(LifecycleBase.java:164)
		at org.apache.catalina.core.StandardService.startInternal(StandardService.java:415)
		at org.apache.catalina.util.LifecycleBase.start(LifecycleBase.java:164)
		at org.apache.catalina.core.StandardServer.startInternal(StandardServer.java:878)
		at org.apache.catalina.util.LifecycleBase.start(LifecycleBase.java:164)
		at org.apache.catalina.startup.Catalina.start(Catalina.java:735)
		at java.base/jdk.internal.reflect.NativeMethodAccessorImpl.invoke0(Native Method)
		at java.base/jdk.internal.reflect.NativeMethodAccessorImpl.invoke(NativeMethodAccessorImpl.java:77)
		at java.base/jdk.internal.reflect.DelegatingMethodAccessorImpl.invoke(DelegatingMethodAccessorImpl.java:43)
		at java.base/java.lang.reflect.Method.invoke(Method.java:568)
		at org.apache.catalina.startup.Bootstrap.start(Bootstrap.java:345)
		at org.apache.catalina.startup.Bootstrap.main(Bootstrap.java:473)
	Caused by: org.apache.catalina.LifecycleException: Failed to start component [StandardEngine[Catalina].StandardHost[localhost].StandardContext[/Vehicle]]
		at org.apache.catalina.util.LifecycleBase.handleSubClassException(LifecycleBase.java:402)
		at org.apache.catalina.util.LifecycleBase.start(LifecycleBase.java:179)
		at org.apache.catalina.core.ContainerBase.addChildInternal(ContainerBase.java:599)
		... 37 more
	Caused by: java.lang.IllegalArgumentException: The servlets named [AdminLoginServlet] and [com.vehicle.AdminLoginServlet] are both mapped to the url-pattern [/admin/login] which is not permitted
		at org.apache.tomcat.util.descriptor.web.WebXml.addServletMappingDecoded(WebXml.java:354)
		at org.apache.tomcat.util.descriptor.web.WebXml.addServletMapping(WebXml.java:347)
		at org.apache.catalina.startup.ContextConfig.processAnnotationWebServlet(ContextConfig.java:2547)
		at org.apache.catalina.startup.ContextConfig.processClass(ContextConfig.java:2252)
		at org.apache.catalina.startup.ContextConfig.processAnnotationsStream(ContextConfig.java:2241)
		at org.apache.catalina.startup.ContextConfig.processAnnotationsWebResource(ContextConfig.java:2151)
		at org.apache.catalina.startup.ContextConfig.processAnnotationsWebResource(ContextConfig.java:2146)
		at org.apache.catalina.startup.ContextConfig.processAnnotationsWebResource(ContextConfig.java:2146)
		at org.apache.catalina.startup.ContextConfig.processClasses(ContextConfig.java:1351)
		at org.apache.catalina.startup.ContextConfig.webConfig(ContextConfig.java:1261)
		at org.apache.catalina.startup.ContextConfig.configureStart(ContextConfig.java:961)
		at org.apache.catalina.startup.ContextConfig.lifecycleEvent(ContextConfig.java:290)
		at org.apache.catalina.util.LifecycleBase.fireLifecycleEvent(LifecycleBase.java:109)
		at org.apache.catalina.core.StandardContext.startInternal(StandardContext.java:4354)
		at org.apache.catalina.util.LifecycleBase.start(LifecycleBase.java:164)
		... 38 more
14-Oct-2025 11:59:36.832 INFO [main] org.apache.catalina.startup.HostConfig.deployWAR Deployment of web application archive [C:\Users\sande\Desktop\Vehicle-Management-System-Java-Servlet-main\apache-tomcat-9.0.93\webapps\Vehicle.war] has finished in [666] ms
14-Oct-2025 11:59:36.834 INFO [main] org.apache.catalina.startup.HostConfig.deployDirectory Deploying web application directory [C:\Users\sande\Desktop\Vehicle-Management-System-Java-Servlet-main\apache-tomcat-9.0.93\webapps\docs]
14-Oct-2025 11:59:37.138 INFO [main] org.apache.jasper.servlet.TldScanner.scanJars At least one JAR was scanned for TLDs yet contained no TLDs. Enable debug logging for this logger for a complete list of JARs that were scanned but no TLDs were found in them. Skipping unneeded JARs during scanning can improve startup time and JSP compilation time.
14-Oct-2025 11:59:37.301 INFO [main] org.apache.catalina.startup.HostConfig.deployDirectory Deployment of web application directory [C:\Users\sande\Desktop\Vehicle-Management-System-Java-Servlet-main\apache-tomcat-9.0.93\webapps\docs] has finished in [468] ms
14-Oct-2025 11:59:37.302 INFO [main] org.apache.catalina.startup.HostConfig.deployDirectory Deploying web application directory [C:\Users\sande\Desktop\Vehicle-Management-System-Java-Servlet-main\apache-tomcat-9.0.93\webapps\examples]
14-Oct-2025 11:59:38.330 INFO [main] org.apache.jasper.servlet.TldScanner.scanJars At least one JAR was scanned for TLDs yet contained no TLDs. Enable debug logging for this logger for a complete list of JARs that were scanned but no TLDs were found in them. Skipping unneeded JARs during scanning can improve startup time and JSP compilation time.
14-Oct-2025 11:59:38.479 INFO [main] org.apache.catalina.startup.HostConfig.deployDirectory Deployment of web application directory [C:\Users\sande\Desktop\Vehicle-Management-System-Java-Servlet-main\apache-tomcat-9.0.93\webapps\examples] has finished in [1,176] ms
14-Oct-2025 11:59:38.479 INFO [main] org.apache.catalina.startup.HostConfig.deployDirectory Deploying web application directory [C:\Users\sande\Desktop\Vehicle-Management-System-Java-Servlet-main\apache-tomcat-9.0.93\webapps\host-manager]
14-Oct-2025 11:59:38.600 INFO [main] org.apache.jasper.servlet.TldScanner.scanJars At least one JAR was scanned for TLDs yet contained no TLDs. Enable debug logging for this logger for a complete list of JARs that were scanned but no TLDs were found in them. Skipping unneeded JARs during scanning can improve startup time and JSP compilation time.
14-Oct-2025 11:59:38.616 INFO [main] org.apache.catalina.startup.HostConfig.deployDirectory Deployment of web application directory [C:\Users\sande\Desktop\Vehicle-Management-System-Java-Servlet-main\apache-tomcat-9.0.93\webapps\host-manager] has finished in [136] ms
14-Oct-2025 11:59:38.617 INFO [main] org.apache.catalina.startup.HostConfig.deployDirectory Deploying web application directory [C:\Users\sande\Desktop\Vehicle-Management-System-Java-Servlet-main\apache-tomcat-9.0.93\webapps\manager]
14-Oct-2025 11:59:38.751 INFO [main] org.apache.jasper.servlet.TldScanner.scanJars At least one JAR was scanned for TLDs yet contained no TLDs. Enable debug logging for this logger for a complete list of JARs that were scanned but no TLDs were found in them. Skipping unneeded JARs during scanning can improve startup time and JSP compilation time.
14-Oct-2025 11:59:38.761 INFO [main] org.apache.catalina.startup.HostConfig.deployDirectory Deployment of web application directory [C:\Users\sande\Desktop\Vehicle-Management-System-Java-Servlet-main\apache-tomcat-9.0.93\webapps\manager] has finished in [142] ms
14-Oct-2025 11:59:38.762 INFO [main] org.apache.catalina.startup.HostConfig.deployDirectory Deploying web application directory [C:\Users\sande\Desktop\Vehicle-Management-System-Java-Servlet-main\apache-tomcat-9.0.93\webapps\ROOT]
14-Oct-2025 11:59:38.860 INFO [main] org.apache.jasper.servlet.TldScanner.scanJars At least one JAR was scanned for TLDs yet contained no TLDs. Enable debug logging for this logger for a complete list of JARs that were scanned but no TLDs were found in them. Skipping unneeded JARs during scanning can improve startup time and JSP compilation time.
14-Oct-2025 11:59:38.867 INFO [main] org.apache.catalina.startup.HostConfig.deployDirectory Deployment of web application directory [C:\Users\sande\Desktop\Vehicle-Management-System-Java-Servlet-main\apache-tomcat-9.0.93\webapps\ROOT] has finished in [104] ms
14-Oct-2025 11:59:38.875 INFO [main] org.apache.coyote.AbstractProtocol.start Starting ProtocolHandler ["http-nio-8080"]
14-Oct-2025 11:59:38.966 INFO [main] org.apache.catalina.startup.Catalina.start Server startup in [2960] milliseconds
14-Oct-2025 12:00:31.840 INFO [main] org.apache.catalina.core.StandardServer.await A valid shutdown command was received via the shutdown port. Stopping the Server instance.
14-Oct-2025 12:00:31.842 INFO [main] org.apache.coyote.AbstractProtocol.pause Pausing ProtocolHandler ["http-nio-8080"]
14-Oct-2025 12:00:32.138 INFO [main] org.apache.catalina.core.StandardService.stopInternal Stopping service [Catalina]
14-Oct-2025 12:00:32.173 INFO [main] org.apache.coyote.AbstractProtocol.stop Stopping ProtocolHandler ["http-nio-8080"]
14-Oct-2025 12:00:32.187 INFO [main] org.apache.coyote.AbstractProtocol.destroy Destroying ProtocolHandler ["http-nio-8080"]
14-Oct-2025 12:00:34.391 INFO [main] org.apache.catalina.startup.VersionLoggerListener.log Server version name:   Apache Tomcat/9.0.93
14-Oct-2025 12:00:34.399 INFO [main] org.apache.catalina.startup.VersionLoggerListener.log Server built:          Aug 2 2024 21:24:59 UTC
14-Oct-2025 12:00:34.401 INFO [main] org.apache.catalina.startup.VersionLoggerListener.log Server version number: 9.0.93.0
14-Oct-2025 12:00:34.401 INFO [main] org.apache.catalina.startup.VersionLoggerListener.log OS Name:               Windows 11
14-Oct-2025 12:00:34.403 INFO [main] org.apache.catalina.startup.VersionLoggerListener.log OS Version:            10.0
14-Oct-2025 12:00:34.403 INFO [main] org.apache.catalina.startup.VersionLoggerListener.log Architecture:          amd64
14-Oct-2025 12:00:34.403 INFO [main] org.apache.catalina.startup.VersionLoggerListener.log Java Home:             C:\Program Files\Java\jdk-17
14-Oct-2025 12:00:34.403 INFO [main] org.apache.catalina.startup.VersionLoggerListener.log JVM Version:           17.0.12+8-LTS-286
14-Oct-2025 12:00:34.403 INFO [main] org.apache.catalina.startup.VersionLoggerListener.log JVM Vendor:            Oracle Corporation
14-Oct-2025 12:00:34.404 INFO [main] org.apache.catalina.startup.VersionLoggerListener.log CATALINA_BASE:         C:\Users\sande\Desktop\Vehicle-Management-System-Java-Servlet-main\apache-tomcat-9.0.93
14-Oct-2025 12:00:34.404 INFO [main] org.apache.catalina.startup.VersionLoggerListener.log CATALINA_HOME:         C:\Users\sande\Desktop\Vehicle-Management-System-Java-Servlet-main\apache-tomcat-9.0.93
14-Oct-2025 12:00:34.425 INFO [main] org.apache.catalina.startup.VersionLoggerListener.log Command line argument: --add-opens=java.base/java.lang=ALL-UNNAMED
14-Oct-2025 12:00:34.426 INFO [main] org.apache.catalina.startup.VersionLoggerListener.log Command line argument: --add-opens=java.base/java.io=ALL-UNNAMED
14-Oct-2025 12:00:34.426 INFO [main] org.apache.catalina.startup.VersionLoggerListener.log Command line argument: --add-opens=java.base/java.util=ALL-UNNAMED
14-Oct-2025 12:00:34.427 INFO [main] org.apache.catalina.startup.VersionLoggerListener.log Command line argument: --add-opens=java.base/java.util.concurrent=ALL-UNNAMED
14-Oct-2025 12:00:34.427 INFO [main] org.apache.catalina.startup.VersionLoggerListener.log Command line argument: --add-opens=java.rmi/sun.rmi.transport=ALL-UNNAMED
14-Oct-2025 12:00:34.427 INFO [main] org.apache.catalina.startup.VersionLoggerListener.log Command line argument: -Djava.util.logging.config.file=C:\Users\sande\Desktop\Vehicle-Management-System-Java-Servlet-main\apache-tomcat-9.0.93\conf\logging.properties
14-Oct-2025 12:00:34.428 INFO [main] org.apache.catalina.startup.VersionLoggerListener.log Command line argument: -Djava.util.logging.manager=org.apache.juli.ClassLoaderLogManager
14-Oct-2025 12:00:34.428 INFO [main] org.apache.catalina.startup.VersionLoggerListener.log Command line argument: -Djdk.tls.ephemeralDHKeySize=2048
14-Oct-2025 12:00:34.429 INFO [main] org.apache.catalina.startup.VersionLoggerListener.log Command line argument: -Djava.protocol.handler.pkgs=org.apache.catalina.webresources
14-Oct-2025 12:00:34.429 INFO [main] org.apache.catalina.startup.VersionLoggerListener.log Command line argument: -Dignore.endorsed.dirs=
14-Oct-2025 12:00:34.429 INFO [main] org.apache.catalina.startup.VersionLoggerListener.log Command line argument: -Dcatalina.base=C:\Users\sande\Desktop\Vehicle-Management-System-Java-Servlet-main\apache-tomcat-9.0.93
14-Oct-2025 12:00:34.430 INFO [main] org.apache.catalina.startup.VersionLoggerListener.log Command line argument: -Dcatalina.home=C:\Users\sande\Desktop\Vehicle-Management-System-Java-Servlet-main\apache-tomcat-9.0.93
14-Oct-2025 12:00:34.430 INFO [main] org.apache.catalina.startup.VersionLoggerListener.log Command line argument: -Djava.io.tmpdir=C:\Users\sande\Desktop\Vehicle-Management-System-Java-Servlet-main\apache-tomcat-9.0.93\temp
14-Oct-2025 12:00:34.438 INFO [main] org.apache.catalina.core.AprLifecycleListener.lifecycleEvent Loaded Apache Tomcat Native library [1.3.1] using APR version [1.7.4].
14-Oct-2025 12:00:34.438 INFO [main] org.apache.catalina.core.AprLifecycleListener.lifecycleEvent APR capabilities: IPv6 [true], sendfile [true], accept filters [false], random [true], UDS [true].
14-Oct-2025 12:00:34.439 INFO [main] org.apache.catalina.core.AprLifecycleListener.lifecycleEvent APR/OpenSSL configuration: useAprConnector [false], useOpenSSL [true]
14-Oct-2025 12:00:34.450 INFO [main] org.apache.catalina.core.AprLifecycleListener.initializeSSL OpenSSL successfully initialized [OpenSSL 3.0.14 4 Jun 2024]
14-Oct-2025 12:00:34.966 INFO [main] org.apache.coyote.AbstractProtocol.init Initializing ProtocolHandler ["http-nio-8080"]
14-Oct-2025 12:00:35.010 INFO [main] org.apache.catalina.startup.Catalina.load Server initialization in [974] milliseconds
14-Oct-2025 12:00:35.122 INFO [main] org.apache.catalina.core.StandardService.startInternal Starting service [Catalina]
14-Oct-2025 12:00:35.122 INFO [main] org.apache.catalina.core.StandardEngine.startInternal Starting Servlet engine: [Apache Tomcat/9.0.93]
14-Oct-2025 12:00:35.172 INFO [main] org.apache.catalina.startup.HostConfig.deployWAR Deploying web application archive [C:\Users\sande\Desktop\Vehicle-Management-System-Java-Servlet-main\apache-tomcat-9.0.93\webapps\Vehicle.war]
14-Oct-2025 12:00:37.333 INFO [main] org.apache.jasper.servlet.TldScanner.scanJars At least one JAR was scanned for TLDs yet contained no TLDs. Enable debug logging for this logger for a complete list of JARs that were scanned but no TLDs were found in them. Skipping unneeded JARs during scanning can improve startup time and JSP compilation time.
14-Oct-2025 12:00:37.499 INFO [main] org.apache.catalina.startup.HostConfig.deployWAR Deployment of web application archive [C:\Users\sande\Desktop\Vehicle-Management-System-Java-Servlet-main\apache-tomcat-9.0.93\webapps\Vehicle.war] has finished in [2,326] ms
14-Oct-2025 12:00:37.500 INFO [main] org.apache.catalina.startup.HostConfig.deployDirectory Deploying web application directory [C:\Users\sande\Desktop\Vehicle-Management-System-Java-Servlet-main\apache-tomcat-9.0.93\webapps\docs]
14-Oct-2025 12:00:37.621 INFO [main] org.apache.jasper.servlet.TldScanner.scanJars At least one JAR was scanned for TLDs yet contained no TLDs. Enable debug logging for this logger for a complete list of JARs that were scanned but no TLDs were found in them. Skipping unneeded JARs during scanning can improve startup time and JSP compilation time.
14-Oct-2025 12:00:37.628 INFO [main] org.apache.catalina.startup.HostConfig.deployDirectory Deployment of web application directory [C:\Users\sande\Desktop\Vehicle-Management-System-Java-Servlet-main\apache-tomcat-9.0.93\webapps\docs] has finished in [127] ms
14-Oct-2025 12:00:37.628 INFO [main] org.apache.catalina.startup.HostConfig.deployDirectory Deploying web application directory [C:\Users\sande\Desktop\Vehicle-Management-System-Java-Servlet-main\apache-tomcat-9.0.93\webapps\examples]
14-Oct-2025 12:00:38.540 INFO [main] org.apache.jasper.servlet.TldScanner.scanJars At least one JAR was scanned for TLDs yet contained no TLDs. Enable debug logging for this logger for a complete list of JARs that were scanned but no TLDs were found in them. Skipping unneeded JARs during scanning can improve startup time and JSP compilation time.
14-Oct-2025 12:00:38.700 INFO [main] org.apache.catalina.startup.HostConfig.deployDirectory Deployment of web application directory [C:\Users\sande\Desktop\Vehicle-Management-System-Java-Servlet-main\apache-tomcat-9.0.93\webapps\examples] has finished in [1,072] ms
14-Oct-2025 12:00:38.701 INFO [main] org.apache.catalina.startup.HostConfig.deployDirectory Deploying web application directory [C:\Users\sande\Desktop\Vehicle-Management-System-Java-Servlet-main\apache-tomcat-9.0.93\webapps\host-manager]
14-Oct-2025 12:00:38.820 INFO [main] org.apache.jasper.servlet.TldScanner.scanJars At least one JAR was scanned for TLDs yet contained no TLDs. Enable debug logging for this logger for a complete list of JARs that were scanned but no TLDs were found in them. Skipping unneeded JARs during scanning can improve startup time and JSP compilation time.
14-Oct-2025 12:00:38.839 INFO [main] org.apache.catalina.startup.HostConfig.deployDirectory Deployment of web application directory [C:\Users\sande\Desktop\Vehicle-Management-System-Java-Servlet-main\apache-tomcat-9.0.93\webapps\host-manager] has finished in [137] ms
14-Oct-2025 12:00:38.840 INFO [main] org.apache.catalina.startup.HostConfig.deployDirectory Deploying web application directory [C:\Users\sande\Desktop\Vehicle-Management-System-Java-Servlet-main\apache-tomcat-9.0.93\webapps\manager]
14-Oct-2025 12:00:38.973 INFO [main] org.apache.jasper.servlet.TldScanner.scanJars At least one JAR was scanned for TLDs yet contained no TLDs. Enable debug logging for this logger for a complete list of JARs that were scanned but no TLDs were found in them. Skipping unneeded JARs during scanning can improve startup time and JSP compilation time.
14-Oct-2025 12:00:38.984 INFO [main] org.apache.catalina.startup.HostConfig.deployDirectory Deployment of web application directory [C:\Users\sande\Desktop\Vehicle-Management-System-Java-Servlet-main\apache-tomcat-9.0.93\webapps\manager] has finished in [143] ms
14-Oct-2025 12:00:38.984 INFO [main] org.apache.catalina.startup.HostConfig.deployDirectory Deploying web application directory [C:\Users\sande\Desktop\Vehicle-Management-System-Java-Servlet-main\apache-tomcat-9.0.93\webapps\ROOT]
14-Oct-2025 12:00:39.081 INFO [main] org.apache.jasper.servlet.TldScanner.scanJars At least one JAR was scanned for TLDs yet contained no TLDs. Enable debug logging for this logger for a complete list of JARs that were scanned but no TLDs were found in them. Skipping unneeded JARs during scanning can improve startup time and JSP compilation time.
14-Oct-2025 12:00:39.090 INFO [main] org.apache.catalina.startup.HostConfig.deployDirectory Deployment of web application directory [C:\Users\sande\Desktop\Vehicle-Management-System-Java-Servlet-main\apache-tomcat-9.0.93\webapps\ROOT] has finished in [106] ms
14-Oct-2025 12:00:39.098 INFO [main] org.apache.coyote.AbstractProtocol.start Starting ProtocolHandler ["http-nio-8080"]
14-Oct-2025 12:00:39.192 INFO [main] org.apache.catalina.startup.Catalina.start Server startup in [4180] milliseconds
14-Oct-2025 12:07:22.151 INFO [main] org.apache.catalina.core.StandardServer.await A valid shutdown command was received via the shutdown port. Stopping the Server instance.
14-Oct-2025 12:07:22.154 INFO [main] org.apache.coyote.AbstractProtocol.pause Pausing ProtocolHandler ["http-nio-8080"]
14-Oct-2025 12:07:22.452 INFO [main] org.apache.catalina.core.StandardService.stopInternal Stopping service [Catalina]
14-Oct-2025 12:07:22.513 WARNING [main] org.apache.catalina.loader.WebappClassLoaderBase.clearReferencesJdbc The web application [Vehicle] registered the JDBC driver [com.mysql.cj.jdbc.Driver] but failed to unregister it when the web application was stopped. To prevent a memory leak, the JDBC Driver has been forcibly unregistered.
14-Oct-2025 12:07:22.514 WARNING [main] org.apache.catalina.loader.WebappClassLoaderBase.clearReferencesThreads The web application [Vehicle] appears to have started a thread named [mysql-cj-abandoned-connection-cleanup] but has failed to stop it. This is very likely to create a memory leak. Stack trace of thread:
 java.base@17.0.12/java.lang.Object.wait(Native Method)
 java.base@17.0.12/java.lang.ref.ReferenceQueue.remove(ReferenceQueue.java:155)
 com.mysql.cj.jdbc.AbandonedConnectionCleanupThread.run(AbandonedConnectionCleanupThread.java:91)
 java.base@17.0.12/java.util.concurrent.ThreadPoolExecutor.runWorker(ThreadPoolExecutor.java:1136)
 java.base@17.0.12/java.util.concurrent.ThreadPoolExecutor$Worker.run(ThreadPoolExecutor.java:635)
 java.base@17.0.12/java.lang.Thread.run(Thread.java:842)
14-Oct-2025 12:07:22.522 INFO [main] org.apache.coyote.AbstractProtocol.stop Stopping ProtocolHandler ["http-nio-8080"]
14-Oct-2025 12:07:22.536 INFO [main] org.apache.coyote.AbstractProtocol.destroy Destroying ProtocolHandler ["http-nio-8080"]
14-Oct-2025 12:07:24.706 INFO [main] org.apache.catalina.startup.VersionLoggerListener.log Server version name:   Apache Tomcat/9.0.93
14-Oct-2025 12:07:24.712 INFO [main] org.apache.catalina.startup.VersionLoggerListener.log Server built:          Aug 2 2024 21:24:59 UTC
14-Oct-2025 12:07:24.713 INFO [main] org.apache.catalina.startup.VersionLoggerListener.log Server version number: 9.0.93.0
14-Oct-2025 12:07:24.713 INFO [main] org.apache.catalina.startup.VersionLoggerListener.log OS Name:               Windows 11
14-Oct-2025 12:07:24.714 INFO [main] org.apache.catalina.startup.VersionLoggerListener.log OS Version:            10.0
14-Oct-2025 12:07:24.714 INFO [main] org.apache.catalina.startup.VersionLoggerListener.log Architecture:          amd64
14-Oct-2025 12:07:24.714 INFO [main] org.apache.catalina.startup.VersionLoggerListener.log Java Home:             C:\Program Files\Java\jdk-17
14-Oct-2025 12:07:24.715 INFO [main] org.apache.catalina.startup.VersionLoggerListener.log JVM Version:           17.0.12+8-LTS-286
14-Oct-2025 12:07:24.715 INFO [main] org.apache.catalina.startup.VersionLoggerListener.log JVM Vendor:            Oracle Corporation
14-Oct-2025 12:07:24.715 INFO [main] org.apache.catalina.startup.VersionLoggerListener.log CATALINA_BASE:         C:\Users\sande\Desktop\Vehicle-Management-System-Java-Servlet-main\apache-tomcat-9.0.93
14-Oct-2025 12:07:24.716 INFO [main] org.apache.catalina.startup.VersionLoggerListener.log CATALINA_HOME:         C:\Users\sande\Desktop\Vehicle-Management-System-Java-Servlet-main\apache-tomcat-9.0.93
14-Oct-2025 12:07:24.738 INFO [main] org.apache.catalina.startup.VersionLoggerListener.log Command line argument: --add-opens=java.base/java.lang=ALL-UNNAMED
14-Oct-2025 12:07:24.739 INFO [main] org.apache.catalina.startup.VersionLoggerListener.log Command line argument: --add-opens=java.base/java.io=ALL-UNNAMED
14-Oct-2025 12:07:24.739 INFO [main] org.apache.catalina.startup.VersionLoggerListener.log Command line argument: --add-opens=java.base/java.util=ALL-UNNAMED
14-Oct-2025 12:07:24.740 INFO [main] org.apache.catalina.startup.VersionLoggerListener.log Command line argument: --add-opens=java.base/java.util.concurrent=ALL-UNNAMED
14-Oct-2025 12:07:24.740 INFO [main] org.apache.catalina.startup.VersionLoggerListener.log Command line argument: --add-opens=java.rmi/sun.rmi.transport=ALL-UNNAMED
14-Oct-2025 12:07:24.740 INFO [main] org.apache.catalina.startup.VersionLoggerListener.log Command line argument: -Djava.util.logging.config.file=C:\Users\sande\Desktop\Vehicle-Management-System-Java-Servlet-main\apache-tomcat-9.0.93\conf\logging.properties
14-Oct-2025 12:07:24.741 INFO [main] org.apache.catalina.startup.VersionLoggerListener.log Command line argument: -Djava.util.logging.manager=org.apache.juli.ClassLoaderLogManager
14-Oct-2025 12:07:24.742 INFO [main] org.apache.catalina.startup.VersionLoggerListener.log Command line argument: -Djdk.tls.ephemeralDHKeySize=2048
14-Oct-2025 12:07:24.742 INFO [main] org.apache.catalina.startup.VersionLoggerListener.log Command line argument: -Djava.protocol.handler.pkgs=org.apache.catalina.webresources
14-Oct-2025 12:07:24.743 INFO [main] org.apache.catalina.startup.VersionLoggerListener.log Command line argument: -Dignore.endorsed.dirs=
14-Oct-2025 12:07:24.743 INFO [main] org.apache.catalina.startup.VersionLoggerListener.log Command line argument: -Dcatalina.base=C:\Users\sande\Desktop\Vehicle-Management-System-Java-Servlet-main\apache-tomcat-9.0.93
14-Oct-2025 12:07:24.743 INFO [main] org.apache.catalina.startup.VersionLoggerListener.log Command line argument: -Dcatalina.home=C:\Users\sande\Desktop\Vehicle-Management-System-Java-Servlet-main\apache-tomcat-9.0.93
14-Oct-2025 12:07:24.744 INFO [main] org.apache.catalina.startup.VersionLoggerListener.log Command line argument: -Djava.io.tmpdir=C:\Users\sande\Desktop\Vehicle-Management-System-Java-Servlet-main\apache-tomcat-9.0.93\temp
14-Oct-2025 12:07:24.751 INFO [main] org.apache.catalina.core.AprLifecycleListener.lifecycleEvent Loaded Apache Tomcat Native library [1.3.1] using APR version [1.7.4].
14-Oct-2025 12:07:24.751 INFO [main] org.apache.catalina.core.AprLifecycleListener.lifecycleEvent APR capabilities: IPv6 [true], sendfile [true], accept filters [false], random [true], UDS [true].
14-Oct-2025 12:07:24.752 INFO [main] org.apache.catalina.core.AprLifecycleListener.lifecycleEvent APR/OpenSSL configuration: useAprConnector [false], useOpenSSL [true]
14-Oct-2025 12:07:24.763 INFO [main] org.apache.catalina.core.AprLifecycleListener.initializeSSL OpenSSL successfully initialized [OpenSSL 3.0.14 4 Jun 2024]
14-Oct-2025 12:07:25.272 INFO [main] org.apache.coyote.AbstractProtocol.init Initializing ProtocolHandler ["http-nio-8080"]
14-Oct-2025 12:07:25.323 INFO [main] org.apache.catalina.startup.Catalina.load Server initialization in [959] milliseconds
14-Oct-2025 12:07:25.420 INFO [main] org.apache.catalina.core.StandardService.startInternal Starting service [Catalina]
14-Oct-2025 12:07:25.421 INFO [main] org.apache.catalina.core.StandardEngine.startInternal Starting Servlet engine: [Apache Tomcat/9.0.93]
14-Oct-2025 12:07:25.453 INFO [main] org.apache.catalina.startup.HostConfig.deployWAR Deploying web application archive [C:\Users\sande\Desktop\Vehicle-Management-System-Java-Servlet-main\apache-tomcat-9.0.93\webapps\Vehicle.war]
14-Oct-2025 12:07:27.589 INFO [main] org.apache.jasper.servlet.TldScanner.scanJars At least one JAR was scanned for TLDs yet contained no TLDs. Enable debug logging for this logger for a complete list of JARs that were scanned but no TLDs were found in them. Skipping unneeded JARs during scanning can improve startup time and JSP compilation time.
14-Oct-2025 12:07:27.770 INFO [main] org.apache.catalina.startup.HostConfig.deployWAR Deployment of web application archive [C:\Users\sande\Desktop\Vehicle-Management-System-Java-Servlet-main\apache-tomcat-9.0.93\webapps\Vehicle.war] has finished in [2,317] ms
14-Oct-2025 12:07:27.771 INFO [main] org.apache.catalina.startup.HostConfig.deployDirectory Deploying web application directory [C:\Users\sande\Desktop\Vehicle-Management-System-Java-Servlet-main\apache-tomcat-9.0.93\webapps\docs]
14-Oct-2025 12:07:27.894 INFO [main] org.apache.jasper.servlet.TldScanner.scanJars At least one JAR was scanned for TLDs yet contained no TLDs. Enable debug logging for this logger for a complete list of JARs that were scanned but no TLDs were found in them. Skipping unneeded JARs during scanning can improve startup time and JSP compilation time.
14-Oct-2025 12:07:27.902 INFO [main] org.apache.catalina.startup.HostConfig.deployDirectory Deployment of web application directory [C:\Users\sande\Desktop\Vehicle-Management-System-Java-Servlet-main\apache-tomcat-9.0.93\webapps\docs] has finished in [131] ms
14-Oct-2025 12:07:27.903 INFO [main] org.apache.catalina.startup.HostConfig.deployDirectory Deploying web application directory [C:\Users\sande\Desktop\Vehicle-Management-System-Java-Servlet-main\apache-tomcat-9.0.93\webapps\examples]
14-Oct-2025 12:07:28.821 INFO [main] org.apache.jasper.servlet.TldScanner.scanJars At least one JAR was scanned for TLDs yet contained no TLDs. Enable debug logging for this logger for a complete list of JARs that were scanned but no TLDs were found in them. Skipping unneeded JARs during scanning can improve startup time and JSP compilation time.
14-Oct-2025 12:07:28.959 INFO [main] org.apache.catalina.startup.HostConfig.deployDirectory Deployment of web application directory [C:\Users\sande\Desktop\Vehicle-Management-System-Java-Servlet-main\apache-tomcat-9.0.93\webapps\examples] has finished in [1,056] ms
14-Oct-2025 12:07:28.960 INFO [main] org.apache.catalina.startup.HostConfig.deployDirectory Deploying web application directory [C:\Users\sande\Desktop\Vehicle-Management-System-Java-Servlet-main\apache-tomcat-9.0.93\webapps\host-manager]
14-Oct-2025 12:07:29.077 INFO [main] org.apache.jasper.servlet.TldScanner.scanJars At least one JAR was scanned for TLDs yet contained no TLDs. Enable debug logging for this logger for a complete list of JARs that were scanned but no TLDs were found in them. Skipping unneeded JARs during scanning can improve startup time and JSP compilation time.
14-Oct-2025 12:07:29.092 INFO [main] org.apache.catalina.startup.HostConfig.deployDirectory Deployment of web application directory [C:\Users\sande\Desktop\Vehicle-Management-System-Java-Servlet-main\apache-tomcat-9.0.93\webapps\host-manager] has finished in [132] ms
14-Oct-2025 12:07:29.093 INFO [main] org.apache.catalina.startup.HostConfig.deployDirectory Deploying web application directory [C:\Users\sande\Desktop\Vehicle-Management-System-Java-Servlet-main\apache-tomcat-9.0.93\webapps\manager]
14-Oct-2025 12:07:29.228 INFO [main] org.apache.jasper.servlet.TldScanner.scanJars At least one JAR was scanned for TLDs yet contained no TLDs. Enable debug logging for this logger for a complete list of JARs that were scanned but no TLDs were found in them. Skipping unneeded JARs during scanning can improve startup time and JSP compilation time.
14-Oct-2025 12:07:29.236 INFO [main] org.apache.catalina.startup.HostConfig.deployDirectory Deployment of web application directory [C:\Users\sande\Desktop\Vehicle-Management-System-Java-Servlet-main\apache-tomcat-9.0.93\webapps\manager] has finished in [143] ms
14-Oct-2025 12:07:29.237 INFO [main] org.apache.catalina.startup.HostConfig.deployDirectory Deploying web application directory [C:\Users\sande\Desktop\Vehicle-Management-System-Java-Servlet-main\apache-tomcat-9.0.93\webapps\ROOT]
14-Oct-2025 12:07:29.332 INFO [main] org.apache.jasper.servlet.TldScanner.scanJars At least one JAR was scanned for TLDs yet contained no TLDs. Enable debug logging for this logger for a complete list of JARs that were scanned but no TLDs were found in them. Skipping unneeded JARs during scanning can improve startup time and JSP compilation time.
14-Oct-2025 12:07:29.338 INFO [main] org.apache.catalina.startup.HostConfig.deployDirectory Deployment of web application directory [C:\Users\sande\Desktop\Vehicle-Management-System-Java-Servlet-main\apache-tomcat-9.0.93\webapps\ROOT] has finished in [100] ms
14-Oct-2025 12:07:29.347 INFO [main] org.apache.coyote.AbstractProtocol.start Starting ProtocolHandler ["http-nio-8080"]
14-Oct-2025 12:07:29.441 INFO [main] org.apache.catalina.startup.Catalina.start Server startup in [4117] milliseconds
14-Oct-2025 12:09:31.615 INFO [main] org.apache.catalina.core.StandardServer.await A valid shutdown command was received via the shutdown port. Stopping the Server instance.
14-Oct-2025 12:09:31.616 INFO [main] org.apache.coyote.AbstractProtocol.pause Pausing ProtocolHandler ["http-nio-8080"]
14-Oct-2025 12:09:31.931 INFO [main] org.apache.catalina.core.StandardService.stopInternal Stopping service [Catalina]
14-Oct-2025 12:09:31.986 WARNING [main] org.apache.catalina.loader.WebappClassLoaderBase.clearReferencesJdbc The web application [Vehicle] registered the JDBC driver [com.mysql.cj.jdbc.Driver] but failed to unregister it when the web application was stopped. To prevent a memory leak, the JDBC Driver has been forcibly unregistered.
14-Oct-2025 12:09:31.987 WARNING [main] org.apache.catalina.loader.WebappClassLoaderBase.clearReferencesThreads The web application [Vehicle] appears to have started a thread named [mysql-cj-abandoned-connection-cleanup] but has failed to stop it. This is very likely to create a memory leak. Stack trace of thread:
 java.base@17.0.12/java.lang.Object.wait(Native Method)
 java.base@17.0.12/java.lang.ref.ReferenceQueue.remove(ReferenceQueue.java:155)
 com.mysql.cj.jdbc.AbandonedConnectionCleanupThread.run(AbandonedConnectionCleanupThread.java:91)
 java.base@17.0.12/java.util.concurrent.ThreadPoolExecutor.runWorker(ThreadPoolExecutor.java:1136)
 java.base@17.0.12/java.util.concurrent.ThreadPoolExecutor$Worker.run(ThreadPoolExecutor.java:635)
 java.base@17.0.12/java.lang.Thread.run(Thread.java:842)
14-Oct-2025 12:09:31.997 INFO [main] org.apache.coyote.AbstractProtocol.stop Stopping ProtocolHandler ["http-nio-8080"]
14-Oct-2025 12:09:32.003 INFO [main] org.apache.coyote.AbstractProtocol.destroy Destroying ProtocolHandler ["http-nio-8080"]
14-Oct-2025 12:09:34.157 INFO [main] org.apache.catalina.startup.VersionLoggerListener.log Server version name:   Apache Tomcat/9.0.93
14-Oct-2025 12:09:34.164 INFO [main] org.apache.catalina.startup.VersionLoggerListener.log Server built:          Aug 2 2024 21:24:59 UTC
14-Oct-2025 12:09:34.164 INFO [main] org.apache.catalina.startup.VersionLoggerListener.log Server version number: 9.0.93.0
14-Oct-2025 12:09:34.165 INFO [main] org.apache.catalina.startup.VersionLoggerListener.log OS Name:               Windows 11
14-Oct-2025 12:09:34.165 INFO [main] org.apache.catalina.startup.VersionLoggerListener.log OS Version:            10.0
14-Oct-2025 12:09:34.165 INFO [main] org.apache.catalina.startup.VersionLoggerListener.log Architecture:          amd64
14-Oct-2025 12:09:34.166 INFO [main] org.apache.catalina.startup.VersionLoggerListener.log Java Home:             C:\Program Files\Java\jdk-17
14-Oct-2025 12:09:34.166 INFO [main] org.apache.catalina.startup.VersionLoggerListener.log JVM Version:           17.0.12+8-LTS-286
14-Oct-2025 12:09:34.166 INFO [main] org.apache.catalina.startup.VersionLoggerListener.log JVM Vendor:            Oracle Corporation
14-Oct-2025 12:09:34.167 INFO [main] org.apache.catalina.startup.VersionLoggerListener.log CATALINA_BASE:         C:\Users\sande\Desktop\Vehicle-Management-System-Java-Servlet-main\apache-tomcat-9.0.93
14-Oct-2025 12:09:34.167 INFO [main] org.apache.catalina.startup.VersionLoggerListener.log CATALINA_HOME:         C:\Users\sande\Desktop\Vehicle-Management-System-Java-Servlet-main\apache-tomcat-9.0.93
14-Oct-2025 12:09:34.189 INFO [main] org.apache.catalina.startup.VersionLoggerListener.log Command line argument: --add-opens=java.base/java.lang=ALL-UNNAMED
14-Oct-2025 12:09:34.189 INFO [main] org.apache.catalina.startup.VersionLoggerListener.log Command line argument: --add-opens=java.base/java.io=ALL-UNNAMED
14-Oct-2025 12:09:34.190 INFO [main] org.apache.catalina.startup.VersionLoggerListener.log Command line argument: --add-opens=java.base/java.util=ALL-UNNAMED
14-Oct-2025 12:09:34.190 INFO [main] org.apache.catalina.startup.VersionLoggerListener.log Command line argument: --add-opens=java.base/java.util.concurrent=ALL-UNNAMED
14-Oct-2025 12:09:34.190 INFO [main] org.apache.catalina.startup.VersionLoggerListener.log Command line argument: --add-opens=java.rmi/sun.rmi.transport=ALL-UNNAMED
14-Oct-2025 12:09:34.190 INFO [main] org.apache.catalina.startup.VersionLoggerListener.log Command line argument: -Djava.util.logging.config.file=C:\Users\sande\Desktop\Vehicle-Management-System-Java-Servlet-main\apache-tomcat-9.0.93\conf\logging.properties
14-Oct-2025 12:09:34.191 INFO [main] org.apache.catalina.startup.VersionLoggerListener.log Command line argument: -Djava.util.logging.manager=org.apache.juli.ClassLoaderLogManager
14-Oct-2025 12:09:34.191 INFO [main] org.apache.catalina.startup.VersionLoggerListener.log Command line argument: -Djdk.tls.ephemeralDHKeySize=2048
14-Oct-2025 12:09:34.191 INFO [main] org.apache.catalina.startup.VersionLoggerListener.log Command line argument: -Djava.protocol.handler.pkgs=org.apache.catalina.webresources
14-Oct-2025 12:09:34.192 INFO [main] org.apache.catalina.startup.VersionLoggerListener.log Command line argument: -Dignore.endorsed.dirs=
14-Oct-2025 12:09:34.193 INFO [main] org.apache.catalina.startup.VersionLoggerListener.log Command line argument: -Dcatalina.base=C:\Users\sande\Desktop\Vehicle-Management-System-Java-Servlet-main\apache-tomcat-9.0.93
14-Oct-2025 12:09:34.193 INFO [main] org.apache.catalina.startup.VersionLoggerListener.log Command line argument: -Dcatalina.home=C:\Users\sande\Desktop\Vehicle-Management-System-Java-Servlet-main\apache-tomcat-9.0.93
14-Oct-2025 12:09:34.193 INFO [main] org.apache.catalina.startup.VersionLoggerListener.log Command line argument: -Djava.io.tmpdir=C:\Users\sande\Desktop\Vehicle-Management-System-Java-Servlet-main\apache-tomcat-9.0.93\temp
14-Oct-2025 12:09:34.200 INFO [main] org.apache.catalina.core.AprLifecycleListener.lifecycleEvent Loaded Apache Tomcat Native library [1.3.1] using APR version [1.7.4].
14-Oct-2025 12:09:34.201 INFO [main] org.apache.catalina.core.AprLifecycleListener.lifecycleEvent APR capabilities: IPv6 [true], sendfile [true], accept filters [false], random [true], UDS [true].
14-Oct-2025 12:09:34.201 INFO [main] org.apache.catalina.core.AprLifecycleListener.lifecycleEvent APR/OpenSSL configuration: useAprConnector [false], useOpenSSL [true]
14-Oct-2025 12:09:34.212 INFO [main] org.apache.catalina.core.AprLifecycleListener.initializeSSL OpenSSL successfully initialized [OpenSSL 3.0.14 4 Jun 2024]
14-Oct-2025 12:09:34.697 INFO [main] org.apache.coyote.AbstractProtocol.init Initializing ProtocolHandler ["http-nio-8080"]
14-Oct-2025 12:09:34.745 INFO [main] org.apache.catalina.startup.Catalina.load Server initialization in [935] milliseconds
14-Oct-2025 12:09:34.850 INFO [main] org.apache.catalina.core.StandardService.startInternal Starting service [Catalina]
14-Oct-2025 12:09:34.850 INFO [main] org.apache.catalina.core.StandardEngine.startInternal Starting Servlet engine: [Apache Tomcat/9.0.93]
14-Oct-2025 12:09:34.882 INFO [main] org.apache.catalina.startup.HostConfig.deployWAR Deploying web application archive [C:\Users\sande\Desktop\Vehicle-Management-System-Java-Servlet-main\apache-tomcat-9.0.93\webapps\Vehicle.war]
14-Oct-2025 12:09:37.039 INFO [main] org.apache.jasper.servlet.TldScanner.scanJars At least one JAR was scanned for TLDs yet contained no TLDs. Enable debug logging for this logger for a complete list of JARs that were scanned but no TLDs were found in them. Skipping unneeded JARs during scanning can improve startup time and JSP compilation time.
14-Oct-2025 12:09:37.221 INFO [main] org.apache.catalina.startup.HostConfig.deployWAR Deployment of web application archive [C:\Users\sande\Desktop\Vehicle-Management-System-Java-Servlet-main\apache-tomcat-9.0.93\webapps\Vehicle.war] has finished in [2,338] ms
14-Oct-2025 12:09:37.222 INFO [main] org.apache.catalina.startup.HostConfig.deployDirectory Deploying web application directory [C:\Users\sande\Desktop\Vehicle-Management-System-Java-Servlet-main\apache-tomcat-9.0.93\webapps\docs]
14-Oct-2025 12:09:37.341 INFO [main] org.apache.jasper.servlet.TldScanner.scanJars At least one JAR was scanned for TLDs yet contained no TLDs. Enable debug logging for this logger for a complete list of JARs that were scanned but no TLDs were found in them. Skipping unneeded JARs during scanning can improve startup time and JSP compilation time.
14-Oct-2025 12:09:37.350 INFO [main] org.apache.catalina.startup.HostConfig.deployDirectory Deployment of web application directory [C:\Users\sande\Desktop\Vehicle-Management-System-Java-Servlet-main\apache-tomcat-9.0.93\webapps\docs] has finished in [127] ms
14-Oct-2025 12:09:37.351 INFO [main] org.apache.catalina.startup.HostConfig.deployDirectory Deploying web application directory [C:\Users\sande\Desktop\Vehicle-Management-System-Java-Servlet-main\apache-tomcat-9.0.93\webapps\examples]
14-Oct-2025 12:09:38.271 INFO [main] org.apache.jasper.servlet.TldScanner.scanJars At least one JAR was scanned for TLDs yet contained no TLDs. Enable debug logging for this logger for a complete list of JARs that were scanned but no TLDs were found in them. Skipping unneeded JARs during scanning can improve startup time and JSP compilation time.
14-Oct-2025 12:09:38.406 INFO [main] org.apache.catalina.startup.HostConfig.deployDirectory Deployment of web application directory [C:\Users\sande\Desktop\Vehicle-Management-System-Java-Servlet-main\apache-tomcat-9.0.93\webapps\examples] has finished in [1,055] ms
14-Oct-2025 12:09:38.407 INFO [main] org.apache.catalina.startup.HostConfig.deployDirectory Deploying web application directory [C:\Users\sande\Desktop\Vehicle-Management-System-Java-Servlet-main\apache-tomcat-9.0.93\webapps\host-manager]
14-Oct-2025 12:09:38.518 INFO [main] org.apache.jasper.servlet.TldScanner.scanJars At least one JAR was scanned for TLDs yet contained no TLDs. Enable debug logging for this logger for a complete list of JARs that were scanned but no TLDs were found in them. Skipping unneeded JARs during scanning can improve startup time and JSP compilation time.
14-Oct-2025 12:09:38.535 INFO [main] org.apache.catalina.startup.HostConfig.deployDirectory Deployment of web application directory [C:\Users\sande\Desktop\Vehicle-Management-System-Java-Servlet-main\apache-tomcat-9.0.93\webapps\host-manager] has finished in [129] ms
14-Oct-2025 12:09:38.536 INFO [main] org.apache.catalina.startup.HostConfig.deployDirectory Deploying web application directory [C:\Users\sande\Desktop\Vehicle-Management-System-Java-Servlet-main\apache-tomcat-9.0.93\webapps\manager]
14-Oct-2025 12:09:38.664 INFO [main] org.apache.jasper.servlet.TldScanner.scanJars At least one JAR was scanned for TLDs yet contained no TLDs. Enable debug logging for this logger for a complete list of JARs that were scanned but no TLDs were found in them. Skipping unneeded JARs during scanning can improve startup time and JSP compilation time.
14-Oct-2025 12:09:38.672 INFO [main] org.apache.catalina.startup.HostConfig.deployDirectory Deployment of web application directory [C:\Users\sande\Desktop\Vehicle-Management-System-Java-Servlet-main\apache-tomcat-9.0.93\webapps\manager] has finished in [136] ms
14-Oct-2025 12:09:38.673 INFO [main] org.apache.catalina.startup.HostConfig.deployDirectory Deploying web application directory [C:\Users\sande\Desktop\Vehicle-Management-System-Java-Servlet-main\apache-tomcat-9.0.93\webapps\ROOT]
14-Oct-2025 12:09:38.766 INFO [main] org.apache.jasper.servlet.TldScanner.scanJars At least one JAR was scanned for TLDs yet contained no TLDs. Enable debug logging for this logger for a complete list of JARs that were scanned but no TLDs were found in them. Skipping unneeded JARs during scanning can improve startup time and JSP compilation time.
14-Oct-2025 12:09:38.772 INFO [main] org.apache.catalina.startup.HostConfig.deployDirectory Deployment of web application directory [C:\Users\sande\Desktop\Vehicle-Management-System-Java-Servlet-main\apache-tomcat-9.0.93\webapps\ROOT] has finished in [98] ms
14-Oct-2025 12:09:38.781 INFO [main] org.apache.coyote.AbstractProtocol.start Starting ProtocolHandler ["http-nio-8080"]
14-Oct-2025 12:09:38.873 INFO [main] org.apache.catalina.startup.Catalina.start Server startup in [4126] milliseconds
14-Oct-2025 12:11:06.799 INFO [Thread-1] org.apache.coyote.AbstractProtocol.pause Pausing ProtocolHandler ["http-nio-8080"]
14-Oct-2025 12:11:07.125 INFO [Thread-1] org.apache.catalina.core.StandardService.stopInternal Stopping service [Catalina]
14-Oct-2025 12:11:07.179 WARNING [Thread-1] org.apache.catalina.loader.WebappClassLoaderBase.clearReferencesJdbc The web application [Vehicle] registered the JDBC driver [com.mysql.cj.jdbc.Driver] but failed to unregister it when the web application was stopped. To prevent a memory leak, the JDBC Driver has been forcibly unregistered.
14-Oct-2025 12:11:07.180 WARNING [Thread-1] org.apache.catalina.loader.WebappClassLoaderBase.clearReferencesThreads The web application [Vehicle] appears to have started a thread named [mysql-cj-abandoned-connection-cleanup] but has failed to stop it. This is very likely to create a memory leak. Stack trace of thread:
 java.base@17.0.12/java.lang.Object.wait(Native Method)
 java.base@17.0.12/java.lang.ref.ReferenceQueue.remove(ReferenceQueue.java:155)
 com.mysql.cj.jdbc.AbandonedConnectionCleanupThread.run(AbandonedConnectionCleanupThread.java:91)
 java.base@17.0.12/java.util.concurrent.ThreadPoolExecutor.runWorker(ThreadPoolExecutor.java:1136)
 java.base@17.0.12/java.util.concurrent.ThreadPoolExecutor$Worker.run(ThreadPoolExecutor.java:635)
 java.base@17.0.12/java.lang.Thread.run(Thread.java:842)
14-Oct-2025 12:11:07.190 INFO [Thread-1] org.apache.coyote.AbstractProtocol.stop Stopping ProtocolHandler ["http-nio-8080"]
14-Oct-2025 12:11:07.209 INFO [Thread-1] org.apache.coyote.AbstractProtocol.destroy Destroying ProtocolHandler ["http-nio-8080"]
14-Oct-2025 13:18:41.737 INFO [main] org.apache.catalina.startup.VersionLoggerListener.log Server version name:   Apache Tomcat/9.0.93
14-Oct-2025 13:18:41.744 INFO [main] org.apache.catalina.startup.VersionLoggerListener.log Server built:          Aug 2 2024 21:24:59 UTC
14-Oct-2025 13:18:41.745 INFO [main] org.apache.catalina.startup.VersionLoggerListener.log Server version number: 9.0.93.0
14-Oct-2025 13:18:41.745 INFO [main] org.apache.catalina.startup.VersionLoggerListener.log OS Name:               Windows 11
14-Oct-2025 13:18:41.745 INFO [main] org.apache.catalina.startup.VersionLoggerListener.log OS Version:            10.0
14-Oct-2025 13:18:41.746 INFO [main] org.apache.catalina.startup.VersionLoggerListener.log Architecture:          amd64
14-Oct-2025 13:18:41.746 INFO [main] org.apache.catalina.startup.VersionLoggerListener.log Java Home:             C:\Program Files\Java\jdk-17
14-Oct-2025 13:18:41.746 INFO [main] org.apache.catalina.startup.VersionLoggerListener.log JVM Version:           17.0.12+8-LTS-286
14-Oct-2025 13:18:41.747 INFO [main] org.apache.catalina.startup.VersionLoggerListener.log JVM Vendor:            Oracle Corporation
14-Oct-2025 13:18:41.747 INFO [main] org.apache.catalina.startup.VersionLoggerListener.log CATALINA_BASE:         C:\Users\sande\Desktop\Vehicle-Management-System-Java-Servlet-main\apache-tomcat-9.0.93
14-Oct-2025 13:18:41.747 INFO [main] org.apache.catalina.startup.VersionLoggerListener.log CATALINA_HOME:         C:\Users\sande\Desktop\Vehicle-Management-System-Java-Servlet-main\apache-tomcat-9.0.93
14-Oct-2025 13:18:41.779 INFO [main] org.apache.catalina.startup.VersionLoggerListener.log Command line argument: --add-opens=java.base/java.lang=ALL-UNNAMED
14-Oct-2025 13:18:41.780 INFO [main] org.apache.catalina.startup.VersionLoggerListener.log Command line argument: --add-opens=java.base/java.io=ALL-UNNAMED
14-Oct-2025 13:18:41.780 INFO [main] org.apache.catalina.startup.VersionLoggerListener.log Command line argument: --add-opens=java.base/java.util=ALL-UNNAMED
14-Oct-2025 13:18:41.780 INFO [main] org.apache.catalina.startup.VersionLoggerListener.log Command line argument: --add-opens=java.base/java.util.concurrent=ALL-UNNAMED
14-Oct-2025 13:18:41.781 INFO [main] org.apache.catalina.startup.VersionLoggerListener.log Command line argument: --add-opens=java.rmi/sun.rmi.transport=ALL-UNNAMED
14-Oct-2025 13:18:41.781 INFO [main] org.apache.catalina.startup.VersionLoggerListener.log Command line argument: -Djava.util.logging.config.file=C:\Users\sande\Desktop\Vehicle-Management-System-Java-Servlet-main\apache-tomcat-9.0.93\conf\logging.properties
14-Oct-2025 13:18:41.781 INFO [main] org.apache.catalina.startup.VersionLoggerListener.log Command line argument: -Djava.util.logging.manager=org.apache.juli.ClassLoaderLogManager
14-Oct-2025 13:18:41.782 INFO [main] org.apache.catalina.startup.VersionLoggerListener.log Command line argument: -Djdk.tls.ephemeralDHKeySize=2048
14-Oct-2025 13:18:41.782 INFO [main] org.apache.catalina.startup.VersionLoggerListener.log Command line argument: -Djava.protocol.handler.pkgs=org.apache.catalina.webresources
14-Oct-2025 13:18:41.782 INFO [main] org.apache.catalina.startup.VersionLoggerListener.log Command line argument: -Dignore.endorsed.dirs=
14-Oct-2025 13:18:41.782 INFO [main] org.apache.catalina.startup.VersionLoggerListener.log Command line argument: -Dcatalina.base=C:\Users\sande\Desktop\Vehicle-Management-System-Java-Servlet-main\apache-tomcat-9.0.93
14-Oct-2025 13:18:41.784 INFO [main] org.apache.catalina.startup.VersionLoggerListener.log Command line argument: -Dcatalina.home=C:\Users\sande\Desktop\Vehicle-Management-System-Java-Servlet-main\apache-tomcat-9.0.93
14-Oct-2025 13:18:41.784 INFO [main] org.apache.catalina.startup.VersionLoggerListener.log Command line argument: -Djava.io.tmpdir=C:\Users\sande\Desktop\Vehicle-Management-System-Java-Servlet-main\apache-tomcat-9.0.93\temp
14-Oct-2025 13:18:41.796 INFO [main] org.apache.catalina.core.AprLifecycleListener.lifecycleEvent Loaded Apache Tomcat Native library [1.3.1] using APR version [1.7.4].
14-Oct-2025 13:18:41.796 INFO [main] org.apache.catalina.core.AprLifecycleListener.lifecycleEvent APR capabilities: IPv6 [true], sendfile [true], accept filters [false], random [true], UDS [true].
14-Oct-2025 13:18:41.797 INFO [main] org.apache.catalina.core.AprLifecycleListener.lifecycleEvent APR/OpenSSL configuration: useAprConnector [false], useOpenSSL [true]
14-Oct-2025 13:18:41.830 INFO [main] org.apache.catalina.core.AprLifecycleListener.initializeSSL OpenSSL successfully initialized [OpenSSL 3.0.14 4 Jun 2024]
14-Oct-2025 13:18:42.385 INFO [main] org.apache.coyote.AbstractProtocol.init Initializing ProtocolHandler ["http-nio-8080"]
14-Oct-2025 13:18:42.442 INFO [main] org.apache.catalina.startup.Catalina.load Server initialization in [1100] milliseconds
14-Oct-2025 13:18:42.537 INFO [main] org.apache.catalina.core.StandardService.startInternal Starting service [Catalina]
14-Oct-2025 13:18:42.538 INFO [main] org.apache.catalina.core.StandardEngine.startInternal Starting Servlet engine: [Apache Tomcat/9.0.93]
14-Oct-2025 13:18:42.573 INFO [main] org.apache.catalina.startup.HostConfig.deployWAR Deploying web application archive [C:\Users\sande\Desktop\Vehicle-Management-System-Java-Servlet-main\apache-tomcat-9.0.93\webapps\Vehicle.war]
14-Oct-2025 13:18:44.912 INFO [main] org.apache.jasper.servlet.TldScanner.scanJars At least one JAR was scanned for TLDs yet contained no TLDs. Enable debug logging for this logger for a complete list of JARs that were scanned but no TLDs were found in them. Skipping unneeded JARs during scanning can improve startup time and JSP compilation time.
14-Oct-2025 13:18:45.098 INFO [main] org.apache.catalina.startup.HostConfig.deployWAR Deployment of web application archive [C:\Users\sande\Desktop\Vehicle-Management-System-Java-Servlet-main\apache-tomcat-9.0.93\webapps\Vehicle.war] has finished in [2,523] ms
14-Oct-2025 13:18:45.099 INFO [main] org.apache.catalina.startup.HostConfig.deployDirectory Deploying web application directory [C:\Users\sande\Desktop\Vehicle-Management-System-Java-Servlet-main\apache-tomcat-9.0.93\webapps\docs]
14-Oct-2025 13:18:45.224 INFO [main] org.apache.jasper.servlet.TldScanner.scanJars At least one JAR was scanned for TLDs yet contained no TLDs. Enable debug logging for this logger for a complete list of JARs that were scanned but no TLDs were found in them. Skipping unneeded JARs during scanning can improve startup time and JSP compilation time.
14-Oct-2025 13:18:45.233 INFO [main] org.apache.catalina.startup.HostConfig.deployDirectory Deployment of web application directory [C:\Users\sande\Desktop\Vehicle-Management-System-Java-Servlet-main\apache-tomcat-9.0.93\webapps\docs] has finished in [134] ms
14-Oct-2025 13:18:45.234 INFO [main] org.apache.catalina.startup.HostConfig.deployDirectory Deploying web application directory [C:\Users\sande\Desktop\Vehicle-Management-System-Java-Servlet-main\apache-tomcat-9.0.93\webapps\examples]
14-Oct-2025 13:18:46.211 INFO [main] org.apache.jasper.servlet.TldScanner.scanJars At least one JAR was scanned for TLDs yet contained no TLDs. Enable debug logging for this logger for a complete list of JARs that were scanned but no TLDs were found in them. Skipping unneeded JARs during scanning can improve startup time and JSP compilation time.
14-Oct-2025 13:18:46.366 INFO [main] org.apache.catalina.startup.HostConfig.deployDirectory Deployment of web application directory [C:\Users\sande\Desktop\Vehicle-Management-System-Java-Servlet-main\apache-tomcat-9.0.93\webapps\examples] has finished in [1,132] ms
14-Oct-2025 13:18:46.367 INFO [main] org.apache.catalina.startup.HostConfig.deployDirectory Deploying web application directory [C:\Users\sande\Desktop\Vehicle-Management-System-Java-Servlet-main\apache-tomcat-9.0.93\webapps\host-manager]
14-Oct-2025 13:18:46.492 INFO [main] org.apache.jasper.servlet.TldScanner.scanJars At least one JAR was scanned for TLDs yet contained no TLDs. Enable debug logging for this logger for a complete list of JARs that were scanned but no TLDs were found in them. Skipping unneeded JARs during scanning can improve startup time and JSP compilation time.
14-Oct-2025 13:18:46.510 INFO [main] org.apache.catalina.startup.HostConfig.deployDirectory Deployment of web application directory [C:\Users\sande\Desktop\Vehicle-Management-System-Java-Servlet-main\apache-tomcat-9.0.93\webapps\host-manager] has finished in [142] ms
14-Oct-2025 13:18:46.510 INFO [main] org.apache.catalina.startup.HostConfig.deployDirectory Deploying web application directory [C:\Users\sande\Desktop\Vehicle-Management-System-Java-Servlet-main\apache-tomcat-9.0.93\webapps\manager]
14-Oct-2025 13:18:46.641 INFO [main] org.apache.jasper.servlet.TldScanner.scanJars At least one JAR was scanned for TLDs yet contained no TLDs. Enable debug logging for this logger for a complete list of JARs that were scanned but no TLDs were found in them. Skipping unneeded JARs during scanning can improve startup time and JSP compilation time.
14-Oct-2025 13:18:46.650 INFO [main] org.apache.catalina.startup.HostConfig.deployDirectory Deployment of web application directory [C:\Users\sande\Desktop\Vehicle-Management-System-Java-Servlet-main\apache-tomcat-9.0.93\webapps\manager] has finished in [140] ms
14-Oct-2025 13:18:46.652 INFO [main] org.apache.catalina.startup.HostConfig.deployDirectory Deploying web application directory [C:\Users\sande\Desktop\Vehicle-Management-System-Java-Servlet-main\apache-tomcat-9.0.93\webapps\ROOT]
14-Oct-2025 13:18:46.759 INFO [main] org.apache.jasper.servlet.TldScanner.scanJars At least one JAR was scanned for TLDs yet contained no TLDs. Enable debug logging for this logger for a complete list of JARs that were scanned but no TLDs were found in them. Skipping unneeded JARs during scanning can improve startup time and JSP compilation time.
14-Oct-2025 13:18:46.767 INFO [main] org.apache.catalina.startup.HostConfig.deployDirectory Deployment of web application directory [C:\Users\sande\Desktop\Vehicle-Management-System-Java-Servlet-main\apache-tomcat-9.0.93\webapps\ROOT] has finished in [117] ms
14-Oct-2025 13:18:46.777 INFO [main] org.apache.coyote.AbstractProtocol.start Starting ProtocolHandler ["http-nio-8080"]
14-Oct-2025 13:18:46.887 INFO [main] org.apache.catalina.startup.Catalina.start Server startup in [4444] milliseconds
14-Oct-2025 13:22:22.133 INFO [main] org.apache.catalina.core.StandardServer.await A valid shutdown command was received via the shutdown port. Stopping the Server instance.
14-Oct-2025 13:22:22.134 INFO [main] org.apache.coyote.AbstractProtocol.pause Pausing ProtocolHandler ["http-nio-8080"]
14-Oct-2025 13:22:22.460 INFO [main] org.apache.catalina.core.StandardService.stopInternal Stopping service [Catalina]
14-Oct-2025 13:22:22.508 WARNING [main] org.apache.catalina.loader.WebappClassLoaderBase.clearReferencesJdbc The web application [Vehicle] registered the JDBC driver [com.mysql.cj.jdbc.Driver] but failed to unregister it when the web application was stopped. To prevent a memory leak, the JDBC Driver has been forcibly unregistered.
14-Oct-2025 13:22:22.511 WARNING [main] org.apache.catalina.loader.WebappClassLoaderBase.clearReferencesThreads The web application [Vehicle] appears to have started a thread named [mysql-cj-abandoned-connection-cleanup] but has failed to stop it. This is very likely to create a memory leak. Stack trace of thread:
 java.base@17.0.12/java.lang.Object.wait(Native Method)
 java.base@17.0.12/java.lang.ref.ReferenceQueue.remove(ReferenceQueue.java:155)
 com.mysql.cj.jdbc.AbandonedConnectionCleanupThread.run(AbandonedConnectionCleanupThread.java:91)
 java.base@17.0.12/java.util.concurrent.ThreadPoolExecutor.runWorker(ThreadPoolExecutor.java:1136)
 java.base@17.0.12/java.util.concurrent.ThreadPoolExecutor$Worker.run(ThreadPoolExecutor.java:635)
 java.base@17.0.12/java.lang.Thread.run(Thread.java:842)
14-Oct-2025 13:22:22.519 INFO [main] org.apache.coyote.AbstractProtocol.stop Stopping ProtocolHandler ["http-nio-8080"]
14-Oct-2025 13:22:22.530 INFO [main] org.apache.coyote.AbstractProtocol.destroy Destroying ProtocolHandler ["http-nio-8080"]
14-Oct-2025 13:22:24.672 INFO [main] org.apache.catalina.startup.VersionLoggerListener.log Server version name:   Apache Tomcat/9.0.93
14-Oct-2025 13:22:24.678 INFO [main] org.apache.catalina.startup.VersionLoggerListener.log Server built:          Aug 2 2024 21:24:59 UTC
14-Oct-2025 13:22:24.678 INFO [main] org.apache.catalina.startup.VersionLoggerListener.log Server version number: 9.0.93.0
14-Oct-2025 13:22:24.679 INFO [main] org.apache.catalina.startup.VersionLoggerListener.log OS Name:               Windows 11
14-Oct-2025 13:22:24.679 INFO [main] org.apache.catalina.startup.VersionLoggerListener.log OS Version:            10.0
14-Oct-2025 13:22:24.680 INFO [main] org.apache.catalina.startup.VersionLoggerListener.log Architecture:          amd64
14-Oct-2025 13:22:24.680 INFO [main] org.apache.catalina.startup.VersionLoggerListener.log Java Home:             C:\Program Files\Java\jdk-17
14-Oct-2025 13:22:24.680 INFO [main] org.apache.catalina.startup.VersionLoggerListener.log JVM Version:           17.0.12+8-LTS-286
14-Oct-2025 13:22:24.681 INFO [main] org.apache.catalina.startup.VersionLoggerListener.log JVM Vendor:            Oracle Corporation
14-Oct-2025 13:22:24.681 INFO [main] org.apache.catalina.startup.VersionLoggerListener.log CATALINA_BASE:         C:\Users\sande\Desktop\Vehicle-Management-System-Java-Servlet-main\apache-tomcat-9.0.93
14-Oct-2025 13:22:24.681 INFO [main] org.apache.catalina.startup.VersionLoggerListener.log CATALINA_HOME:         C:\Users\sande\Desktop\Vehicle-Management-System-Java-Servlet-main\apache-tomcat-9.0.93
14-Oct-2025 13:22:24.702 INFO [main] org.apache.catalina.startup.VersionLoggerListener.log Command line argument: --add-opens=java.base/java.lang=ALL-UNNAMED
14-Oct-2025 13:22:24.703 INFO [main] org.apache.catalina.startup.VersionLoggerListener.log Command line argument: --add-opens=java.base/java.io=ALL-UNNAMED
14-Oct-2025 13:22:24.703 INFO [main] org.apache.catalina.startup.VersionLoggerListener.log Command line argument: --add-opens=java.base/java.util=ALL-UNNAMED
14-Oct-2025 13:22:24.703 INFO [main] org.apache.catalina.startup.VersionLoggerListener.log Command line argument: --add-opens=java.base/java.util.concurrent=ALL-UNNAMED
14-Oct-2025 13:22:24.705 INFO [main] org.apache.catalina.startup.VersionLoggerListener.log Command line argument: --add-opens=java.rmi/sun.rmi.transport=ALL-UNNAMED
14-Oct-2025 13:22:24.705 INFO [main] org.apache.catalina.startup.VersionLoggerListener.log Command line argument: -Djava.util.logging.config.file=C:\Users\sande\Desktop\Vehicle-Management-System-Java-Servlet-main\apache-tomcat-9.0.93\conf\logging.properties
14-Oct-2025 13:22:24.705 INFO [main] org.apache.catalina.startup.VersionLoggerListener.log Command line argument: -Djava.util.logging.manager=org.apache.juli.ClassLoaderLogManager
14-Oct-2025 13:22:24.706 INFO [main] org.apache.catalina.startup.VersionLoggerListener.log Command line argument: -Djdk.tls.ephemeralDHKeySize=2048
14-Oct-2025 13:22:24.706 INFO [main] org.apache.catalina.startup.VersionLoggerListener.log Command line argument: -Djava.protocol.handler.pkgs=org.apache.catalina.webresources
14-Oct-2025 13:22:24.707 INFO [main] org.apache.catalina.startup.VersionLoggerListener.log Command line argument: -Dignore.endorsed.dirs=
14-Oct-2025 13:22:24.707 INFO [main] org.apache.catalina.startup.VersionLoggerListener.log Command line argument: -Dcatalina.base=C:\Users\sande\Desktop\Vehicle-Management-System-Java-Servlet-main\apache-tomcat-9.0.93
14-Oct-2025 13:22:24.707 INFO [main] org.apache.catalina.startup.VersionLoggerListener.log Command line argument: -Dcatalina.home=C:\Users\sande\Desktop\Vehicle-Management-System-Java-Servlet-main\apache-tomcat-9.0.93
14-Oct-2025 13:22:24.708 INFO [main] org.apache.catalina.startup.VersionLoggerListener.log Command line argument: -Djava.io.tmpdir=C:\Users\sande\Desktop\Vehicle-Management-System-Java-Servlet-main\apache-tomcat-9.0.93\temp
14-Oct-2025 13:22:24.714 INFO [main] org.apache.catalina.core.AprLifecycleListener.lifecycleEvent Loaded Apache Tomcat Native library [1.3.1] using APR version [1.7.4].
14-Oct-2025 13:22:24.714 INFO [main] org.apache.catalina.core.AprLifecycleListener.lifecycleEvent APR capabilities: IPv6 [true], sendfile [true], accept filters [false], random [true], UDS [true].
14-Oct-2025 13:22:24.715 INFO [main] org.apache.catalina.core.AprLifecycleListener.lifecycleEvent APR/OpenSSL configuration: useAprConnector [false], useOpenSSL [true]
14-Oct-2025 13:22:24.726 INFO [main] org.apache.catalina.core.AprLifecycleListener.initializeSSL OpenSSL successfully initialized [OpenSSL 3.0.14 4 Jun 2024]
14-Oct-2025 13:22:25.221 INFO [main] org.apache.coyote.AbstractProtocol.init Initializing ProtocolHandler ["http-nio-8080"]
14-Oct-2025 13:22:25.267 INFO [main] org.apache.catalina.startup.Catalina.load Server initialization in [942] milliseconds
14-Oct-2025 13:22:25.367 INFO [main] org.apache.catalina.core.StandardService.startInternal Starting service [Catalina]
14-Oct-2025 13:22:25.368 INFO [main] org.apache.catalina.core.StandardEngine.startInternal Starting Servlet engine: [Apache Tomcat/9.0.93]
14-Oct-2025 13:22:25.407 INFO [main] org.apache.catalina.startup.HostConfig.deployWAR Deploying web application archive [C:\Users\sande\Desktop\Vehicle-Management-System-Java-Servlet-main\apache-tomcat-9.0.93\webapps\Vehicle.war]
14-Oct-2025 13:22:27.556 INFO [main] org.apache.jasper.servlet.TldScanner.scanJars At least one JAR was scanned for TLDs yet contained no TLDs. Enable debug logging for this logger for a complete list of JARs that were scanned but no TLDs were found in them. Skipping unneeded JARs during scanning can improve startup time and JSP compilation time.
14-Oct-2025 13:22:27.740 INFO [main] org.apache.catalina.startup.HostConfig.deployWAR Deployment of web application archive [C:\Users\sande\Desktop\Vehicle-Management-System-Java-Servlet-main\apache-tomcat-9.0.93\webapps\Vehicle.war] has finished in [2,333] ms
14-Oct-2025 13:22:27.742 INFO [main] org.apache.catalina.startup.HostConfig.deployDirectory Deploying web application directory [C:\Users\sande\Desktop\Vehicle-Management-System-Java-Servlet-main\apache-tomcat-9.0.93\webapps\docs]
14-Oct-2025 13:22:27.866 INFO [main] org.apache.jasper.servlet.TldScanner.scanJars At least one JAR was scanned for TLDs yet contained no TLDs. Enable debug logging for this logger for a complete list of JARs that were scanned but no TLDs were found in them. Skipping unneeded JARs during scanning can improve startup time and JSP compilation time.
14-Oct-2025 13:22:27.876 INFO [main] org.apache.catalina.startup.HostConfig.deployDirectory Deployment of web application directory [C:\Users\sande\Desktop\Vehicle-Management-System-Java-Servlet-main\apache-tomcat-9.0.93\webapps\docs] has finished in [134] ms
14-Oct-2025 13:22:27.877 INFO [main] org.apache.catalina.startup.HostConfig.deployDirectory Deploying web application directory [C:\Users\sande\Desktop\Vehicle-Management-System-Java-Servlet-main\apache-tomcat-9.0.93\webapps\examples]
14-Oct-2025 13:22:28.845 INFO [main] org.apache.jasper.servlet.TldScanner.scanJars At least one JAR was scanned for TLDs yet contained no TLDs. Enable debug logging for this logger for a complete list of JARs that were scanned but no TLDs were found in them. Skipping unneeded JARs during scanning can improve startup time and JSP compilation time.
14-Oct-2025 13:22:28.985 INFO [main] org.apache.catalina.startup.HostConfig.deployDirectory Deployment of web application directory [C:\Users\sande\Desktop\Vehicle-Management-System-Java-Servlet-main\apache-tomcat-9.0.93\webapps\examples] has finished in [1,107] ms
14-Oct-2025 13:22:28.985 INFO [main] org.apache.catalina.startup.HostConfig.deployDirectory Deploying web application directory [C:\Users\sande\Desktop\Vehicle-Management-System-Java-Servlet-main\apache-tomcat-9.0.93\webapps\host-manager]
14-Oct-2025 13:22:29.102 INFO [main] org.apache.jasper.servlet.TldScanner.scanJars At least one JAR was scanned for TLDs yet contained no TLDs. Enable debug logging for this logger for a complete list of JARs that were scanned but no TLDs were found in them. Skipping unneeded JARs during scanning can improve startup time and JSP compilation time.
14-Oct-2025 13:22:29.116 INFO [main] org.apache.catalina.startup.HostConfig.deployDirectory Deployment of web application directory [C:\Users\sande\Desktop\Vehicle-Management-System-Java-Servlet-main\apache-tomcat-9.0.93\webapps\host-manager] has finished in [130] ms
14-Oct-2025 13:22:29.116 INFO [main] org.apache.catalina.startup.HostConfig.deployDirectory Deploying web application directory [C:\Users\sande\Desktop\Vehicle-Management-System-Java-Servlet-main\apache-tomcat-9.0.93\webapps\manager]
14-Oct-2025 13:22:29.249 INFO [main] org.apache.jasper.servlet.TldScanner.scanJars At least one JAR was scanned for TLDs yet contained no TLDs. Enable debug logging for this logger for a complete list of JARs that were scanned but no TLDs were found in them. Skipping unneeded JARs during scanning can improve startup time and JSP compilation time.
14-Oct-2025 13:22:29.256 INFO [main] org.apache.catalina.startup.HostConfig.deployDirectory Deployment of web application directory [C:\Users\sande\Desktop\Vehicle-Management-System-Java-Servlet-main\apache-tomcat-9.0.93\webapps\manager] has finished in [140] ms
14-Oct-2025 13:22:29.257 INFO [main] org.apache.catalina.startup.HostConfig.deployDirectory Deploying web application directory [C:\Users\sande\Desktop\Vehicle-Management-System-Java-Servlet-main\apache-tomcat-9.0.93\webapps\ROOT]
14-Oct-2025 13:22:29.345 INFO [main] org.apache.jasper.servlet.TldScanner.scanJars At least one JAR was scanned for TLDs yet contained no TLDs. Enable debug logging for this logger for a complete list of JARs that were scanned but no TLDs were found in them. Skipping unneeded JARs during scanning can improve startup time and JSP compilation time.
14-Oct-2025 13:22:29.352 INFO [main] org.apache.catalina.startup.HostConfig.deployDirectory Deployment of web application directory [C:\Users\sande\Desktop\Vehicle-Management-System-Java-Servlet-main\apache-tomcat-9.0.93\webapps\ROOT] has finished in [95] ms
14-Oct-2025 13:22:29.359 INFO [main] org.apache.coyote.AbstractProtocol.start Starting ProtocolHandler ["http-nio-8080"]
14-Oct-2025 13:22:29.448 INFO [main] org.apache.catalina.startup.Catalina.start Server startup in [4180] milliseconds
14-Oct-2025 13:24:25.610 INFO [Thread-1] org.apache.coyote.AbstractProtocol.pause Pausing ProtocolHandler ["http-nio-8080"]
14-Oct-2025 13:24:25.992 INFO [Thread-1] org.apache.catalina.core.StandardService.stopInternal Stopping service [Catalina]
14-Oct-2025 13:24:26.042 WARNING [Thread-1] org.apache.catalina.loader.WebappClassLoaderBase.clearReferencesJdbc The web application [Vehicle] registered the JDBC driver [com.mysql.cj.jdbc.Driver] but failed to unregister it when the web application was stopped. To prevent a memory leak, the JDBC Driver has been forcibly unregistered.
14-Oct-2025 13:24:26.043 WARNING [Thread-1] org.apache.catalina.loader.WebappClassLoaderBase.clearReferencesThreads The web application [Vehicle] appears to have started a thread named [mysql-cj-abandoned-connection-cleanup] but has failed to stop it. This is very likely to create a memory leak. Stack trace of thread:
 java.base@17.0.12/java.lang.Object.wait(Native Method)
 java.base@17.0.12/java.lang.ref.ReferenceQueue.remove(ReferenceQueue.java:155)
 com.mysql.cj.jdbc.AbandonedConnectionCleanupThread.run(AbandonedConnectionCleanupThread.java:91)
 java.base@17.0.12/java.util.concurrent.ThreadPoolExecutor.runWorker(ThreadPoolExecutor.java:1136)
 java.base@17.0.12/java.util.concurrent.ThreadPoolExecutor$Worker.run(ThreadPoolExecutor.java:635)
 java.base@17.0.12/java.lang.Thread.run(Thread.java:842)
14-Oct-2025 13:24:26.051 INFO [Thread-1] org.apache.coyote.AbstractProtocol.stop Stopping ProtocolHandler ["http-nio-8080"]
14-Oct-2025 13:24:26.068 INFO [Thread-1] org.apache.coyote.AbstractProtocol.destroy Destroying ProtocolHandler ["http-nio-8080"]
