12-Oct-2025 21:03:55.427 INFO [main] org.apache.catalina.startup.VersionLoggerListener.log Server version name:   Apache Tomcat/9.0.93
12-Oct-2025 21:03:55.436 INFO [main] org.apache.catalina.startup.VersionLoggerListener.log Server built:          Aug 2 2024 21:24:59 UTC
12-Oct-2025 21:03:55.436 INFO [main] org.apache.catalina.startup.VersionLoggerListener.log Server version number: 9.0.93.0
12-Oct-2025 21:03:55.437 INFO [main] org.apache.catalina.startup.VersionLoggerListener.log OS Name:               Windows 11
12-Oct-2025 21:03:55.437 INFO [main] org.apache.catalina.startup.VersionLoggerListener.log OS Version:            10.0
12-Oct-2025 21:03:55.438 INFO [main] org.apache.catalina.startup.VersionLoggerListener.log Architecture:          amd64
12-Oct-2025 21:03:55.438 INFO [main] org.apache.catalina.startup.VersionLoggerListener.log Java Home:             C:\Program Files\Java\jdk-17
12-Oct-2025 21:03:55.438 INFO [main] org.apache.catalina.startup.VersionLoggerListener.log JVM Version:           17.0.12+8-LTS-286
12-Oct-2025 21:03:55.439 INFO [main] org.apache.catalina.startup.VersionLoggerListener.log JVM Vendor:            Oracle Corporation
12-Oct-2025 21:03:55.439 INFO [main] org.apache.catalina.startup.VersionLoggerListener.log CATALINA_BASE:         C:\Users\sande\Downloads\Vehicle-Management-System-Java-Servlet-main (2)\Vehicle-Management-System-Java-Servlet-main\Vehicle-Management-System-Java-Servlet-main\apache-tomcat-9.0.93
12-Oct-2025 21:03:55.439 INFO [main] org.apache.catalina.startup.VersionLoggerListener.log CATALINA_HOME:         C:\Users\sande\Downloads\Vehicle-Management-System-Java-Servlet-main (2)\Vehicle-Management-System-Java-Servlet-main\Vehicle-Management-System-Java-Servlet-main\apache-tomcat-9.0.93
12-Oct-2025 21:03:55.475 INFO [main] org.apache.catalina.startup.VersionLoggerListener.log Command line argument: --add-opens=java.base/java.lang=ALL-UNNAMED
12-Oct-2025 21:03:55.475 INFO [main] org.apache.catalina.startup.VersionLoggerListener.log Command line argument: --add-opens=java.base/java.io=ALL-UNNAMED
12-Oct-2025 21:03:55.476 INFO [main] org.apache.catalina.startup.VersionLoggerListener.log Command line argument: --add-opens=java.base/java.util=ALL-UNNAMED
12-Oct-2025 21:03:55.477 INFO [main] org.apache.catalina.startup.VersionLoggerListener.log Command line argument: --add-opens=java.base/java.util.concurrent=ALL-UNNAMED
12-Oct-2025 21:03:55.477 INFO [main] org.apache.catalina.startup.VersionLoggerListener.log Command line argument: --add-opens=java.rmi/sun.rmi.transport=ALL-UNNAMED
12-Oct-2025 21:03:55.478 INFO [main] org.apache.catalina.startup.VersionLoggerListener.log Command line argument: -Djava.util.logging.config.file=apache-tomcat-9.0.93\conf\logging.properties
12-Oct-2025 21:03:55.478 INFO [main] org.apache.catalina.startup.VersionLoggerListener.log Command line argument: -Djava.util.logging.manager=org.apache.juli.ClassLoaderLogManager
12-Oct-2025 21:03:55.478 INFO [main] org.apache.catalina.startup.VersionLoggerListener.log Command line argument: -Djdk.tls.ephemeralDHKeySize=2048
12-Oct-2025 21:03:55.479 INFO [main] org.apache.catalina.startup.VersionLoggerListener.log Command line argument: -Djava.protocol.handler.pkgs=org.apache.catalina.webresources
12-Oct-2025 21:03:55.479 INFO [main] org.apache.catalina.startup.VersionLoggerListener.log Command line argument: -Dignore.endorsed.dirs=
12-Oct-2025 21:03:55.480 INFO [main] org.apache.catalina.startup.VersionLoggerListener.log Command line argument: -Dcatalina.base=apache-tomcat-9.0.93
12-Oct-2025 21:03:55.480 INFO [main] org.apache.catalina.startup.VersionLoggerListener.log Command line argument: -Dcatalina.home=apache-tomcat-9.0.93
12-Oct-2025 21:03:55.481 INFO [main] org.apache.catalina.startup.VersionLoggerListener.log Command line argument: -Djava.io.tmpdir=apache-tomcat-9.0.93\temp
12-Oct-2025 21:03:55.488 INFO [main] org.apache.catalina.core.AprLifecycleListener.lifecycleEvent Loaded Apache Tomcat Native library [1.3.1] using APR version [1.7.4].
12-Oct-2025 21:03:55.488 INFO [main] org.apache.catalina.core.AprLifecycleListener.lifecycleEvent APR capabilities: IPv6 [true], sendfile [true], accept filters [false], random [true], UDS [true].
12-Oct-2025 21:03:55.488 INFO [main] org.apache.catalina.core.AprLifecycleListener.lifecycleEvent APR/OpenSSL configuration: useAprConnector [false], useOpenSSL [true]
12-Oct-2025 21:03:55.502 INFO [main] org.apache.catalina.core.AprLifecycleListener.initializeSSL OpenSSL successfully initialized [OpenSSL 3.0.14 4 Jun 2024]
12-Oct-2025 21:03:56.083 INFO [main] org.apache.coyote.AbstractProtocol.init Initializing ProtocolHandler ["http-nio-8080"]
12-Oct-2025 21:03:56.152 INFO [main] org.apache.catalina.startup.Catalina.load Server initialization in [1159] milliseconds
12-Oct-2025 21:03:56.259 INFO [main] org.apache.catalina.core.StandardService.startInternal Starting service [Catalina]
12-Oct-2025 21:03:56.260 INFO [main] org.apache.catalina.core.StandardEngine.startInternal Starting Servlet engine: [Apache Tomcat/9.0.93]
12-Oct-2025 21:03:56.298 INFO [main] org.apache.catalina.startup.HostConfig.deployWAR Deploying web application archive [C:\Users\sande\Downloads\Vehicle-Management-System-Java-Servlet-main (2)\Vehicle-Management-System-Java-Servlet-main\Vehicle-Management-System-Java-Servlet-main\apache-tomcat-9.0.93\webapps\Vehicle.war]
12-Oct-2025 21:03:59.693 INFO [main] org.apache.jasper.servlet.TldScanner.scanJars At least one JAR was scanned for TLDs yet contained no TLDs. Enable debug logging for this logger for a complete list of JARs that were scanned but no TLDs were found in them. Skipping unneeded JARs during scanning can improve startup time and JSP compilation time.
12-Oct-2025 21:03:59.864 INFO [main] org.apache.catalina.startup.HostConfig.deployWAR Deployment of web application archive [C:\Users\sande\Downloads\Vehicle-Management-System-Java-Servlet-main (2)\Vehicle-Management-System-Java-Servlet-main\Vehicle-Management-System-Java-Servlet-main\apache-tomcat-9.0.93\webapps\Vehicle.war] has finished in [3,566] ms
12-Oct-2025 21:03:59.866 INFO [main] org.apache.catalina.startup.HostConfig.deployDirectory Deploying web application directory [C:\Users\sande\Downloads\Vehicle-Management-System-Java-Servlet-main (2)\Vehicle-Management-System-Java-Servlet-main\Vehicle-Management-System-Java-Servlet-main\apache-tomcat-9.0.93\webapps\docs]
12-Oct-2025 21:04:00.022 INFO [main] org.apache.jasper.servlet.TldScanner.scanJars At least one JAR was scanned for TLDs yet contained no TLDs. Enable debug logging for this logger for a complete list of JARs that were scanned but no TLDs were found in them. Skipping unneeded JARs during scanning can improve startup time and JSP compilation time.
12-Oct-2025 21:04:00.033 INFO [main] org.apache.catalina.startup.HostConfig.deployDirectory Deployment of web application directory [C:\Users\sande\Downloads\Vehicle-Management-System-Java-Servlet-main (2)\Vehicle-Management-System-Java-Servlet-main\Vehicle-Management-System-Java-Servlet-main\apache-tomcat-9.0.93\webapps\docs] has finished in [167] ms
12-Oct-2025 21:04:00.034 INFO [main] org.apache.catalina.startup.HostConfig.deployDirectory Deploying web application directory [C:\Users\sande\Downloads\Vehicle-Management-System-Java-Servlet-main (2)\Vehicle-Management-System-Java-Servlet-main\Vehicle-Management-System-Java-Servlet-main\apache-tomcat-9.0.93\webapps\examples]
12-Oct-2025 21:04:01.216 INFO [main] org.apache.jasper.servlet.TldScanner.scanJars At least one JAR was scanned for TLDs yet contained no TLDs. Enable debug logging for this logger for a complete list of JARs that were scanned but no TLDs were found in them. Skipping unneeded JARs during scanning can improve startup time and JSP compilation time.
12-Oct-2025 21:04:01.390 INFO [main] org.apache.catalina.startup.HostConfig.deployDirectory Deployment of web application directory [C:\Users\sande\Downloads\Vehicle-Management-System-Java-Servlet-main (2)\Vehicle-Management-System-Java-Servlet-main\Vehicle-Management-System-Java-Servlet-main\apache-tomcat-9.0.93\webapps\examples] has finished in [1,355] ms
12-Oct-2025 21:04:01.392 INFO [main] org.apache.catalina.startup.HostConfig.deployDirectory Deploying web application directory [C:\Users\sande\Downloads\Vehicle-Management-System-Java-Servlet-main (2)\Vehicle-Management-System-Java-Servlet-main\Vehicle-Management-System-Java-Servlet-main\apache-tomcat-9.0.93\webapps\host-manager]
12-Oct-2025 21:04:01.545 INFO [main] org.apache.jasper.servlet.TldScanner.scanJars At least one JAR was scanned for TLDs yet contained no TLDs. Enable debug logging for this logger for a complete list of JARs that were scanned but no TLDs were found in them. Skipping unneeded JARs during scanning can improve startup time and JSP compilation time.
12-Oct-2025 21:04:01.569 INFO [main] org.apache.catalina.startup.HostConfig.deployDirectory Deployment of web application directory [C:\Users\sande\Downloads\Vehicle-Management-System-Java-Servlet-main (2)\Vehicle-Management-System-Java-Servlet-main\Vehicle-Management-System-Java-Servlet-main\apache-tomcat-9.0.93\webapps\host-manager] has finished in [178] ms
12-Oct-2025 21:04:01.571 INFO [main] org.apache.catalina.startup.HostConfig.deployDirectory Deploying web application directory [C:\Users\sande\Downloads\Vehicle-Management-System-Java-Servlet-main (2)\Vehicle-Management-System-Java-Servlet-main\Vehicle-Management-System-Java-Servlet-main\apache-tomcat-9.0.93\webapps\manager]
12-Oct-2025 21:04:01.733 INFO [main] org.apache.jasper.servlet.TldScanner.scanJars At least one JAR was scanned for TLDs yet contained no TLDs. Enable debug logging for this logger for a complete list of JARs that were scanned but no TLDs were found in them. Skipping unneeded JARs during scanning can improve startup time and JSP compilation time.
12-Oct-2025 21:04:01.743 INFO [main] org.apache.catalina.startup.HostConfig.deployDirectory Deployment of web application directory [C:\Users\sande\Downloads\Vehicle-Management-System-Java-Servlet-main (2)\Vehicle-Management-System-Java-Servlet-main\Vehicle-Management-System-Java-Servlet-main\apache-tomcat-9.0.93\webapps\manager] has finished in [173] ms
12-Oct-2025 21:04:01.743 INFO [main] org.apache.catalina.startup.HostConfig.deployDirectory Deploying web application directory [C:\Users\sande\Downloads\Vehicle-Management-System-Java-Servlet-main (2)\Vehicle-Management-System-Java-Servlet-main\Vehicle-Management-System-Java-Servlet-main\apache-tomcat-9.0.93\webapps\ROOT]
12-Oct-2025 21:04:01.857 INFO [main] org.apache.jasper.servlet.TldScanner.scanJars At least one JAR was scanned for TLDs yet contained no TLDs. Enable debug logging for this logger for a complete list of JARs that were scanned but no TLDs were found in them. Skipping unneeded JARs during scanning can improve startup time and JSP compilation time.
12-Oct-2025 21:04:01.865 INFO [main] org.apache.catalina.startup.HostConfig.deployDirectory Deployment of web application directory [C:\Users\sande\Downloads\Vehicle-Management-System-Java-Servlet-main (2)\Vehicle-Management-System-Java-Servlet-main\Vehicle-Management-System-Java-Servlet-main\apache-tomcat-9.0.93\webapps\ROOT] has finished in [122] ms
12-Oct-2025 21:04:01.874 INFO [main] org.apache.coyote.AbstractProtocol.start Starting ProtocolHandler ["http-nio-8080"]
12-Oct-2025 21:04:01.979 INFO [main] org.apache.catalina.startup.Catalina.start Server startup in [5826] milliseconds
12-Oct-2025 21:08:48.708 INFO [main] org.apache.catalina.core.StandardServer.await A valid shutdown command was received via the shutdown port. Stopping the Server instance.
12-Oct-2025 21:08:48.709 INFO [main] org.apache.coyote.AbstractProtocol.pause Pausing ProtocolHandler ["http-nio-8080"]
12-Oct-2025 21:08:48.886 INFO [main] org.apache.catalina.core.StandardService.stopInternal Stopping service [Catalina]
12-Oct-2025 21:08:48.924 INFO [main] org.apache.coyote.AbstractProtocol.stop Stopping ProtocolHandler ["http-nio-8080"]
12-Oct-2025 21:08:48.933 INFO [main] org.apache.coyote.AbstractProtocol.destroy Destroying ProtocolHandler ["http-nio-8080"]
12-Oct-2025 21:09:04.549 INFO [main] org.apache.catalina.startup.VersionLoggerListener.log Server version name:   Apache Tomcat/9.0.93
12-Oct-2025 21:09:04.558 INFO [main] org.apache.catalina.startup.VersionLoggerListener.log Server built:          Aug 2 2024 21:24:59 UTC
12-Oct-2025 21:09:04.558 INFO [main] org.apache.catalina.startup.VersionLoggerListener.log Server version number: 9.0.93.0
12-Oct-2025 21:09:04.559 INFO [main] org.apache.catalina.startup.VersionLoggerListener.log OS Name:               Windows 11
12-Oct-2025 21:09:04.560 INFO [main] org.apache.catalina.startup.VersionLoggerListener.log OS Version:            10.0
12-Oct-2025 21:09:04.560 INFO [main] org.apache.catalina.startup.VersionLoggerListener.log Architecture:          amd64
12-Oct-2025 21:09:04.560 INFO [main] org.apache.catalina.startup.VersionLoggerListener.log Java Home:             C:\Program Files\Java\jdk-17
12-Oct-2025 21:09:04.560 INFO [main] org.apache.catalina.startup.VersionLoggerListener.log JVM Version:           17.0.12+8-LTS-286
12-Oct-2025 21:09:04.561 INFO [main] org.apache.catalina.startup.VersionLoggerListener.log JVM Vendor:            Oracle Corporation
12-Oct-2025 21:09:04.561 INFO [main] org.apache.catalina.startup.VersionLoggerListener.log CATALINA_BASE:         C:\Users\sande\Downloads\Vehicle-Management-System-Java-Servlet-main (2)\Vehicle-Management-System-Java-Servlet-main\Vehicle-Management-System-Java-Servlet-main\apache-tomcat-9.0.93
12-Oct-2025 21:09:04.561 INFO [main] org.apache.catalina.startup.VersionLoggerListener.log CATALINA_HOME:         C:\Users\sande\Downloads\Vehicle-Management-System-Java-Servlet-main (2)\Vehicle-Management-System-Java-Servlet-main\Vehicle-Management-System-Java-Servlet-main\apache-tomcat-9.0.93
12-Oct-2025 21:09:04.584 INFO [main] org.apache.catalina.startup.VersionLoggerListener.log Command line argument: --add-opens=java.base/java.lang=ALL-UNNAMED
12-Oct-2025 21:09:04.584 INFO [main] org.apache.catalina.startup.VersionLoggerListener.log Command line argument: --add-opens=java.base/java.io=ALL-UNNAMED
12-Oct-2025 21:09:04.585 INFO [main] org.apache.catalina.startup.VersionLoggerListener.log Command line argument: --add-opens=java.base/java.util=ALL-UNNAMED
12-Oct-2025 21:09:04.586 INFO [main] org.apache.catalina.startup.VersionLoggerListener.log Command line argument: --add-opens=java.base/java.util.concurrent=ALL-UNNAMED
12-Oct-2025 21:09:04.586 INFO [main] org.apache.catalina.startup.VersionLoggerListener.log Command line argument: --add-opens=java.rmi/sun.rmi.transport=ALL-UNNAMED
12-Oct-2025 21:09:04.586 INFO [main] org.apache.catalina.startup.VersionLoggerListener.log Command line argument: -Djava.util.logging.config.file=apache-tomcat-9.0.93\conf\logging.properties
12-Oct-2025 21:09:04.586 INFO [main] org.apache.catalina.startup.VersionLoggerListener.log Command line argument: -Djava.util.logging.manager=org.apache.juli.ClassLoaderLogManager
12-Oct-2025 21:09:04.588 INFO [main] org.apache.catalina.startup.VersionLoggerListener.log Command line argument: -Djdk.tls.ephemeralDHKeySize=2048
12-Oct-2025 21:09:04.588 INFO [main] org.apache.catalina.startup.VersionLoggerListener.log Command line argument: -Djava.protocol.handler.pkgs=org.apache.catalina.webresources
12-Oct-2025 21:09:04.589 INFO [main] org.apache.catalina.startup.VersionLoggerListener.log Command line argument: -Dignore.endorsed.dirs=
12-Oct-2025 21:09:04.589 INFO [main] org.apache.catalina.startup.VersionLoggerListener.log Command line argument: -Dcatalina.base=apache-tomcat-9.0.93
12-Oct-2025 21:09:04.589 INFO [main] org.apache.catalina.startup.VersionLoggerListener.log Command line argument: -Dcatalina.home=apache-tomcat-9.0.93
12-Oct-2025 21:09:04.589 INFO [main] org.apache.catalina.startup.VersionLoggerListener.log Command line argument: -Djava.io.tmpdir=apache-tomcat-9.0.93\temp
12-Oct-2025 21:09:04.596 INFO [main] org.apache.catalina.core.AprLifecycleListener.lifecycleEvent Loaded Apache Tomcat Native library [1.3.1] using APR version [1.7.4].
12-Oct-2025 21:09:04.597 INFO [main] org.apache.catalina.core.AprLifecycleListener.lifecycleEvent APR capabilities: IPv6 [true], sendfile [true], accept filters [false], random [true], UDS [true].
12-Oct-2025 21:09:04.597 INFO [main] org.apache.catalina.core.AprLifecycleListener.lifecycleEvent APR/OpenSSL configuration: useAprConnector [false], useOpenSSL [true]
12-Oct-2025 21:09:04.612 INFO [main] org.apache.catalina.core.AprLifecycleListener.initializeSSL OpenSSL successfully initialized [OpenSSL 3.0.14 4 Jun 2024]
12-Oct-2025 21:09:05.123 INFO [main] org.apache.coyote.AbstractProtocol.init Initializing ProtocolHandler ["http-nio-8080"]
12-Oct-2025 21:09:05.175 INFO [main] org.apache.catalina.startup.Catalina.load Server initialization in [1013] milliseconds
12-Oct-2025 21:09:05.282 INFO [main] org.apache.catalina.core.StandardService.startInternal Starting service [Catalina]
12-Oct-2025 21:09:05.282 INFO [main] org.apache.catalina.core.StandardEngine.startInternal Starting Servlet engine: [Apache Tomcat/9.0.93]
12-Oct-2025 21:09:05.324 INFO [main] org.apache.catalina.startup.HostConfig.deployWAR Deploying web application archive [C:\Users\sande\Downloads\Vehicle-Management-System-Java-Servlet-main (2)\Vehicle-Management-System-Java-Servlet-main\Vehicle-Management-System-Java-Servlet-main\apache-tomcat-9.0.93\webapps\Vehicle.war]
12-Oct-2025 21:09:08.049 INFO [main] org.apache.jasper.servlet.TldScanner.scanJars At least one JAR was scanned for TLDs yet contained no TLDs. Enable debug logging for this logger for a complete list of JARs that were scanned but no TLDs were found in them. Skipping unneeded JARs during scanning can improve startup time and JSP compilation time.
12-Oct-2025 21:09:08.205 INFO [main] org.apache.catalina.startup.HostConfig.deployWAR Deployment of web application archive [C:\Users\sande\Downloads\Vehicle-Management-System-Java-Servlet-main (2)\Vehicle-Management-System-Java-Servlet-main\Vehicle-Management-System-Java-Servlet-main\apache-tomcat-9.0.93\webapps\Vehicle.war] has finished in [2,880] ms
12-Oct-2025 21:09:08.206 INFO [main] org.apache.catalina.startup.HostConfig.deployDirectory Deploying web application directory [C:\Users\sande\Downloads\Vehicle-Management-System-Java-Servlet-main (2)\Vehicle-Management-System-Java-Servlet-main\Vehicle-Management-System-Java-Servlet-main\apache-tomcat-9.0.93\webapps\docs]
12-Oct-2025 21:09:08.357 INFO [main] org.apache.jasper.servlet.TldScanner.scanJars At least one JAR was scanned for TLDs yet contained no TLDs. Enable debug logging for this logger for a complete list of JARs that were scanned but no TLDs were found in them. Skipping unneeded JARs during scanning can improve startup time and JSP compilation time.
12-Oct-2025 21:09:08.367 INFO [main] org.apache.catalina.startup.HostConfig.deployDirectory Deployment of web application directory [C:\Users\sande\Downloads\Vehicle-Management-System-Java-Servlet-main (2)\Vehicle-Management-System-Java-Servlet-main\Vehicle-Management-System-Java-Servlet-main\apache-tomcat-9.0.93\webapps\docs] has finished in [161] ms
12-Oct-2025 21:09:08.368 INFO [main] org.apache.catalina.startup.HostConfig.deployDirectory Deploying web application directory [C:\Users\sande\Downloads\Vehicle-Management-System-Java-Servlet-main (2)\Vehicle-Management-System-Java-Servlet-main\Vehicle-Management-System-Java-Servlet-main\apache-tomcat-9.0.93\webapps\examples]
12-Oct-2025 21:09:09.505 INFO [main] org.apache.jasper.servlet.TldScanner.scanJars At least one JAR was scanned for TLDs yet contained no TLDs. Enable debug logging for this logger for a complete list of JARs that were scanned but no TLDs were found in them. Skipping unneeded JARs during scanning can improve startup time and JSP compilation time.
12-Oct-2025 21:09:09.669 INFO [main] org.apache.catalina.startup.HostConfig.deployDirectory Deployment of web application directory [C:\Users\sande\Downloads\Vehicle-Management-System-Java-Servlet-main (2)\Vehicle-Management-System-Java-Servlet-main\Vehicle-Management-System-Java-Servlet-main\apache-tomcat-9.0.93\webapps\examples] has finished in [1,300] ms
12-Oct-2025 21:09:09.670 INFO [main] org.apache.catalina.startup.HostConfig.deployDirectory Deploying web application directory [C:\Users\sande\Downloads\Vehicle-Management-System-Java-Servlet-main (2)\Vehicle-Management-System-Java-Servlet-main\Vehicle-Management-System-Java-Servlet-main\apache-tomcat-9.0.93\webapps\host-manager]
12-Oct-2025 21:09:09.810 INFO [main] org.apache.jasper.servlet.TldScanner.scanJars At least one JAR was scanned for TLDs yet contained no TLDs. Enable debug logging for this logger for a complete list of JARs that were scanned but no TLDs were found in them. Skipping unneeded JARs during scanning can improve startup time and JSP compilation time.
12-Oct-2025 21:09:09.833 INFO [main] org.apache.catalina.startup.HostConfig.deployDirectory Deployment of web application directory [C:\Users\sande\Downloads\Vehicle-Management-System-Java-Servlet-main (2)\Vehicle-Management-System-Java-Servlet-main\Vehicle-Management-System-Java-Servlet-main\apache-tomcat-9.0.93\webapps\host-manager] has finished in [163] ms
12-Oct-2025 21:09:09.834 INFO [main] org.apache.catalina.startup.HostConfig.deployDirectory Deploying web application directory [C:\Users\sande\Downloads\Vehicle-Management-System-Java-Servlet-main (2)\Vehicle-Management-System-Java-Servlet-main\Vehicle-Management-System-Java-Servlet-main\apache-tomcat-9.0.93\webapps\manager]
12-Oct-2025 21:09:09.990 INFO [main] org.apache.jasper.servlet.TldScanner.scanJars At least one JAR was scanned for TLDs yet contained no TLDs. Enable debug logging for this logger for a complete list of JARs that were scanned but no TLDs were found in them. Skipping unneeded JARs during scanning can improve startup time and JSP compilation time.
12-Oct-2025 21:09:10.001 INFO [main] org.apache.catalina.startup.HostConfig.deployDirectory Deployment of web application directory [C:\Users\sande\Downloads\Vehicle-Management-System-Java-Servlet-main (2)\Vehicle-Management-System-Java-Servlet-main\Vehicle-Management-System-Java-Servlet-main\apache-tomcat-9.0.93\webapps\manager] has finished in [166] ms
12-Oct-2025 21:09:10.001 INFO [main] org.apache.catalina.startup.HostConfig.deployDirectory Deploying web application directory [C:\Users\sande\Downloads\Vehicle-Management-System-Java-Servlet-main (2)\Vehicle-Management-System-Java-Servlet-main\Vehicle-Management-System-Java-Servlet-main\apache-tomcat-9.0.93\webapps\ROOT]
12-Oct-2025 21:09:10.112 INFO [main] org.apache.jasper.servlet.TldScanner.scanJars At least one JAR was scanned for TLDs yet contained no TLDs. Enable debug logging for this logger for a complete list of JARs that were scanned but no TLDs were found in them. Skipping unneeded JARs during scanning can improve startup time and JSP compilation time.
12-Oct-2025 21:09:10.123 INFO [main] org.apache.catalina.startup.HostConfig.deployDirectory Deployment of web application directory [C:\Users\sande\Downloads\Vehicle-Management-System-Java-Servlet-main (2)\Vehicle-Management-System-Java-Servlet-main\Vehicle-Management-System-Java-Servlet-main\apache-tomcat-9.0.93\webapps\ROOT] has finished in [121] ms
12-Oct-2025 21:09:10.130 INFO [main] org.apache.coyote.AbstractProtocol.start Starting ProtocolHandler ["http-nio-8080"]
12-Oct-2025 21:09:10.229 INFO [main] org.apache.catalina.startup.Catalina.start Server startup in [5053] milliseconds
12-Oct-2025 21:17:46.226 INFO [main] org.apache.catalina.core.StandardServer.await A valid shutdown command was received via the shutdown port. Stopping the Server instance.
12-Oct-2025 21:17:46.228 INFO [main] org.apache.coyote.AbstractProtocol.pause Pausing ProtocolHandler ["http-nio-8080"]
12-Oct-2025 21:17:46.408 INFO [main] org.apache.catalina.core.StandardService.stopInternal Stopping service [Catalina]
12-Oct-2025 21:17:46.443 INFO [main] org.apache.coyote.AbstractProtocol.stop Stopping ProtocolHandler ["http-nio-8080"]
12-Oct-2025 21:17:46.463 INFO [main] org.apache.coyote.AbstractProtocol.destroy Destroying ProtocolHandler ["http-nio-8080"]
12-Oct-2025 21:18:01.841 INFO [main] org.apache.catalina.startup.VersionLoggerListener.log Server version name:   Apache Tomcat/9.0.93
12-Oct-2025 21:18:01.848 INFO [main] org.apache.catalina.startup.VersionLoggerListener.log Server built:          Aug 2 2024 21:24:59 UTC
12-Oct-2025 21:18:01.849 INFO [main] org.apache.catalina.startup.VersionLoggerListener.log Server version number: 9.0.93.0
12-Oct-2025 21:18:01.849 INFO [main] org.apache.catalina.startup.VersionLoggerListener.log OS Name:               Windows 11
12-Oct-2025 21:18:01.849 INFO [main] org.apache.catalina.startup.VersionLoggerListener.log OS Version:            10.0
12-Oct-2025 21:18:01.849 INFO [main] org.apache.catalina.startup.VersionLoggerListener.log Architecture:          amd64
12-Oct-2025 21:18:01.851 INFO [main] org.apache.catalina.startup.VersionLoggerListener.log Java Home:             C:\Program Files\Java\jdk-17
12-Oct-2025 21:18:01.851 INFO [main] org.apache.catalina.startup.VersionLoggerListener.log JVM Version:           17.0.12+8-LTS-286
12-Oct-2025 21:18:01.851 INFO [main] org.apache.catalina.startup.VersionLoggerListener.log JVM Vendor:            Oracle Corporation
12-Oct-2025 21:18:01.851 INFO [main] org.apache.catalina.startup.VersionLoggerListener.log CATALINA_BASE:         C:\Users\sande\Downloads\Vehicle-Management-System-Java-Servlet-main (2)\Vehicle-Management-System-Java-Servlet-main\Vehicle-Management-System-Java-Servlet-main\apache-tomcat-9.0.93
12-Oct-2025 21:18:01.852 INFO [main] org.apache.catalina.startup.VersionLoggerListener.log CATALINA_HOME:         C:\Users\sande\Downloads\Vehicle-Management-System-Java-Servlet-main (2)\Vehicle-Management-System-Java-Servlet-main\Vehicle-Management-System-Java-Servlet-main\apache-tomcat-9.0.93
12-Oct-2025 21:18:01.872 INFO [main] org.apache.catalina.startup.VersionLoggerListener.log Command line argument: --add-opens=java.base/java.lang=ALL-UNNAMED
12-Oct-2025 21:18:01.873 INFO [main] org.apache.catalina.startup.VersionLoggerListener.log Command line argument: --add-opens=java.base/java.io=ALL-UNNAMED
12-Oct-2025 21:18:01.873 INFO [main] org.apache.catalina.startup.VersionLoggerListener.log Command line argument: --add-opens=java.base/java.util=ALL-UNNAMED
12-Oct-2025 21:18:01.873 INFO [main] org.apache.catalina.startup.VersionLoggerListener.log Command line argument: --add-opens=java.base/java.util.concurrent=ALL-UNNAMED
12-Oct-2025 21:18:01.874 INFO [main] org.apache.catalina.startup.VersionLoggerListener.log Command line argument: --add-opens=java.rmi/sun.rmi.transport=ALL-UNNAMED
12-Oct-2025 21:18:01.874 INFO [main] org.apache.catalina.startup.VersionLoggerListener.log Command line argument: -Djava.util.logging.config.file=apache-tomcat-9.0.93\conf\logging.properties
12-Oct-2025 21:18:01.875 INFO [main] org.apache.catalina.startup.VersionLoggerListener.log Command line argument: -Djava.util.logging.manager=org.apache.juli.ClassLoaderLogManager
12-Oct-2025 21:18:01.875 INFO [main] org.apache.catalina.startup.VersionLoggerListener.log Command line argument: -Djdk.tls.ephemeralDHKeySize=2048
12-Oct-2025 21:18:01.876 INFO [main] org.apache.catalina.startup.VersionLoggerListener.log Command line argument: -Djava.protocol.handler.pkgs=org.apache.catalina.webresources
12-Oct-2025 21:18:01.876 INFO [main] org.apache.catalina.startup.VersionLoggerListener.log Command line argument: -Dignore.endorsed.dirs=
12-Oct-2025 21:18:01.877 INFO [main] org.apache.catalina.startup.VersionLoggerListener.log Command line argument: -Dcatalina.base=apache-tomcat-9.0.93
12-Oct-2025 21:18:01.877 INFO [main] org.apache.catalina.startup.VersionLoggerListener.log Command line argument: -Dcatalina.home=apache-tomcat-9.0.93
12-Oct-2025 21:18:01.877 INFO [main] org.apache.catalina.startup.VersionLoggerListener.log Command line argument: -Djava.io.tmpdir=apache-tomcat-9.0.93\temp
12-Oct-2025 21:18:01.885 INFO [main] org.apache.catalina.core.AprLifecycleListener.lifecycleEvent Loaded Apache Tomcat Native library [1.3.1] using APR version [1.7.4].
12-Oct-2025 21:18:01.885 INFO [main] org.apache.catalina.core.AprLifecycleListener.lifecycleEvent APR capabilities: IPv6 [true], sendfile [true], accept filters [false], random [true], UDS [true].
12-Oct-2025 21:18:01.886 INFO [main] org.apache.catalina.core.AprLifecycleListener.lifecycleEvent APR/OpenSSL configuration: useAprConnector [false], useOpenSSL [true]
12-Oct-2025 21:18:01.898 INFO [main] org.apache.catalina.core.AprLifecycleListener.initializeSSL OpenSSL successfully initialized [OpenSSL 3.0.14 4 Jun 2024]
12-Oct-2025 21:18:02.402 INFO [main] org.apache.coyote.AbstractProtocol.init Initializing ProtocolHandler ["http-nio-8080"]
12-Oct-2025 21:18:02.461 INFO [main] org.apache.catalina.startup.Catalina.load Server initialization in [991] milliseconds
12-Oct-2025 21:18:02.612 INFO [main] org.apache.catalina.core.StandardService.startInternal Starting service [Catalina]
12-Oct-2025 21:18:02.613 INFO [main] org.apache.catalina.core.StandardEngine.startInternal Starting Servlet engine: [Apache Tomcat/9.0.93]
12-Oct-2025 21:18:02.652 INFO [main] org.apache.catalina.startup.HostConfig.deployWAR Deploying web application archive [C:\Users\sande\Downloads\Vehicle-Management-System-Java-Servlet-main (2)\Vehicle-Management-System-Java-Servlet-main\Vehicle-Management-System-Java-Servlet-main\apache-tomcat-9.0.93\webapps\Vehicle.war]
12-Oct-2025 21:18:05.365 INFO [main] org.apache.jasper.servlet.TldScanner.scanJars At least one JAR was scanned for TLDs yet contained no TLDs. Enable debug logging for this logger for a complete list of JARs that were scanned but no TLDs were found in them. Skipping unneeded JARs during scanning can improve startup time and JSP compilation time.
12-Oct-2025 21:18:05.532 INFO [main] org.apache.catalina.startup.HostConfig.deployWAR Deployment of web application archive [C:\Users\sande\Downloads\Vehicle-Management-System-Java-Servlet-main (2)\Vehicle-Management-System-Java-Servlet-main\Vehicle-Management-System-Java-Servlet-main\apache-tomcat-9.0.93\webapps\Vehicle.war] has finished in [2,878] ms
12-Oct-2025 21:18:05.532 INFO [main] org.apache.catalina.startup.HostConfig.deployDirectory Deploying web application directory [C:\Users\sande\Downloads\Vehicle-Management-System-Java-Servlet-main (2)\Vehicle-Management-System-Java-Servlet-main\Vehicle-Management-System-Java-Servlet-main\apache-tomcat-9.0.93\webapps\docs]
12-Oct-2025 21:18:05.671 INFO [main] org.apache.jasper.servlet.TldScanner.scanJars At least one JAR was scanned for TLDs yet contained no TLDs. Enable debug logging for this logger for a complete list of JARs that were scanned but no TLDs were found in them. Skipping unneeded JARs during scanning can improve startup time and JSP compilation time.
12-Oct-2025 21:18:05.681 INFO [main] org.apache.catalina.startup.HostConfig.deployDirectory Deployment of web application directory [C:\Users\sande\Downloads\Vehicle-Management-System-Java-Servlet-main (2)\Vehicle-Management-System-Java-Servlet-main\Vehicle-Management-System-Java-Servlet-main\apache-tomcat-9.0.93\webapps\docs] has finished in [149] ms
12-Oct-2025 21:18:05.682 INFO [main] org.apache.catalina.startup.HostConfig.deployDirectory Deploying web application directory [C:\Users\sande\Downloads\Vehicle-Management-System-Java-Servlet-main (2)\Vehicle-Management-System-Java-Servlet-main\Vehicle-Management-System-Java-Servlet-main\apache-tomcat-9.0.93\webapps\examples]
12-Oct-2025 21:18:06.838 INFO [main] org.apache.jasper.servlet.TldScanner.scanJars At least one JAR was scanned for TLDs yet contained no TLDs. Enable debug logging for this logger for a complete list of JARs that were scanned but no TLDs were found in them. Skipping unneeded JARs during scanning can improve startup time and JSP compilation time.
12-Oct-2025 21:18:06.995 INFO [main] org.apache.catalina.startup.HostConfig.deployDirectory Deployment of web application directory [C:\Users\sande\Downloads\Vehicle-Management-System-Java-Servlet-main (2)\Vehicle-Management-System-Java-Servlet-main\Vehicle-Management-System-Java-Servlet-main\apache-tomcat-9.0.93\webapps\examples] has finished in [1,313] ms
12-Oct-2025 21:18:06.996 INFO [main] org.apache.catalina.startup.HostConfig.deployDirectory Deploying web application directory [C:\Users\sande\Downloads\Vehicle-Management-System-Java-Servlet-main (2)\Vehicle-Management-System-Java-Servlet-main\Vehicle-Management-System-Java-Servlet-main\apache-tomcat-9.0.93\webapps\host-manager]
12-Oct-2025 21:18:07.148 INFO [main] org.apache.jasper.servlet.TldScanner.scanJars At least one JAR was scanned for TLDs yet contained no TLDs. Enable debug logging for this logger for a complete list of JARs that were scanned but no TLDs were found in them. Skipping unneeded JARs during scanning can improve startup time and JSP compilation time.
12-Oct-2025 21:18:07.166 INFO [main] org.apache.catalina.startup.HostConfig.deployDirectory Deployment of web application directory [C:\Users\sande\Downloads\Vehicle-Management-System-Java-Servlet-main (2)\Vehicle-Management-System-Java-Servlet-main\Vehicle-Management-System-Java-Servlet-main\apache-tomcat-9.0.93\webapps\host-manager] has finished in [169] ms
12-Oct-2025 21:18:07.166 INFO [main] org.apache.catalina.startup.HostConfig.deployDirectory Deploying web application directory [C:\Users\sande\Downloads\Vehicle-Management-System-Java-Servlet-main (2)\Vehicle-Management-System-Java-Servlet-main\Vehicle-Management-System-Java-Servlet-main\apache-tomcat-9.0.93\webapps\manager]
12-Oct-2025 21:18:07.328 INFO [main] org.apache.jasper.servlet.TldScanner.scanJars At least one JAR was scanned for TLDs yet contained no TLDs. Enable debug logging for this logger for a complete list of JARs that were scanned but no TLDs were found in them. Skipping unneeded JARs during scanning can improve startup time and JSP compilation time.
12-Oct-2025 21:18:07.337 INFO [main] org.apache.catalina.startup.HostConfig.deployDirectory Deployment of web application directory [C:\Users\sande\Downloads\Vehicle-Management-System-Java-Servlet-main (2)\Vehicle-Management-System-Java-Servlet-main\Vehicle-Management-System-Java-Servlet-main\apache-tomcat-9.0.93\webapps\manager] has finished in [170] ms
12-Oct-2025 21:18:07.338 INFO [main] org.apache.catalina.startup.HostConfig.deployDirectory Deploying web application directory [C:\Users\sande\Downloads\Vehicle-Management-System-Java-Servlet-main (2)\Vehicle-Management-System-Java-Servlet-main\Vehicle-Management-System-Java-Servlet-main\apache-tomcat-9.0.93\webapps\ROOT]
12-Oct-2025 21:18:07.457 INFO [main] org.apache.jasper.servlet.TldScanner.scanJars At least one JAR was scanned for TLDs yet contained no TLDs. Enable debug logging for this logger for a complete list of JARs that were scanned but no TLDs were found in them. Skipping unneeded JARs during scanning can improve startup time and JSP compilation time.
12-Oct-2025 21:18:07.466 INFO [main] org.apache.catalina.startup.HostConfig.deployDirectory Deployment of web application directory [C:\Users\sande\Downloads\Vehicle-Management-System-Java-Servlet-main (2)\Vehicle-Management-System-Java-Servlet-main\Vehicle-Management-System-Java-Servlet-main\apache-tomcat-9.0.93\webapps\ROOT] has finished in [128] ms
12-Oct-2025 21:18:07.474 INFO [main] org.apache.coyote.AbstractProtocol.start Starting ProtocolHandler ["http-nio-8080"]
12-Oct-2025 21:18:07.571 INFO [main] org.apache.catalina.startup.Catalina.start Server startup in [5108] milliseconds
12-Oct-2025 21:26:16.879 INFO [main] org.apache.catalina.core.StandardServer.await A valid shutdown command was received via the shutdown port. Stopping the Server instance.
12-Oct-2025 21:26:16.881 INFO [main] org.apache.coyote.AbstractProtocol.pause Pausing ProtocolHandler ["http-nio-8080"]
12-Oct-2025 21:26:17.047 INFO [main] org.apache.catalina.core.StandardService.stopInternal Stopping service [Catalina]
12-Oct-2025 21:26:17.089 INFO [main] org.apache.coyote.AbstractProtocol.stop Stopping ProtocolHandler ["http-nio-8080"]
12-Oct-2025 21:26:17.103 INFO [main] org.apache.coyote.AbstractProtocol.destroy Destroying ProtocolHandler ["http-nio-8080"]
12-Oct-2025 21:26:33.136 INFO [main] org.apache.catalina.startup.VersionLoggerListener.log Server version name:   Apache Tomcat/9.0.93
12-Oct-2025 21:26:33.146 INFO [main] org.apache.catalina.startup.VersionLoggerListener.log Server built:          Aug 2 2024 21:24:59 UTC
12-Oct-2025 21:26:33.147 INFO [main] org.apache.catalina.startup.VersionLoggerListener.log Server version number: 9.0.93.0
12-Oct-2025 21:26:33.147 INFO [main] org.apache.catalina.startup.VersionLoggerListener.log OS Name:               Windows 11
12-Oct-2025 21:26:33.148 INFO [main] org.apache.catalina.startup.VersionLoggerListener.log OS Version:            10.0
12-Oct-2025 21:26:33.149 INFO [main] org.apache.catalina.startup.VersionLoggerListener.log Architecture:          amd64
12-Oct-2025 21:26:33.149 INFO [main] org.apache.catalina.startup.VersionLoggerListener.log Java Home:             C:\Program Files\Java\jdk-17
12-Oct-2025 21:26:33.149 INFO [main] org.apache.catalina.startup.VersionLoggerListener.log JVM Version:           17.0.12+8-LTS-286
12-Oct-2025 21:26:33.150 INFO [main] org.apache.catalina.startup.VersionLoggerListener.log JVM Vendor:            Oracle Corporation
12-Oct-2025 21:26:33.150 INFO [main] org.apache.catalina.startup.VersionLoggerListener.log CATALINA_BASE:         C:\Users\sande\Downloads\Vehicle-Management-System-Java-Servlet-main (2)\Vehicle-Management-System-Java-Servlet-main\Vehicle-Management-System-Java-Servlet-main\apache-tomcat-9.0.93
12-Oct-2025 21:26:33.151 INFO [main] org.apache.catalina.startup.VersionLoggerListener.log CATALINA_HOME:         C:\Users\sande\Downloads\Vehicle-Management-System-Java-Servlet-main (2)\Vehicle-Management-System-Java-Servlet-main\Vehicle-Management-System-Java-Servlet-main\apache-tomcat-9.0.93
12-Oct-2025 21:26:33.179 INFO [main] org.apache.catalina.startup.VersionLoggerListener.log Command line argument: --add-opens=java.base/java.lang=ALL-UNNAMED
12-Oct-2025 21:26:33.181 INFO [main] org.apache.catalina.startup.VersionLoggerListener.log Command line argument: --add-opens=java.base/java.io=ALL-UNNAMED
12-Oct-2025 21:26:33.181 INFO [main] org.apache.catalina.startup.VersionLoggerListener.log Command line argument: --add-opens=java.base/java.util=ALL-UNNAMED
12-Oct-2025 21:26:33.182 INFO [main] org.apache.catalina.startup.VersionLoggerListener.log Command line argument: --add-opens=java.base/java.util.concurrent=ALL-UNNAMED
12-Oct-2025 21:26:33.182 INFO [main] org.apache.catalina.startup.VersionLoggerListener.log Command line argument: --add-opens=java.rmi/sun.rmi.transport=ALL-UNNAMED
12-Oct-2025 21:26:33.182 INFO [main] org.apache.catalina.startup.VersionLoggerListener.log Command line argument: -Djava.util.logging.config.file=apache-tomcat-9.0.93\conf\logging.properties
12-Oct-2025 21:26:33.183 INFO [main] org.apache.catalina.startup.VersionLoggerListener.log Command line argument: -Djava.util.logging.manager=org.apache.juli.ClassLoaderLogManager
12-Oct-2025 21:26:33.184 INFO [main] org.apache.catalina.startup.VersionLoggerListener.log Command line argument: -Djdk.tls.ephemeralDHKeySize=2048
12-Oct-2025 21:26:33.184 INFO [main] org.apache.catalina.startup.VersionLoggerListener.log Command line argument: -Djava.protocol.handler.pkgs=org.apache.catalina.webresources
12-Oct-2025 21:26:33.186 INFO [main] org.apache.catalina.startup.VersionLoggerListener.log Command line argument: -Dignore.endorsed.dirs=
12-Oct-2025 21:26:33.186 INFO [main] org.apache.catalina.startup.VersionLoggerListener.log Command line argument: -Dcatalina.base=apache-tomcat-9.0.93
12-Oct-2025 21:26:33.186 INFO [main] org.apache.catalina.startup.VersionLoggerListener.log Command line argument: -Dcatalina.home=apache-tomcat-9.0.93
12-Oct-2025 21:26:33.186 INFO [main] org.apache.catalina.startup.VersionLoggerListener.log Command line argument: -Djava.io.tmpdir=apache-tomcat-9.0.93\temp
12-Oct-2025 21:26:33.195 INFO [main] org.apache.catalina.core.AprLifecycleListener.lifecycleEvent Loaded Apache Tomcat Native library [1.3.1] using APR version [1.7.4].
12-Oct-2025 21:26:33.195 INFO [main] org.apache.catalina.core.AprLifecycleListener.lifecycleEvent APR capabilities: IPv6 [true], sendfile [true], accept filters [false], random [true], UDS [true].
12-Oct-2025 21:26:33.196 INFO [main] org.apache.catalina.core.AprLifecycleListener.lifecycleEvent APR/OpenSSL configuration: useAprConnector [false], useOpenSSL [true]
12-Oct-2025 21:26:33.209 INFO [main] org.apache.catalina.core.AprLifecycleListener.initializeSSL OpenSSL successfully initialized [OpenSSL 3.0.14 4 Jun 2024]
12-Oct-2025 21:26:33.772 INFO [main] org.apache.coyote.AbstractProtocol.init Initializing ProtocolHandler ["http-nio-8080"]
12-Oct-2025 21:26:33.834 INFO [main] org.apache.catalina.startup.Catalina.load Server initialization in [1075] milliseconds
12-Oct-2025 21:26:33.945 INFO [main] org.apache.catalina.core.StandardService.startInternal Starting service [Catalina]
12-Oct-2025 21:26:33.946 INFO [main] org.apache.catalina.core.StandardEngine.startInternal Starting Servlet engine: [Apache Tomcat/9.0.93]
12-Oct-2025 21:26:33.984 INFO [main] org.apache.catalina.startup.HostConfig.deployWAR Deploying web application archive [C:\Users\sande\Downloads\Vehicle-Management-System-Java-Servlet-main (2)\Vehicle-Management-System-Java-Servlet-main\Vehicle-Management-System-Java-Servlet-main\apache-tomcat-9.0.93\webapps\Vehicle.war]
12-Oct-2025 21:26:36.776 INFO [main] org.apache.jasper.servlet.TldScanner.scanJars At least one JAR was scanned for TLDs yet contained no TLDs. Enable debug logging for this logger for a complete list of JARs that were scanned but no TLDs were found in them. Skipping unneeded JARs during scanning can improve startup time and JSP compilation time.
12-Oct-2025 21:26:36.922 WARNING [main] org.apache.catalina.util.SessionIdGeneratorBase.createSecureRandom Creation of SecureRandom instance for session ID generation using [SHA1PRNG] took [101] milliseconds.
12-Oct-2025 21:26:36.967 INFO [main] org.apache.catalina.startup.HostConfig.deployWAR Deployment of web application archive [C:\Users\sande\Downloads\Vehicle-Management-System-Java-Servlet-main (2)\Vehicle-Management-System-Java-Servlet-main\Vehicle-Management-System-Java-Servlet-main\apache-tomcat-9.0.93\webapps\Vehicle.war] has finished in [2,983] ms
12-Oct-2025 21:26:36.968 INFO [main] org.apache.catalina.startup.HostConfig.deployDirectory Deploying web application directory [C:\Users\sande\Downloads\Vehicle-Management-System-Java-Servlet-main (2)\Vehicle-Management-System-Java-Servlet-main\Vehicle-Management-System-Java-Servlet-main\apache-tomcat-9.0.93\webapps\docs]
12-Oct-2025 21:26:37.127 INFO [main] org.apache.jasper.servlet.TldScanner.scanJars At least one JAR was scanned for TLDs yet contained no TLDs. Enable debug logging for this logger for a complete list of JARs that were scanned but no TLDs were found in them. Skipping unneeded JARs during scanning can improve startup time and JSP compilation time.
12-Oct-2025 21:26:37.137 INFO [main] org.apache.catalina.startup.HostConfig.deployDirectory Deployment of web application directory [C:\Users\sande\Downloads\Vehicle-Management-System-Java-Servlet-main (2)\Vehicle-Management-System-Java-Servlet-main\Vehicle-Management-System-Java-Servlet-main\apache-tomcat-9.0.93\webapps\docs] has finished in [169] ms
12-Oct-2025 21:26:37.138 INFO [main] org.apache.catalina.startup.HostConfig.deployDirectory Deploying web application directory [C:\Users\sande\Downloads\Vehicle-Management-System-Java-Servlet-main (2)\Vehicle-Management-System-Java-Servlet-main\Vehicle-Management-System-Java-Servlet-main\apache-tomcat-9.0.93\webapps\examples]
12-Oct-2025 21:26:38.388 INFO [main] org.apache.jasper.servlet.TldScanner.scanJars At least one JAR was scanned for TLDs yet contained no TLDs. Enable debug logging for this logger for a complete list of JARs that were scanned but no TLDs were found in them. Skipping unneeded JARs during scanning can improve startup time and JSP compilation time.
12-Oct-2025 21:26:38.564 INFO [main] org.apache.catalina.startup.HostConfig.deployDirectory Deployment of web application directory [C:\Users\sande\Downloads\Vehicle-Management-System-Java-Servlet-main (2)\Vehicle-Management-System-Java-Servlet-main\Vehicle-Management-System-Java-Servlet-main\apache-tomcat-9.0.93\webapps\examples] has finished in [1,426] ms
12-Oct-2025 21:26:38.564 INFO [main] org.apache.catalina.startup.HostConfig.deployDirectory Deploying web application directory [C:\Users\sande\Downloads\Vehicle-Management-System-Java-Servlet-main (2)\Vehicle-Management-System-Java-Servlet-main\Vehicle-Management-System-Java-Servlet-main\apache-tomcat-9.0.93\webapps\host-manager]
12-Oct-2025 21:26:38.721 INFO [main] org.apache.jasper.servlet.TldScanner.scanJars At least one JAR was scanned for TLDs yet contained no TLDs. Enable debug logging for this logger for a complete list of JARs that were scanned but no TLDs were found in them. Skipping unneeded JARs during scanning can improve startup time and JSP compilation time.
12-Oct-2025 21:26:38.741 INFO [main] org.apache.catalina.startup.HostConfig.deployDirectory Deployment of web application directory [C:\Users\sande\Downloads\Vehicle-Management-System-Java-Servlet-main (2)\Vehicle-Management-System-Java-Servlet-main\Vehicle-Management-System-Java-Servlet-main\apache-tomcat-9.0.93\webapps\host-manager] has finished in [176] ms
12-Oct-2025 21:26:38.741 INFO [main] org.apache.catalina.startup.HostConfig.deployDirectory Deploying web application directory [C:\Users\sande\Downloads\Vehicle-Management-System-Java-Servlet-main (2)\Vehicle-Management-System-Java-Servlet-main\Vehicle-Management-System-Java-Servlet-main\apache-tomcat-9.0.93\webapps\manager]
12-Oct-2025 21:26:38.913 INFO [main] org.apache.jasper.servlet.TldScanner.scanJars At least one JAR was scanned for TLDs yet contained no TLDs. Enable debug logging for this logger for a complete list of JARs that were scanned but no TLDs were found in them. Skipping unneeded JARs during scanning can improve startup time and JSP compilation time.
12-Oct-2025 21:26:38.923 INFO [main] org.apache.catalina.startup.HostConfig.deployDirectory Deployment of web application directory [C:\Users\sande\Downloads\Vehicle-Management-System-Java-Servlet-main (2)\Vehicle-Management-System-Java-Servlet-main\Vehicle-Management-System-Java-Servlet-main\apache-tomcat-9.0.93\webapps\manager] has finished in [182] ms
12-Oct-2025 21:26:38.924 INFO [main] org.apache.catalina.startup.HostConfig.deployDirectory Deploying web application directory [C:\Users\sande\Downloads\Vehicle-Management-System-Java-Servlet-main (2)\Vehicle-Management-System-Java-Servlet-main\Vehicle-Management-System-Java-Servlet-main\apache-tomcat-9.0.93\webapps\ROOT]
12-Oct-2025 21:26:39.040 INFO [main] org.apache.jasper.servlet.TldScanner.scanJars At least one JAR was scanned for TLDs yet contained no TLDs. Enable debug logging for this logger for a complete list of JARs that were scanned but no TLDs were found in them. Skipping unneeded JARs during scanning can improve startup time and JSP compilation time.
12-Oct-2025 21:26:39.049 INFO [main] org.apache.catalina.startup.HostConfig.deployDirectory Deployment of web application directory [C:\Users\sande\Downloads\Vehicle-Management-System-Java-Servlet-main (2)\Vehicle-Management-System-Java-Servlet-main\Vehicle-Management-System-Java-Servlet-main\apache-tomcat-9.0.93\webapps\ROOT] has finished in [125] ms
12-Oct-2025 21:26:39.065 INFO [main] org.apache.coyote.AbstractProtocol.start Starting ProtocolHandler ["http-nio-8080"]
12-Oct-2025 21:26:39.179 INFO [main] org.apache.catalina.startup.Catalina.start Server startup in [5343] milliseconds
12-Oct-2025 21:32:47.921 INFO [Thread-1] org.apache.coyote.AbstractProtocol.pause Pausing ProtocolHandler ["http-nio-8080"]
12-Oct-2025 21:32:48.056 INFO [Thread-1] org.apache.catalina.core.StandardService.stopInternal Stopping service [Catalina]
12-Oct-2025 21:32:48.099 INFO [Thread-1] org.apache.coyote.AbstractProtocol.stop Stopping ProtocolHandler ["http-nio-8080"]
12-Oct-2025 21:32:48.118 INFO [Thread-1] org.apache.coyote.AbstractProtocol.destroy Destroying ProtocolHandler ["http-nio-8080"]
12-Oct-2025 22:01:01.340 INFO [main] org.apache.catalina.startup.VersionLoggerListener.log Server version name:   Apache Tomcat/9.0.93
12-Oct-2025 22:01:01.346 INFO [main] org.apache.catalina.startup.VersionLoggerListener.log Server built:          Aug 2 2024 21:24:59 UTC
12-Oct-2025 22:01:01.348 INFO [main] org.apache.catalina.startup.VersionLoggerListener.log Server version number: 9.0.93.0
12-Oct-2025 22:01:01.348 INFO [main] org.apache.catalina.startup.VersionLoggerListener.log OS Name:               Windows 11
12-Oct-2025 22:01:01.349 INFO [main] org.apache.catalina.startup.VersionLoggerListener.log OS Version:            10.0
12-Oct-2025 22:01:01.349 INFO [main] org.apache.catalina.startup.VersionLoggerListener.log Architecture:          amd64
12-Oct-2025 22:01:01.349 INFO [main] org.apache.catalina.startup.VersionLoggerListener.log Java Home:             C:\Program Files\Java\jdk-17
12-Oct-2025 22:01:01.350 INFO [main] org.apache.catalina.startup.VersionLoggerListener.log JVM Version:           17.0.12+8-LTS-286
12-Oct-2025 22:01:01.350 INFO [main] org.apache.catalina.startup.VersionLoggerListener.log JVM Vendor:            Oracle Corporation
12-Oct-2025 22:01:01.350 INFO [main] org.apache.catalina.startup.VersionLoggerListener.log CATALINA_BASE:         C:\Users\sande\Downloads\Vehicle-Management-System-Java-Servlet-main (2)\Vehicle-Management-System-Java-Servlet-main\Vehicle-Management-System-Java-Servlet-main\apache-tomcat-9.0.93
12-Oct-2025 22:01:01.351 INFO [main] org.apache.catalina.startup.VersionLoggerListener.log CATALINA_HOME:         C:\Users\sande\Downloads\Vehicle-Management-System-Java-Servlet-main (2)\Vehicle-Management-System-Java-Servlet-main\Vehicle-Management-System-Java-Servlet-main\apache-tomcat-9.0.93
12-Oct-2025 22:01:01.372 INFO [main] org.apache.catalina.startup.VersionLoggerListener.log Command line argument: --add-opens=java.base/java.lang=ALL-UNNAMED
12-Oct-2025 22:01:01.373 INFO [main] org.apache.catalina.startup.VersionLoggerListener.log Command line argument: --add-opens=java.base/java.io=ALL-UNNAMED
12-Oct-2025 22:01:01.373 INFO [main] org.apache.catalina.startup.VersionLoggerListener.log Command line argument: --add-opens=java.base/java.util=ALL-UNNAMED
12-Oct-2025 22:01:01.375 INFO [main] org.apache.catalina.startup.VersionLoggerListener.log Command line argument: --add-opens=java.base/java.util.concurrent=ALL-UNNAMED
12-Oct-2025 22:01:01.375 INFO [main] org.apache.catalina.startup.VersionLoggerListener.log Command line argument: --add-opens=java.rmi/sun.rmi.transport=ALL-UNNAMED
12-Oct-2025 22:01:01.375 INFO [main] org.apache.catalina.startup.VersionLoggerListener.log Command line argument: -Djava.util.logging.config.file=C:\Users\sande\Downloads\Vehicle-Management-System-Java-Servlet-main (2)\Vehicle-Management-System-Java-Servlet-main\Vehicle-Management-System-Java-Servlet-main\apache-tomcat-9.0.93\conf\logging.properties
12-Oct-2025 22:01:01.376 INFO [main] org.apache.catalina.startup.VersionLoggerListener.log Command line argument: -Djava.util.logging.manager=org.apache.juli.ClassLoaderLogManager
12-Oct-2025 22:01:01.376 INFO [main] org.apache.catalina.startup.VersionLoggerListener.log Command line argument: -Djdk.tls.ephemeralDHKeySize=2048
12-Oct-2025 22:01:01.377 INFO [main] org.apache.catalina.startup.VersionLoggerListener.log Command line argument: -Djava.protocol.handler.pkgs=org.apache.catalina.webresources
12-Oct-2025 22:01:01.377 INFO [main] org.apache.catalina.startup.VersionLoggerListener.log Command line argument: -Dignore.endorsed.dirs=
12-Oct-2025 22:01:01.377 INFO [main] org.apache.catalina.startup.VersionLoggerListener.log Command line argument: -Dcatalina.base=C:\Users\sande\Downloads\Vehicle-Management-System-Java-Servlet-main (2)\Vehicle-Management-System-Java-Servlet-main\Vehicle-Management-System-Java-Servlet-main\apache-tomcat-9.0.93
12-Oct-2025 22:01:01.378 INFO [main] org.apache.catalina.startup.VersionLoggerListener.log Command line argument: -Dcatalina.home=C:\Users\sande\Downloads\Vehicle-Management-System-Java-Servlet-main (2)\Vehicle-Management-System-Java-Servlet-main\Vehicle-Management-System-Java-Servlet-main\apache-tomcat-9.0.93
12-Oct-2025 22:01:01.378 INFO [main] org.apache.catalina.startup.VersionLoggerListener.log Command line argument: -Djava.io.tmpdir=C:\Users\sande\Downloads\Vehicle-Management-System-Java-Servlet-main (2)\Vehicle-Management-System-Java-Servlet-main\Vehicle-Management-System-Java-Servlet-main\apache-tomcat-9.0.93\temp
12-Oct-2025 22:01:01.391 INFO [main] org.apache.catalina.core.AprLifecycleListener.lifecycleEvent Loaded Apache Tomcat Native library [1.3.1] using APR version [1.7.4].
12-Oct-2025 22:01:01.391 INFO [main] org.apache.catalina.core.AprLifecycleListener.lifecycleEvent APR capabilities: IPv6 [true], sendfile [true], accept filters [false], random [true], UDS [true].
12-Oct-2025 22:01:01.391 INFO [main] org.apache.catalina.core.AprLifecycleListener.lifecycleEvent APR/OpenSSL configuration: useAprConnector [false], useOpenSSL [true]
12-Oct-2025 22:01:01.428 INFO [main] org.apache.catalina.core.AprLifecycleListener.initializeSSL OpenSSL successfully initialized [OpenSSL 3.0.14 4 Jun 2024]
12-Oct-2025 22:01:01.939 INFO [main] org.apache.coyote.AbstractProtocol.init Initializing ProtocolHandler ["http-nio-8080"]
12-Oct-2025 22:01:01.992 INFO [main] org.apache.catalina.startup.Catalina.load Server initialization in [1058] milliseconds
12-Oct-2025 22:01:02.096 INFO [main] org.apache.catalina.core.StandardService.startInternal Starting service [Catalina]
12-Oct-2025 22:01:02.097 INFO [main] org.apache.catalina.core.StandardEngine.startInternal Starting Servlet engine: [Apache Tomcat/9.0.93]
12-Oct-2025 22:01:02.136 INFO [main] org.apache.catalina.startup.HostConfig.deployWAR Deploying web application archive [C:\Users\sande\Downloads\Vehicle-Management-System-Java-Servlet-main (2)\Vehicle-Management-System-Java-Servlet-main\Vehicle-Management-System-Java-Servlet-main\apache-tomcat-9.0.93\webapps\Vehicle.war]
12-Oct-2025 22:01:04.651 INFO [main] org.apache.jasper.servlet.TldScanner.scanJars At least one JAR was scanned for TLDs yet contained no TLDs. Enable debug logging for this logger for a complete list of JARs that were scanned but no TLDs were found in them. Skipping unneeded JARs during scanning can improve startup time and JSP compilation time.
12-Oct-2025 22:01:04.811 INFO [main] org.apache.catalina.startup.HostConfig.deployWAR Deployment of web application archive [C:\Users\sande\Downloads\Vehicle-Management-System-Java-Servlet-main (2)\Vehicle-Management-System-Java-Servlet-main\Vehicle-Management-System-Java-Servlet-main\apache-tomcat-9.0.93\webapps\Vehicle.war] has finished in [2,674] ms
12-Oct-2025 22:01:04.813 INFO [main] org.apache.catalina.startup.HostConfig.deployDirectory Deploying web application directory [C:\Users\sande\Downloads\Vehicle-Management-System-Java-Servlet-main (2)\Vehicle-Management-System-Java-Servlet-main\Vehicle-Management-System-Java-Servlet-main\apache-tomcat-9.0.93\webapps\docs]
12-Oct-2025 22:01:04.951 INFO [main] org.apache.jasper.servlet.TldScanner.scanJars At least one JAR was scanned for TLDs yet contained no TLDs. Enable debug logging for this logger for a complete list of JARs that were scanned but no TLDs were found in them. Skipping unneeded JARs during scanning can improve startup time and JSP compilation time.
12-Oct-2025 22:01:04.962 INFO [main] org.apache.catalina.startup.HostConfig.deployDirectory Deployment of web application directory [C:\Users\sande\Downloads\Vehicle-Management-System-Java-Servlet-main (2)\Vehicle-Management-System-Java-Servlet-main\Vehicle-Management-System-Java-Servlet-main\apache-tomcat-9.0.93\webapps\docs] has finished in [149] ms
12-Oct-2025 22:01:04.963 INFO [main] org.apache.catalina.startup.HostConfig.deployDirectory Deploying web application directory [C:\Users\sande\Downloads\Vehicle-Management-System-Java-Servlet-main (2)\Vehicle-Management-System-Java-Servlet-main\Vehicle-Management-System-Java-Servlet-main\apache-tomcat-9.0.93\webapps\examples]
12-Oct-2025 22:01:06.144 INFO [main] org.apache.jasper.servlet.TldScanner.scanJars At least one JAR was scanned for TLDs yet contained no TLDs. Enable debug logging for this logger for a complete list of JARs that were scanned but no TLDs were found in them. Skipping unneeded JARs during scanning can improve startup time and JSP compilation time.
12-Oct-2025 22:01:06.323 INFO [main] org.apache.catalina.startup.HostConfig.deployDirectory Deployment of web application directory [C:\Users\sande\Downloads\Vehicle-Management-System-Java-Servlet-main (2)\Vehicle-Management-System-Java-Servlet-main\Vehicle-Management-System-Java-Servlet-main\apache-tomcat-9.0.93\webapps\examples] has finished in [1,360] ms
12-Oct-2025 22:01:06.324 INFO [main] org.apache.catalina.startup.HostConfig.deployDirectory Deploying web application directory [C:\Users\sande\Downloads\Vehicle-Management-System-Java-Servlet-main (2)\Vehicle-Management-System-Java-Servlet-main\Vehicle-Management-System-Java-Servlet-main\apache-tomcat-9.0.93\webapps\host-manager]
12-Oct-2025 22:01:06.453 INFO [main] org.apache.jasper.servlet.TldScanner.scanJars At least one JAR was scanned for TLDs yet contained no TLDs. Enable debug logging for this logger for a complete list of JARs that were scanned but no TLDs were found in them. Skipping unneeded JARs during scanning can improve startup time and JSP compilation time.
12-Oct-2025 22:01:06.475 INFO [main] org.apache.catalina.startup.HostConfig.deployDirectory Deployment of web application directory [C:\Users\sande\Downloads\Vehicle-Management-System-Java-Servlet-main (2)\Vehicle-Management-System-Java-Servlet-main\Vehicle-Management-System-Java-Servlet-main\apache-tomcat-9.0.93\webapps\host-manager] has finished in [149] ms
12-Oct-2025 22:01:06.475 INFO [main] org.apache.catalina.startup.HostConfig.deployDirectory Deploying web application directory [C:\Users\sande\Downloads\Vehicle-Management-System-Java-Servlet-main (2)\Vehicle-Management-System-Java-Servlet-main\Vehicle-Management-System-Java-Servlet-main\apache-tomcat-9.0.93\webapps\manager]
12-Oct-2025 22:01:06.632 INFO [main] org.apache.jasper.servlet.TldScanner.scanJars At least one JAR was scanned for TLDs yet contained no TLDs. Enable debug logging for this logger for a complete list of JARs that were scanned but no TLDs were found in them. Skipping unneeded JARs during scanning can improve startup time and JSP compilation time.
12-Oct-2025 22:01:06.640 INFO [main] org.apache.catalina.startup.HostConfig.deployDirectory Deployment of web application directory [C:\Users\sande\Downloads\Vehicle-Management-System-Java-Servlet-main (2)\Vehicle-Management-System-Java-Servlet-main\Vehicle-Management-System-Java-Servlet-main\apache-tomcat-9.0.93\webapps\manager] has finished in [165] ms
12-Oct-2025 22:01:06.641 INFO [main] org.apache.catalina.startup.HostConfig.deployDirectory Deploying web application directory [C:\Users\sande\Downloads\Vehicle-Management-System-Java-Servlet-main (2)\Vehicle-Management-System-Java-Servlet-main\Vehicle-Management-System-Java-Servlet-main\apache-tomcat-9.0.93\webapps\ROOT]
12-Oct-2025 22:01:06.760 INFO [main] org.apache.jasper.servlet.TldScanner.scanJars At least one JAR was scanned for TLDs yet contained no TLDs. Enable debug logging for this logger for a complete list of JARs that were scanned but no TLDs were found in them. Skipping unneeded JARs during scanning can improve startup time and JSP compilation time.
12-Oct-2025 22:01:06.767 INFO [main] org.apache.catalina.startup.HostConfig.deployDirectory Deployment of web application directory [C:\Users\sande\Downloads\Vehicle-Management-System-Java-Servlet-main (2)\Vehicle-Management-System-Java-Servlet-main\Vehicle-Management-System-Java-Servlet-main\apache-tomcat-9.0.93\webapps\ROOT] has finished in [127] ms
12-Oct-2025 22:01:06.775 INFO [main] org.apache.coyote.AbstractProtocol.start Starting ProtocolHandler ["http-nio-8080"]
12-Oct-2025 22:01:06.871 INFO [main] org.apache.catalina.startup.Catalina.start Server startup in [4877] milliseconds
12-Oct-2025 22:05:05.421 INFO [main] org.apache.catalina.core.StandardServer.await A valid shutdown command was received via the shutdown port. Stopping the Server instance.
12-Oct-2025 22:05:05.421 INFO [main] org.apache.coyote.AbstractProtocol.pause Pausing ProtocolHandler ["http-nio-8080"]
12-Oct-2025 22:05:05.579 INFO [main] org.apache.catalina.core.StandardService.stopInternal Stopping service [Catalina]
12-Oct-2025 22:05:05.617 INFO [main] org.apache.coyote.AbstractProtocol.stop Stopping ProtocolHandler ["http-nio-8080"]
12-Oct-2025 22:05:05.633 INFO [main] org.apache.coyote.AbstractProtocol.destroy Destroying ProtocolHandler ["http-nio-8080"]
12-Oct-2025 22:05:09.744 INFO [main] org.apache.catalina.startup.VersionLoggerListener.log Server version name:   Apache Tomcat/9.0.93
12-Oct-2025 22:05:09.750 INFO [main] org.apache.catalina.startup.VersionLoggerListener.log Server built:          Aug 2 2024 21:24:59 UTC
12-Oct-2025 22:05:09.750 INFO [main] org.apache.catalina.startup.VersionLoggerListener.log Server version number: 9.0.93.0
12-Oct-2025 22:05:09.752 INFO [main] org.apache.catalina.startup.VersionLoggerListener.log OS Name:               Windows 11
12-Oct-2025 22:05:09.752 INFO [main] org.apache.catalina.startup.VersionLoggerListener.log OS Version:            10.0
12-Oct-2025 22:05:09.752 INFO [main] org.apache.catalina.startup.VersionLoggerListener.log Architecture:          amd64
12-Oct-2025 22:05:09.753 INFO [main] org.apache.catalina.startup.VersionLoggerListener.log Java Home:             C:\Program Files\Java\jdk-17
12-Oct-2025 22:05:09.753 INFO [main] org.apache.catalina.startup.VersionLoggerListener.log JVM Version:           17.0.12+8-LTS-286
12-Oct-2025 22:05:09.753 INFO [main] org.apache.catalina.startup.VersionLoggerListener.log JVM Vendor:            Oracle Corporation
12-Oct-2025 22:05:09.754 INFO [main] org.apache.catalina.startup.VersionLoggerListener.log CATALINA_BASE:         C:\Users\sande\Downloads\Vehicle-Management-System-Java-Servlet-main (2)\Vehicle-Management-System-Java-Servlet-main\Vehicle-Management-System-Java-Servlet-main\apache-tomcat-9.0.93
12-Oct-2025 22:05:09.754 INFO [main] org.apache.catalina.startup.VersionLoggerListener.log CATALINA_HOME:         C:\Users\sande\Downloads\Vehicle-Management-System-Java-Servlet-main (2)\Vehicle-Management-System-Java-Servlet-main\Vehicle-Management-System-Java-Servlet-main\apache-tomcat-9.0.93
12-Oct-2025 22:05:09.776 INFO [main] org.apache.catalina.startup.VersionLoggerListener.log Command line argument: --add-opens=java.base/java.lang=ALL-UNNAMED
12-Oct-2025 22:05:09.778 INFO [main] org.apache.catalina.startup.VersionLoggerListener.log Command line argument: --add-opens=java.base/java.io=ALL-UNNAMED
12-Oct-2025 22:05:09.778 INFO [main] org.apache.catalina.startup.VersionLoggerListener.log Command line argument: --add-opens=java.base/java.util=ALL-UNNAMED
12-Oct-2025 22:05:09.779 INFO [main] org.apache.catalina.startup.VersionLoggerListener.log Command line argument: --add-opens=java.base/java.util.concurrent=ALL-UNNAMED
12-Oct-2025 22:05:09.779 INFO [main] org.apache.catalina.startup.VersionLoggerListener.log Command line argument: --add-opens=java.rmi/sun.rmi.transport=ALL-UNNAMED
12-Oct-2025 22:05:09.779 INFO [main] org.apache.catalina.startup.VersionLoggerListener.log Command line argument: -Djava.util.logging.config.file=C:\Users\sande\Downloads\Vehicle-Management-System-Java-Servlet-main (2)\Vehicle-Management-System-Java-Servlet-main\Vehicle-Management-System-Java-Servlet-main\apache-tomcat-9.0.93\conf\logging.properties
12-Oct-2025 22:05:09.780 INFO [main] org.apache.catalina.startup.VersionLoggerListener.log Command line argument: -Djava.util.logging.manager=org.apache.juli.ClassLoaderLogManager
12-Oct-2025 22:05:09.780 INFO [main] org.apache.catalina.startup.VersionLoggerListener.log Command line argument: -Djdk.tls.ephemeralDHKeySize=2048
12-Oct-2025 22:05:09.780 INFO [main] org.apache.catalina.startup.VersionLoggerListener.log Command line argument: -Djava.protocol.handler.pkgs=org.apache.catalina.webresources
12-Oct-2025 22:05:09.782 INFO [main] org.apache.catalina.startup.VersionLoggerListener.log Command line argument: -Dignore.endorsed.dirs=
12-Oct-2025 22:05:09.782 INFO [main] org.apache.catalina.startup.VersionLoggerListener.log Command line argument: -Dcatalina.base=C:\Users\sande\Downloads\Vehicle-Management-System-Java-Servlet-main (2)\Vehicle-Management-System-Java-Servlet-main\Vehicle-Management-System-Java-Servlet-main\apache-tomcat-9.0.93
12-Oct-2025 22:05:09.782 INFO [main] org.apache.catalina.startup.VersionLoggerListener.log Command line argument: -Dcatalina.home=C:\Users\sande\Downloads\Vehicle-Management-System-Java-Servlet-main (2)\Vehicle-Management-System-Java-Servlet-main\Vehicle-Management-System-Java-Servlet-main\apache-tomcat-9.0.93
12-Oct-2025 22:05:09.783 INFO [main] org.apache.catalina.startup.VersionLoggerListener.log Command line argument: -Djava.io.tmpdir=C:\Users\sande\Downloads\Vehicle-Management-System-Java-Servlet-main (2)\Vehicle-Management-System-Java-Servlet-main\Vehicle-Management-System-Java-Servlet-main\apache-tomcat-9.0.93\temp
12-Oct-2025 22:05:09.790 INFO [main] org.apache.catalina.core.AprLifecycleListener.lifecycleEvent Loaded Apache Tomcat Native library [1.3.1] using APR version [1.7.4].
12-Oct-2025 22:05:09.791 INFO [main] org.apache.catalina.core.AprLifecycleListener.lifecycleEvent APR capabilities: IPv6 [true], sendfile [true], accept filters [false], random [true], UDS [true].
12-Oct-2025 22:05:09.791 INFO [main] org.apache.catalina.core.AprLifecycleListener.lifecycleEvent APR/OpenSSL configuration: useAprConnector [false], useOpenSSL [true]
12-Oct-2025 22:05:09.802 INFO [main] org.apache.catalina.core.AprLifecycleListener.initializeSSL OpenSSL successfully initialized [OpenSSL 3.0.14 4 Jun 2024]
12-Oct-2025 22:05:10.287 INFO [main] org.apache.coyote.AbstractProtocol.init Initializing ProtocolHandler ["http-nio-8080"]
12-Oct-2025 22:05:10.349 INFO [main] org.apache.catalina.startup.Catalina.load Server initialization in [962] milliseconds
12-Oct-2025 22:05:10.468 INFO [main] org.apache.catalina.core.StandardService.startInternal Starting service [Catalina]
12-Oct-2025 22:05:10.469 INFO [main] org.apache.catalina.core.StandardEngine.startInternal Starting Servlet engine: [Apache Tomcat/9.0.93]
12-Oct-2025 22:05:10.505 INFO [main] org.apache.catalina.startup.HostConfig.deployWAR Deploying web application archive [C:\Users\sande\Downloads\Vehicle-Management-System-Java-Servlet-main (2)\Vehicle-Management-System-Java-Servlet-main\Vehicle-Management-System-Java-Servlet-main\apache-tomcat-9.0.93\webapps\Vehicle.war]
12-Oct-2025 22:05:12.997 INFO [main] org.apache.jasper.servlet.TldScanner.scanJars At least one JAR was scanned for TLDs yet contained no TLDs. Enable debug logging for this logger for a complete list of JARs that were scanned but no TLDs were found in them. Skipping unneeded JARs during scanning can improve startup time and JSP compilation time.
12-Oct-2025 22:05:13.140 INFO [main] org.apache.catalina.startup.HostConfig.deployWAR Deployment of web application archive [C:\Users\sande\Downloads\Vehicle-Management-System-Java-Servlet-main (2)\Vehicle-Management-System-Java-Servlet-main\Vehicle-Management-System-Java-Servlet-main\apache-tomcat-9.0.93\webapps\Vehicle.war] has finished in [2,634] ms
12-Oct-2025 22:05:13.143 INFO [main] org.apache.catalina.startup.HostConfig.deployDirectory Deploying web application directory [C:\Users\sande\Downloads\Vehicle-Management-System-Java-Servlet-main (2)\Vehicle-Management-System-Java-Servlet-main\Vehicle-Management-System-Java-Servlet-main\apache-tomcat-9.0.93\webapps\docs]
12-Oct-2025 22:05:13.290 INFO [main] org.apache.jasper.servlet.TldScanner.scanJars At least one JAR was scanned for TLDs yet contained no TLDs. Enable debug logging for this logger for a complete list of JARs that were scanned but no TLDs were found in them. Skipping unneeded JARs during scanning can improve startup time and JSP compilation time.
12-Oct-2025 22:05:13.299 INFO [main] org.apache.catalina.startup.HostConfig.deployDirectory Deployment of web application directory [C:\Users\sande\Downloads\Vehicle-Management-System-Java-Servlet-main (2)\Vehicle-Management-System-Java-Servlet-main\Vehicle-Management-System-Java-Servlet-main\apache-tomcat-9.0.93\webapps\docs] has finished in [157] ms
12-Oct-2025 22:05:13.300 INFO [main] org.apache.catalina.startup.HostConfig.deployDirectory Deploying web application directory [C:\Users\sande\Downloads\Vehicle-Management-System-Java-Servlet-main (2)\Vehicle-Management-System-Java-Servlet-main\Vehicle-Management-System-Java-Servlet-main\apache-tomcat-9.0.93\webapps\examples]
12-Oct-2025 22:05:14.346 INFO [main] org.apache.jasper.servlet.TldScanner.scanJars At least one JAR was scanned for TLDs yet contained no TLDs. Enable debug logging for this logger for a complete list of JARs that were scanned but no TLDs were found in them. Skipping unneeded JARs during scanning can improve startup time and JSP compilation time.
12-Oct-2025 22:05:14.505 INFO [main] org.apache.catalina.startup.HostConfig.deployDirectory Deployment of web application directory [C:\Users\sande\Downloads\Vehicle-Management-System-Java-Servlet-main (2)\Vehicle-Management-System-Java-Servlet-main\Vehicle-Management-System-Java-Servlet-main\apache-tomcat-9.0.93\webapps\examples] has finished in [1,204] ms
12-Oct-2025 22:05:14.505 INFO [main] org.apache.catalina.startup.HostConfig.deployDirectory Deploying web application directory [C:\Users\sande\Downloads\Vehicle-Management-System-Java-Servlet-main (2)\Vehicle-Management-System-Java-Servlet-main\Vehicle-Management-System-Java-Servlet-main\apache-tomcat-9.0.93\webapps\host-manager]
12-Oct-2025 22:05:14.641 INFO [main] org.apache.jasper.servlet.TldScanner.scanJars At least one JAR was scanned for TLDs yet contained no TLDs. Enable debug logging for this logger for a complete list of JARs that were scanned but no TLDs were found in them. Skipping unneeded JARs during scanning can improve startup time and JSP compilation time.
12-Oct-2025 22:05:14.660 INFO [main] org.apache.catalina.startup.HostConfig.deployDirectory Deployment of web application directory [C:\Users\sande\Downloads\Vehicle-Management-System-Java-Servlet-main (2)\Vehicle-Management-System-Java-Servlet-main\Vehicle-Management-System-Java-Servlet-main\apache-tomcat-9.0.93\webapps\host-manager] has finished in [155] ms
12-Oct-2025 22:05:14.661 INFO [main] org.apache.catalina.startup.HostConfig.deployDirectory Deploying web application directory [C:\Users\sande\Downloads\Vehicle-Management-System-Java-Servlet-main (2)\Vehicle-Management-System-Java-Servlet-main\Vehicle-Management-System-Java-Servlet-main\apache-tomcat-9.0.93\webapps\manager]
12-Oct-2025 22:05:14.807 INFO [main] org.apache.jasper.servlet.TldScanner.scanJars At least one JAR was scanned for TLDs yet contained no TLDs. Enable debug logging for this logger for a complete list of JARs that were scanned but no TLDs were found in them. Skipping unneeded JARs during scanning can improve startup time and JSP compilation time.
12-Oct-2025 22:05:14.816 INFO [main] org.apache.catalina.startup.HostConfig.deployDirectory Deployment of web application directory [C:\Users\sande\Downloads\Vehicle-Management-System-Java-Servlet-main (2)\Vehicle-Management-System-Java-Servlet-main\Vehicle-Management-System-Java-Servlet-main\apache-tomcat-9.0.93\webapps\manager] has finished in [155] ms
12-Oct-2025 22:05:14.817 INFO [main] org.apache.catalina.startup.HostConfig.deployDirectory Deploying web application directory [C:\Users\sande\Downloads\Vehicle-Management-System-Java-Servlet-main (2)\Vehicle-Management-System-Java-Servlet-main\Vehicle-Management-System-Java-Servlet-main\apache-tomcat-9.0.93\webapps\ROOT]
12-Oct-2025 22:05:14.915 INFO [main] org.apache.jasper.servlet.TldScanner.scanJars At least one JAR was scanned for TLDs yet contained no TLDs. Enable debug logging for this logger for a complete list of JARs that were scanned but no TLDs were found in them. Skipping unneeded JARs during scanning can improve startup time and JSP compilation time.
12-Oct-2025 22:05:14.923 INFO [main] org.apache.catalina.startup.HostConfig.deployDirectory Deployment of web application directory [C:\Users\sande\Downloads\Vehicle-Management-System-Java-Servlet-main (2)\Vehicle-Management-System-Java-Servlet-main\Vehicle-Management-System-Java-Servlet-main\apache-tomcat-9.0.93\webapps\ROOT] has finished in [106] ms
12-Oct-2025 22:05:14.929 INFO [main] org.apache.coyote.AbstractProtocol.start Starting ProtocolHandler ["http-nio-8080"]
12-Oct-2025 22:05:15.014 INFO [main] org.apache.catalina.startup.Catalina.start Server startup in [4665] milliseconds
12-Oct-2025 22:12:40.081 INFO [main] org.apache.catalina.core.StandardServer.await A valid shutdown command was received via the shutdown port. Stopping the Server instance.
12-Oct-2025 22:12:40.081 INFO [main] org.apache.coyote.AbstractProtocol.pause Pausing ProtocolHandler ["http-nio-8080"]
12-Oct-2025 22:12:40.144 INFO [main] org.apache.catalina.core.StandardService.stopInternal Stopping service [Catalina]
12-Oct-2025 22:12:40.167 WARNING [main] org.apache.catalina.loader.WebappClassLoaderBase.clearReferencesJdbc The web application [Vehicle] registered the JDBC driver [com.mysql.cj.jdbc.Driver] but failed to unregister it when the web application was stopped. To prevent a memory leak, the JDBC Driver has been forcibly unregistered.
12-Oct-2025 22:12:40.169 WARNING [main] org.apache.catalina.loader.WebappClassLoaderBase.clearReferencesThreads The web application [Vehicle] appears to have started a thread named [mysql-cj-abandoned-connection-cleanup] but has failed to stop it. This is very likely to create a memory leak. Stack trace of thread:
 java.base@17.0.12/java.lang.Object.wait(Native Method)
 java.base@17.0.12/java.lang.ref.ReferenceQueue.remove(ReferenceQueue.java:155)
 com.mysql.cj.jdbc.AbandonedConnectionCleanupThread.run(AbandonedConnectionCleanupThread.java:91)
 java.base@17.0.12/java.util.concurrent.ThreadPoolExecutor.runWorker(ThreadPoolExecutor.java:1136)
 java.base@17.0.12/java.util.concurrent.ThreadPoolExecutor$Worker.run(ThreadPoolExecutor.java:635)
 java.base@17.0.12/java.lang.Thread.run(Thread.java:842)
12-Oct-2025 22:12:40.172 INFO [main] org.apache.coyote.AbstractProtocol.stop Stopping ProtocolHandler ["http-nio-8080"]
12-Oct-2025 22:12:40.184 INFO [main] org.apache.coyote.AbstractProtocol.destroy Destroying ProtocolHandler ["http-nio-8080"]
12-Oct-2025 22:12:43.172 INFO [main] org.apache.catalina.startup.VersionLoggerListener.log Server version name:   Apache Tomcat/9.0.93
12-Oct-2025 22:12:43.176 INFO [main] org.apache.catalina.startup.VersionLoggerListener.log Server built:          Aug 2 2024 21:24:59 UTC
12-Oct-2025 22:12:43.176 INFO [main] org.apache.catalina.startup.VersionLoggerListener.log Server version number: 9.0.93.0
12-Oct-2025 22:12:43.176 INFO [main] org.apache.catalina.startup.VersionLoggerListener.log OS Name:               Windows 11
12-Oct-2025 22:12:43.177 INFO [main] org.apache.catalina.startup.VersionLoggerListener.log OS Version:            10.0
12-Oct-2025 22:12:43.177 INFO [main] org.apache.catalina.startup.VersionLoggerListener.log Architecture:          amd64
12-Oct-2025 22:12:43.177 INFO [main] org.apache.catalina.startup.VersionLoggerListener.log Java Home:             C:\Program Files\Java\jdk-17
12-Oct-2025 22:12:43.177 INFO [main] org.apache.catalina.startup.VersionLoggerListener.log JVM Version:           17.0.12+8-LTS-286
12-Oct-2025 22:12:43.177 INFO [main] org.apache.catalina.startup.VersionLoggerListener.log JVM Vendor:            Oracle Corporation
12-Oct-2025 22:12:43.177 INFO [main] org.apache.catalina.startup.VersionLoggerListener.log CATALINA_BASE:         C:\Users\sande\Downloads\Vehicle-Management-System-Java-Servlet-main (2)\Vehicle-Management-System-Java-Servlet-main\Vehicle-Management-System-Java-Servlet-main\apache-tomcat-9.0.93
12-Oct-2025 22:12:43.177 INFO [main] org.apache.catalina.startup.VersionLoggerListener.log CATALINA_HOME:         C:\Users\sande\Downloads\Vehicle-Management-System-Java-Servlet-main (2)\Vehicle-Management-System-Java-Servlet-main\Vehicle-Management-System-Java-Servlet-main\apache-tomcat-9.0.93
12-Oct-2025 22:12:43.186 INFO [main] org.apache.catalina.startup.VersionLoggerListener.log Command line argument: --add-opens=java.base/java.lang=ALL-UNNAMED
12-Oct-2025 22:12:43.187 INFO [main] org.apache.catalina.startup.VersionLoggerListener.log Command line argument: --add-opens=java.base/java.io=ALL-UNNAMED
12-Oct-2025 22:12:43.187 INFO [main] org.apache.catalina.startup.VersionLoggerListener.log Command line argument: --add-opens=java.base/java.util=ALL-UNNAMED
12-Oct-2025 22:12:43.187 INFO [main] org.apache.catalina.startup.VersionLoggerListener.log Command line argument: --add-opens=java.base/java.util.concurrent=ALL-UNNAMED
12-Oct-2025 22:12:43.187 INFO [main] org.apache.catalina.startup.VersionLoggerListener.log Command line argument: --add-opens=java.rmi/sun.rmi.transport=ALL-UNNAMED
12-Oct-2025 22:12:43.187 INFO [main] org.apache.catalina.startup.VersionLoggerListener.log Command line argument: -Djava.util.logging.config.file=C:\Users\sande\Downloads\Vehicle-Management-System-Java-Servlet-main (2)\Vehicle-Management-System-Java-Servlet-main\Vehicle-Management-System-Java-Servlet-main\apache-tomcat-9.0.93\conf\logging.properties
12-Oct-2025 22:12:43.187 INFO [main] org.apache.catalina.startup.VersionLoggerListener.log Command line argument: -Djava.util.logging.manager=org.apache.juli.ClassLoaderLogManager
12-Oct-2025 22:12:43.188 INFO [main] org.apache.catalina.startup.VersionLoggerListener.log Command line argument: -Djdk.tls.ephemeralDHKeySize=2048
12-Oct-2025 22:12:43.188 INFO [main] org.apache.catalina.startup.VersionLoggerListener.log Command line argument: -Djava.protocol.handler.pkgs=org.apache.catalina.webresources
12-Oct-2025 22:12:43.188 INFO [main] org.apache.catalina.startup.VersionLoggerListener.log Command line argument: -Dignore.endorsed.dirs=
12-Oct-2025 22:12:43.188 INFO [main] org.apache.catalina.startup.VersionLoggerListener.log Command line argument: -Dcatalina.base=C:\Users\sande\Downloads\Vehicle-Management-System-Java-Servlet-main (2)\Vehicle-Management-System-Java-Servlet-main\Vehicle-Management-System-Java-Servlet-main\apache-tomcat-9.0.93
12-Oct-2025 22:12:43.188 INFO [main] org.apache.catalina.startup.VersionLoggerListener.log Command line argument: -Dcatalina.home=C:\Users\sande\Downloads\Vehicle-Management-System-Java-Servlet-main (2)\Vehicle-Management-System-Java-Servlet-main\Vehicle-Management-System-Java-Servlet-main\apache-tomcat-9.0.93
12-Oct-2025 22:12:43.189 INFO [main] org.apache.catalina.startup.VersionLoggerListener.log Command line argument: -Djava.io.tmpdir=C:\Users\sande\Downloads\Vehicle-Management-System-Java-Servlet-main (2)\Vehicle-Management-System-Java-Servlet-main\Vehicle-Management-System-Java-Servlet-main\apache-tomcat-9.0.93\temp
12-Oct-2025 22:12:43.191 INFO [main] org.apache.catalina.core.AprLifecycleListener.lifecycleEvent Loaded Apache Tomcat Native library [1.3.1] using APR version [1.7.4].
12-Oct-2025 22:12:43.191 INFO [main] org.apache.catalina.core.AprLifecycleListener.lifecycleEvent APR capabilities: IPv6 [true], sendfile [true], accept filters [false], random [true], UDS [true].
12-Oct-2025 22:12:43.192 INFO [main] org.apache.catalina.core.AprLifecycleListener.lifecycleEvent APR/OpenSSL configuration: useAprConnector [false], useOpenSSL [true]
12-Oct-2025 22:12:43.198 INFO [main] org.apache.catalina.core.AprLifecycleListener.initializeSSL OpenSSL successfully initialized [OpenSSL 3.0.14 4 Jun 2024]
12-Oct-2025 22:12:43.447 INFO [main] org.apache.coyote.AbstractProtocol.init Initializing ProtocolHandler ["http-nio-8080"]
12-Oct-2025 22:12:43.477 INFO [main] org.apache.catalina.startup.Catalina.load Server initialization in [465] milliseconds
12-Oct-2025 22:12:43.534 INFO [main] org.apache.catalina.core.StandardService.startInternal Starting service [Catalina]
12-Oct-2025 22:12:43.534 INFO [main] org.apache.catalina.core.StandardEngine.startInternal Starting Servlet engine: [Apache Tomcat/9.0.93]
12-Oct-2025 22:12:43.552 INFO [main] org.apache.catalina.startup.HostConfig.deployWAR Deploying web application archive [C:\Users\sande\Downloads\Vehicle-Management-System-Java-Servlet-main (2)\Vehicle-Management-System-Java-Servlet-main\Vehicle-Management-System-Java-Servlet-main\apache-tomcat-9.0.93\webapps\Vehicle.war]
12-Oct-2025 22:12:44.604 INFO [main] org.apache.jasper.servlet.TldScanner.scanJars At least one JAR was scanned for TLDs yet contained no TLDs. Enable debug logging for this logger for a complete list of JARs that were scanned but no TLDs were found in them. Skipping unneeded JARs during scanning can improve startup time and JSP compilation time.
12-Oct-2025 22:12:44.678 INFO [main] org.apache.catalina.startup.HostConfig.deployWAR Deployment of web application archive [C:\Users\sande\Downloads\Vehicle-Management-System-Java-Servlet-main (2)\Vehicle-Management-System-Java-Servlet-main\Vehicle-Management-System-Java-Servlet-main\apache-tomcat-9.0.93\webapps\Vehicle.war] has finished in [1,126] ms
12-Oct-2025 22:12:44.679 INFO [main] org.apache.catalina.startup.HostConfig.deployDirectory Deploying web application directory [C:\Users\sande\Downloads\Vehicle-Management-System-Java-Servlet-main (2)\Vehicle-Management-System-Java-Servlet-main\Vehicle-Management-System-Java-Servlet-main\apache-tomcat-9.0.93\webapps\docs]
12-Oct-2025 22:12:44.735 INFO [main] org.apache.jasper.servlet.TldScanner.scanJars At least one JAR was scanned for TLDs yet contained no TLDs. Enable debug logging for this logger for a complete list of JARs that were scanned but no TLDs were found in them. Skipping unneeded JARs during scanning can improve startup time and JSP compilation time.
12-Oct-2025 22:12:44.739 INFO [main] org.apache.catalina.startup.HostConfig.deployDirectory Deployment of web application directory [C:\Users\sande\Downloads\Vehicle-Management-System-Java-Servlet-main (2)\Vehicle-Management-System-Java-Servlet-main\Vehicle-Management-System-Java-Servlet-main\apache-tomcat-9.0.93\webapps\docs] has finished in [60] ms
12-Oct-2025 22:12:44.740 INFO [main] org.apache.catalina.startup.HostConfig.deployDirectory Deploying web application directory [C:\Users\sande\Downloads\Vehicle-Management-System-Java-Servlet-main (2)\Vehicle-Management-System-Java-Servlet-main\Vehicle-Management-System-Java-Servlet-main\apache-tomcat-9.0.93\webapps\examples]
12-Oct-2025 22:12:45.176 INFO [main] org.apache.jasper.servlet.TldScanner.scanJars At least one JAR was scanned for TLDs yet contained no TLDs. Enable debug logging for this logger for a complete list of JARs that were scanned but no TLDs were found in them. Skipping unneeded JARs during scanning can improve startup time and JSP compilation time.
12-Oct-2025 22:12:45.253 INFO [main] org.apache.catalina.startup.HostConfig.deployDirectory Deployment of web application directory [C:\Users\sande\Downloads\Vehicle-Management-System-Java-Servlet-main (2)\Vehicle-Management-System-Java-Servlet-main\Vehicle-Management-System-Java-Servlet-main\apache-tomcat-9.0.93\webapps\examples] has finished in [514] ms
12-Oct-2025 22:12:45.254 INFO [main] org.apache.catalina.startup.HostConfig.deployDirectory Deploying web application directory [C:\Users\sande\Downloads\Vehicle-Management-System-Java-Servlet-main (2)\Vehicle-Management-System-Java-Servlet-main\Vehicle-Management-System-Java-Servlet-main\apache-tomcat-9.0.93\webapps\host-manager]
12-Oct-2025 22:12:45.315 INFO [main] org.apache.jasper.servlet.TldScanner.scanJars At least one JAR was scanned for TLDs yet contained no TLDs. Enable debug logging for this logger for a complete list of JARs that were scanned but no TLDs were found in them. Skipping unneeded JARs during scanning can improve startup time and JSP compilation time.
12-Oct-2025 22:12:45.323 INFO [main] org.apache.catalina.startup.HostConfig.deployDirectory Deployment of web application directory [C:\Users\sande\Downloads\Vehicle-Management-System-Java-Servlet-main (2)\Vehicle-Management-System-Java-Servlet-main\Vehicle-Management-System-Java-Servlet-main\apache-tomcat-9.0.93\webapps\host-manager] has finished in [68] ms
12-Oct-2025 22:12:45.323 INFO [main] org.apache.catalina.startup.HostConfig.deployDirectory Deploying web application directory [C:\Users\sande\Downloads\Vehicle-Management-System-Java-Servlet-main (2)\Vehicle-Management-System-Java-Servlet-main\Vehicle-Management-System-Java-Servlet-main\apache-tomcat-9.0.93\webapps\manager]
12-Oct-2025 22:12:45.388 INFO [main] org.apache.jasper.servlet.TldScanner.scanJars At least one JAR was scanned for TLDs yet contained no TLDs. Enable debug logging for this logger for a complete list of JARs that were scanned but no TLDs were found in them. Skipping unneeded JARs during scanning can improve startup time and JSP compilation time.
12-Oct-2025 22:12:45.392 INFO [main] org.apache.catalina.startup.HostConfig.deployDirectory Deployment of web application directory [C:\Users\sande\Downloads\Vehicle-Management-System-Java-Servlet-main (2)\Vehicle-Management-System-Java-Servlet-main\Vehicle-Management-System-Java-Servlet-main\apache-tomcat-9.0.93\webapps\manager] has finished in [69] ms
12-Oct-2025 22:12:45.392 INFO [main] org.apache.catalina.startup.HostConfig.deployDirectory Deploying web application directory [C:\Users\sande\Downloads\Vehicle-Management-System-Java-Servlet-main (2)\Vehicle-Management-System-Java-Servlet-main\Vehicle-Management-System-Java-Servlet-main\apache-tomcat-9.0.93\webapps\ROOT]
12-Oct-2025 22:12:45.437 INFO [main] org.apache.jasper.servlet.TldScanner.scanJars At least one JAR was scanned for TLDs yet contained no TLDs. Enable debug logging for this logger for a complete list of JARs that were scanned but no TLDs were found in them. Skipping unneeded JARs during scanning can improve startup time and JSP compilation time.
12-Oct-2025 22:12:45.441 INFO [main] org.apache.catalina.startup.HostConfig.deployDirectory Deployment of web application directory [C:\Users\sande\Downloads\Vehicle-Management-System-Java-Servlet-main (2)\Vehicle-Management-System-Java-Servlet-main\Vehicle-Management-System-Java-Servlet-main\apache-tomcat-9.0.93\webapps\ROOT] has finished in [48] ms
12-Oct-2025 22:12:45.444 INFO [main] org.apache.coyote.AbstractProtocol.start Starting ProtocolHandler ["http-nio-8080"]
12-Oct-2025 22:12:45.484 INFO [main] org.apache.catalina.startup.Catalina.start Server startup in [2005] milliseconds
12-Oct-2025 22:30:28.000 INFO [main] org.apache.catalina.core.StandardServer.await A valid shutdown command was received via the shutdown port. Stopping the Server instance.
12-Oct-2025 22:30:28.001 INFO [main] org.apache.coyote.AbstractProtocol.pause Pausing ProtocolHandler ["http-nio-8080"]
12-Oct-2025 22:30:28.081 INFO [main] org.apache.catalina.core.StandardService.stopInternal Stopping service [Catalina]
12-Oct-2025 22:30:28.108 WARNING [main] org.apache.catalina.loader.WebappClassLoaderBase.clearReferencesJdbc The web application [Vehicle] registered the JDBC driver [com.mysql.cj.jdbc.Driver] but failed to unregister it when the web application was stopped. To prevent a memory leak, the JDBC Driver has been forcibly unregistered.
12-Oct-2025 22:30:28.110 WARNING [main] org.apache.catalina.loader.WebappClassLoaderBase.clearReferencesThreads The web application [Vehicle] appears to have started a thread named [mysql-cj-abandoned-connection-cleanup] but has failed to stop it. This is very likely to create a memory leak. Stack trace of thread:
 java.base@17.0.12/java.lang.Object.wait(Native Method)
 java.base@17.0.12/java.lang.ref.ReferenceQueue.remove(ReferenceQueue.java:155)
 com.mysql.cj.jdbc.AbandonedConnectionCleanupThread.run(AbandonedConnectionCleanupThread.java:91)
 java.base@17.0.12/java.util.concurrent.ThreadPoolExecutor.runWorker(ThreadPoolExecutor.java:1136)
 java.base@17.0.12/java.util.concurrent.ThreadPoolExecutor$Worker.run(ThreadPoolExecutor.java:635)
 java.base@17.0.12/java.lang.Thread.run(Thread.java:842)
12-Oct-2025 22:30:28.115 INFO [main] org.apache.coyote.AbstractProtocol.stop Stopping ProtocolHandler ["http-nio-8080"]
12-Oct-2025 22:30:28.124 INFO [main] org.apache.coyote.AbstractProtocol.destroy Destroying ProtocolHandler ["http-nio-8080"]
12-Oct-2025 22:30:31.408 INFO [main] org.apache.catalina.startup.VersionLoggerListener.log Server version name:   Apache Tomcat/9.0.93
12-Oct-2025 22:30:31.411 INFO [main] org.apache.catalina.startup.VersionLoggerListener.log Server built:          Aug 2 2024 21:24:59 UTC
12-Oct-2025 22:30:31.412 INFO [main] org.apache.catalina.startup.VersionLoggerListener.log Server version number: 9.0.93.0
12-Oct-2025 22:30:31.412 INFO [main] org.apache.catalina.startup.VersionLoggerListener.log OS Name:               Windows 11
12-Oct-2025 22:30:31.412 INFO [main] org.apache.catalina.startup.VersionLoggerListener.log OS Version:            10.0
12-Oct-2025 22:30:31.413 INFO [main] org.apache.catalina.startup.VersionLoggerListener.log Architecture:          amd64
12-Oct-2025 22:30:31.413 INFO [main] org.apache.catalina.startup.VersionLoggerListener.log Java Home:             C:\Program Files\Java\jdk-17
12-Oct-2025 22:30:31.413 INFO [main] org.apache.catalina.startup.VersionLoggerListener.log JVM Version:           17.0.12+8-LTS-286
12-Oct-2025 22:30:31.413 INFO [main] org.apache.catalina.startup.VersionLoggerListener.log JVM Vendor:            Oracle Corporation
12-Oct-2025 22:30:31.413 INFO [main] org.apache.catalina.startup.VersionLoggerListener.log CATALINA_BASE:         C:\Users\sande\Downloads\Vehicle-Management-System-Java-Servlet-main (2)\Vehicle-Management-System-Java-Servlet-main\Vehicle-Management-System-Java-Servlet-main\apache-tomcat-9.0.93
12-Oct-2025 22:30:31.413 INFO [main] org.apache.catalina.startup.VersionLoggerListener.log CATALINA_HOME:         C:\Users\sande\Downloads\Vehicle-Management-System-Java-Servlet-main (2)\Vehicle-Management-System-Java-Servlet-main\Vehicle-Management-System-Java-Servlet-main\apache-tomcat-9.0.93
12-Oct-2025 22:30:31.425 INFO [main] org.apache.catalina.startup.VersionLoggerListener.log Command line argument: --add-opens=java.base/java.lang=ALL-UNNAMED
12-Oct-2025 22:30:31.425 INFO [main] org.apache.catalina.startup.VersionLoggerListener.log Command line argument: --add-opens=java.base/java.io=ALL-UNNAMED
12-Oct-2025 22:30:31.425 INFO [main] org.apache.catalina.startup.VersionLoggerListener.log Command line argument: --add-opens=java.base/java.util=ALL-UNNAMED
12-Oct-2025 22:30:31.425 INFO [main] org.apache.catalina.startup.VersionLoggerListener.log Command line argument: --add-opens=java.base/java.util.concurrent=ALL-UNNAMED
12-Oct-2025 22:30:31.425 INFO [main] org.apache.catalina.startup.VersionLoggerListener.log Command line argument: --add-opens=java.rmi/sun.rmi.transport=ALL-UNNAMED
12-Oct-2025 22:30:31.425 INFO [main] org.apache.catalina.startup.VersionLoggerListener.log Command line argument: -Djava.util.logging.config.file=C:\Users\sande\Downloads\Vehicle-Management-System-Java-Servlet-main (2)\Vehicle-Management-System-Java-Servlet-main\Vehicle-Management-System-Java-Servlet-main\apache-tomcat-9.0.93\conf\logging.properties
12-Oct-2025 22:30:31.426 INFO [main] org.apache.catalina.startup.VersionLoggerListener.log Command line argument: -Djava.util.logging.manager=org.apache.juli.ClassLoaderLogManager
12-Oct-2025 22:30:31.426 INFO [main] org.apache.catalina.startup.VersionLoggerListener.log Command line argument: -Djdk.tls.ephemeralDHKeySize=2048
12-Oct-2025 22:30:31.426 INFO [main] org.apache.catalina.startup.VersionLoggerListener.log Command line argument: -Djava.protocol.handler.pkgs=org.apache.catalina.webresources
12-Oct-2025 22:30:31.426 INFO [main] org.apache.catalina.startup.VersionLoggerListener.log Command line argument: -Dignore.endorsed.dirs=
12-Oct-2025 22:30:31.427 INFO [main] org.apache.catalina.startup.VersionLoggerListener.log Command line argument: -Dcatalina.base=C:\Users\sande\Downloads\Vehicle-Management-System-Java-Servlet-main (2)\Vehicle-Management-System-Java-Servlet-main\Vehicle-Management-System-Java-Servlet-main\apache-tomcat-9.0.93
12-Oct-2025 22:30:31.427 INFO [main] org.apache.catalina.startup.VersionLoggerListener.log Command line argument: -Dcatalina.home=C:\Users\sande\Downloads\Vehicle-Management-System-Java-Servlet-main (2)\Vehicle-Management-System-Java-Servlet-main\Vehicle-Management-System-Java-Servlet-main\apache-tomcat-9.0.93
12-Oct-2025 22:30:31.427 INFO [main] org.apache.catalina.startup.VersionLoggerListener.log Command line argument: -Djava.io.tmpdir=C:\Users\sande\Downloads\Vehicle-Management-System-Java-Servlet-main (2)\Vehicle-Management-System-Java-Servlet-main\Vehicle-Management-System-Java-Servlet-main\apache-tomcat-9.0.93\temp
12-Oct-2025 22:30:31.432 INFO [main] org.apache.catalina.core.AprLifecycleListener.lifecycleEvent Loaded Apache Tomcat Native library [1.3.1] using APR version [1.7.4].
12-Oct-2025 22:30:31.432 INFO [main] org.apache.catalina.core.AprLifecycleListener.lifecycleEvent APR capabilities: IPv6 [true], sendfile [true], accept filters [false], random [true], UDS [true].
12-Oct-2025 22:30:31.432 INFO [main] org.apache.catalina.core.AprLifecycleListener.lifecycleEvent APR/OpenSSL configuration: useAprConnector [false], useOpenSSL [true]
12-Oct-2025 22:30:31.441 INFO [main] org.apache.catalina.core.AprLifecycleListener.initializeSSL OpenSSL successfully initialized [OpenSSL 3.0.14 4 Jun 2024]
12-Oct-2025 22:30:31.801 INFO [main] org.apache.coyote.AbstractProtocol.init Initializing ProtocolHandler ["http-nio-8080"]
12-Oct-2025 22:30:31.850 INFO [main] org.apache.catalina.startup.Catalina.load Server initialization in [667] milliseconds
12-Oct-2025 22:30:31.926 INFO [main] org.apache.catalina.core.StandardService.startInternal Starting service [Catalina]
12-Oct-2025 22:30:31.926 INFO [main] org.apache.catalina.core.StandardEngine.startInternal Starting Servlet engine: [Apache Tomcat/9.0.93]
12-Oct-2025 22:30:31.949 INFO [main] org.apache.catalina.startup.HostConfig.deployWAR Deploying web application archive [C:\Users\sande\Downloads\Vehicle-Management-System-Java-Servlet-main (2)\Vehicle-Management-System-Java-Servlet-main\Vehicle-Management-System-Java-Servlet-main\apache-tomcat-9.0.93\webapps\Vehicle.war]
12-Oct-2025 22:30:33.428 INFO [main] org.apache.jasper.servlet.TldScanner.scanJars At least one JAR was scanned for TLDs yet contained no TLDs. Enable debug logging for this logger for a complete list of JARs that were scanned but no TLDs were found in them. Skipping unneeded JARs during scanning can improve startup time and JSP compilation time.
12-Oct-2025 22:30:33.558 INFO [main] org.apache.catalina.startup.HostConfig.deployWAR Deployment of web application archive [C:\Users\sande\Downloads\Vehicle-Management-System-Java-Servlet-main (2)\Vehicle-Management-System-Java-Servlet-main\Vehicle-Management-System-Java-Servlet-main\apache-tomcat-9.0.93\webapps\Vehicle.war] has finished in [1,608] ms
12-Oct-2025 22:30:33.559 INFO [main] org.apache.catalina.startup.HostConfig.deployDirectory Deploying web application directory [C:\Users\sande\Downloads\Vehicle-Management-System-Java-Servlet-main (2)\Vehicle-Management-System-Java-Servlet-main\Vehicle-Management-System-Java-Servlet-main\apache-tomcat-9.0.93\webapps\docs]
12-Oct-2025 22:30:33.663 INFO [main] org.apache.jasper.servlet.TldScanner.scanJars At least one JAR was scanned for TLDs yet contained no TLDs. Enable debug logging for this logger for a complete list of JARs that were scanned but no TLDs were found in them. Skipping unneeded JARs during scanning can improve startup time and JSP compilation time.
12-Oct-2025 22:30:33.671 INFO [main] org.apache.catalina.startup.HostConfig.deployDirectory Deployment of web application directory [C:\Users\sande\Downloads\Vehicle-Management-System-Java-Servlet-main (2)\Vehicle-Management-System-Java-Servlet-main\Vehicle-Management-System-Java-Servlet-main\apache-tomcat-9.0.93\webapps\docs] has finished in [113] ms
12-Oct-2025 22:30:33.673 INFO [main] org.apache.catalina.startup.HostConfig.deployDirectory Deploying web application directory [C:\Users\sande\Downloads\Vehicle-Management-System-Java-Servlet-main (2)\Vehicle-Management-System-Java-Servlet-main\Vehicle-Management-System-Java-Servlet-main\apache-tomcat-9.0.93\webapps\examples]
12-Oct-2025 22:30:34.288 INFO [main] org.apache.jasper.servlet.TldScanner.scanJars At least one JAR was scanned for TLDs yet contained no TLDs. Enable debug logging for this logger for a complete list of JARs that were scanned but no TLDs were found in them. Skipping unneeded JARs during scanning can improve startup time and JSP compilation time.
12-Oct-2025 22:30:34.405 INFO [main] org.apache.catalina.startup.HostConfig.deployDirectory Deployment of web application directory [C:\Users\sande\Downloads\Vehicle-Management-System-Java-Servlet-main (2)\Vehicle-Management-System-Java-Servlet-main\Vehicle-Management-System-Java-Servlet-main\apache-tomcat-9.0.93\webapps\examples] has finished in [733] ms
12-Oct-2025 22:30:34.406 INFO [main] org.apache.catalina.startup.HostConfig.deployDirectory Deploying web application directory [C:\Users\sande\Downloads\Vehicle-Management-System-Java-Servlet-main (2)\Vehicle-Management-System-Java-Servlet-main\Vehicle-Management-System-Java-Servlet-main\apache-tomcat-9.0.93\webapps\host-manager]
12-Oct-2025 22:30:34.498 INFO [main] org.apache.jasper.servlet.TldScanner.scanJars At least one JAR was scanned for TLDs yet contained no TLDs. Enable debug logging for this logger for a complete list of JARs that were scanned but no TLDs were found in them. Skipping unneeded JARs during scanning can improve startup time and JSP compilation time.
12-Oct-2025 22:30:34.513 INFO [main] org.apache.catalina.startup.HostConfig.deployDirectory Deployment of web application directory [C:\Users\sande\Downloads\Vehicle-Management-System-Java-Servlet-main (2)\Vehicle-Management-System-Java-Servlet-main\Vehicle-Management-System-Java-Servlet-main\apache-tomcat-9.0.93\webapps\host-manager] has finished in [108] ms
12-Oct-2025 22:30:34.515 INFO [main] org.apache.catalina.startup.HostConfig.deployDirectory Deploying web application directory [C:\Users\sande\Downloads\Vehicle-Management-System-Java-Servlet-main (2)\Vehicle-Management-System-Java-Servlet-main\Vehicle-Management-System-Java-Servlet-main\apache-tomcat-9.0.93\webapps\manager]
12-Oct-2025 22:30:34.617 INFO [main] org.apache.jasper.servlet.TldScanner.scanJars At least one JAR was scanned for TLDs yet contained no TLDs. Enable debug logging for this logger for a complete list of JARs that were scanned but no TLDs were found in them. Skipping unneeded JARs during scanning can improve startup time and JSP compilation time.
12-Oct-2025 22:30:34.624 INFO [main] org.apache.catalina.startup.HostConfig.deployDirectory Deployment of web application directory [C:\Users\sande\Downloads\Vehicle-Management-System-Java-Servlet-main (2)\Vehicle-Management-System-Java-Servlet-main\Vehicle-Management-System-Java-Servlet-main\apache-tomcat-9.0.93\webapps\manager] has finished in [109] ms
12-Oct-2025 22:30:34.624 INFO [main] org.apache.catalina.startup.HostConfig.deployDirectory Deploying web application directory [C:\Users\sande\Downloads\Vehicle-Management-System-Java-Servlet-main (2)\Vehicle-Management-System-Java-Servlet-main\Vehicle-Management-System-Java-Servlet-main\apache-tomcat-9.0.93\webapps\ROOT]
12-Oct-2025 22:30:34.691 INFO [main] org.apache.jasper.servlet.TldScanner.scanJars At least one JAR was scanned for TLDs yet contained no TLDs. Enable debug logging for this logger for a complete list of JARs that were scanned but no TLDs were found in them. Skipping unneeded JARs during scanning can improve startup time and JSP compilation time.
12-Oct-2025 22:30:34.696 INFO [main] org.apache.catalina.startup.HostConfig.deployDirectory Deployment of web application directory [C:\Users\sande\Downloads\Vehicle-Management-System-Java-Servlet-main (2)\Vehicle-Management-System-Java-Servlet-main\Vehicle-Management-System-Java-Servlet-main\apache-tomcat-9.0.93\webapps\ROOT] has finished in [70] ms
12-Oct-2025 22:30:34.700 INFO [main] org.apache.coyote.AbstractProtocol.start Starting ProtocolHandler ["http-nio-8080"]
12-Oct-2025 22:30:34.757 INFO [main] org.apache.catalina.startup.Catalina.start Server startup in [2906] milliseconds
12-Oct-2025 22:30:53.740 INFO [main] org.apache.catalina.core.StandardServer.await A valid shutdown command was received via the shutdown port. Stopping the Server instance.
12-Oct-2025 22:30:53.740 INFO [main] org.apache.coyote.AbstractProtocol.pause Pausing ProtocolHandler ["http-nio-8080"]
12-Oct-2025 22:30:53.832 INFO [main] org.apache.catalina.core.StandardService.stopInternal Stopping service [Catalina]
12-Oct-2025 22:30:53.856 INFO [main] org.apache.coyote.AbstractProtocol.stop Stopping ProtocolHandler ["http-nio-8080"]
12-Oct-2025 22:30:53.866 INFO [main] org.apache.coyote.AbstractProtocol.destroy Destroying ProtocolHandler ["http-nio-8080"]
12-Oct-2025 22:30:57.120 INFO [main] org.apache.catalina.startup.VersionLoggerListener.log Server version name:   Apache Tomcat/9.0.93
12-Oct-2025 22:30:57.125 INFO [main] org.apache.catalina.startup.VersionLoggerListener.log Server built:          Aug 2 2024 21:24:59 UTC
12-Oct-2025 22:30:57.125 INFO [main] org.apache.catalina.startup.VersionLoggerListener.log Server version number: 9.0.93.0
12-Oct-2025 22:30:57.126 INFO [main] org.apache.catalina.startup.VersionLoggerListener.log OS Name:               Windows 11
12-Oct-2025 22:30:57.126 INFO [main] org.apache.catalina.startup.VersionLoggerListener.log OS Version:            10.0
12-Oct-2025 22:30:57.126 INFO [main] org.apache.catalina.startup.VersionLoggerListener.log Architecture:          amd64
12-Oct-2025 22:30:57.126 INFO [main] org.apache.catalina.startup.VersionLoggerListener.log Java Home:             C:\Program Files\Java\jdk-17
12-Oct-2025 22:30:57.126 INFO [main] org.apache.catalina.startup.VersionLoggerListener.log JVM Version:           17.0.12+8-LTS-286
12-Oct-2025 22:30:57.126 INFO [main] org.apache.catalina.startup.VersionLoggerListener.log JVM Vendor:            Oracle Corporation
12-Oct-2025 22:30:57.127 INFO [main] org.apache.catalina.startup.VersionLoggerListener.log CATALINA_BASE:         C:\Users\sande\Downloads\Vehicle-Management-System-Java-Servlet-main (2)\Vehicle-Management-System-Java-Servlet-main\Vehicle-Management-System-Java-Servlet-main\apache-tomcat-9.0.93
12-Oct-2025 22:30:57.127 INFO [main] org.apache.catalina.startup.VersionLoggerListener.log CATALINA_HOME:         C:\Users\sande\Downloads\Vehicle-Management-System-Java-Servlet-main (2)\Vehicle-Management-System-Java-Servlet-main\Vehicle-Management-System-Java-Servlet-main\apache-tomcat-9.0.93
12-Oct-2025 22:30:57.139 INFO [main] org.apache.catalina.startup.VersionLoggerListener.log Command line argument: --add-opens=java.base/java.lang=ALL-UNNAMED
12-Oct-2025 22:30:57.140 INFO [main] org.apache.catalina.startup.VersionLoggerListener.log Command line argument: --add-opens=java.base/java.io=ALL-UNNAMED
12-Oct-2025 22:30:57.140 INFO [main] org.apache.catalina.startup.VersionLoggerListener.log Command line argument: --add-opens=java.base/java.util=ALL-UNNAMED
12-Oct-2025 22:30:57.140 INFO [main] org.apache.catalina.startup.VersionLoggerListener.log Command line argument: --add-opens=java.base/java.util.concurrent=ALL-UNNAMED
12-Oct-2025 22:30:57.140 INFO [main] org.apache.catalina.startup.VersionLoggerListener.log Command line argument: --add-opens=java.rmi/sun.rmi.transport=ALL-UNNAMED
12-Oct-2025 22:30:57.140 INFO [main] org.apache.catalina.startup.VersionLoggerListener.log Command line argument: -Djava.util.logging.config.file=C:\Users\sande\Downloads\Vehicle-Management-System-Java-Servlet-main (2)\Vehicle-Management-System-Java-Servlet-main\Vehicle-Management-System-Java-Servlet-main\apache-tomcat-9.0.93\conf\logging.properties
12-Oct-2025 22:30:57.141 INFO [main] org.apache.catalina.startup.VersionLoggerListener.log Command line argument: -Djava.util.logging.manager=org.apache.juli.ClassLoaderLogManager
12-Oct-2025 22:30:57.141 INFO [main] org.apache.catalina.startup.VersionLoggerListener.log Command line argument: -Djdk.tls.ephemeralDHKeySize=2048
12-Oct-2025 22:30:57.141 INFO [main] org.apache.catalina.startup.VersionLoggerListener.log Command line argument: -Djava.protocol.handler.pkgs=org.apache.catalina.webresources
12-Oct-2025 22:30:57.141 INFO [main] org.apache.catalina.startup.VersionLoggerListener.log Command line argument: -Dignore.endorsed.dirs=
12-Oct-2025 22:30:57.142 INFO [main] org.apache.catalina.startup.VersionLoggerListener.log Command line argument: -Dcatalina.base=C:\Users\sande\Downloads\Vehicle-Management-System-Java-Servlet-main (2)\Vehicle-Management-System-Java-Servlet-main\Vehicle-Management-System-Java-Servlet-main\apache-tomcat-9.0.93
12-Oct-2025 22:30:57.142 INFO [main] org.apache.catalina.startup.VersionLoggerListener.log Command line argument: -Dcatalina.home=C:\Users\sande\Downloads\Vehicle-Management-System-Java-Servlet-main (2)\Vehicle-Management-System-Java-Servlet-main\Vehicle-Management-System-Java-Servlet-main\apache-tomcat-9.0.93
12-Oct-2025 22:30:57.143 INFO [main] org.apache.catalina.startup.VersionLoggerListener.log Command line argument: -Djava.io.tmpdir=C:\Users\sande\Downloads\Vehicle-Management-System-Java-Servlet-main (2)\Vehicle-Management-System-Java-Servlet-main\Vehicle-Management-System-Java-Servlet-main\apache-tomcat-9.0.93\temp
12-Oct-2025 22:30:57.147 INFO [main] org.apache.catalina.core.AprLifecycleListener.lifecycleEvent Loaded Apache Tomcat Native library [1.3.1] using APR version [1.7.4].
12-Oct-2025 22:30:57.147 INFO [main] org.apache.catalina.core.AprLifecycleListener.lifecycleEvent APR capabilities: IPv6 [true], sendfile [true], accept filters [false], random [true], UDS [true].
12-Oct-2025 22:30:57.147 INFO [main] org.apache.catalina.core.AprLifecycleListener.lifecycleEvent APR/OpenSSL configuration: useAprConnector [false], useOpenSSL [true]
12-Oct-2025 22:30:57.154 INFO [main] org.apache.catalina.core.AprLifecycleListener.initializeSSL OpenSSL successfully initialized [OpenSSL 3.0.14 4 Jun 2024]
12-Oct-2025 22:30:57.478 INFO [main] org.apache.coyote.AbstractProtocol.init Initializing ProtocolHandler ["http-nio-8080"]
12-Oct-2025 22:30:57.520 INFO [main] org.apache.catalina.startup.Catalina.load Server initialization in [626] milliseconds
12-Oct-2025 22:30:57.607 INFO [main] org.apache.catalina.core.StandardService.startInternal Starting service [Catalina]
12-Oct-2025 22:30:57.608 INFO [main] org.apache.catalina.core.StandardEngine.startInternal Starting Servlet engine: [Apache Tomcat/9.0.93]
12-Oct-2025 22:30:57.641 INFO [main] org.apache.catalina.startup.HostConfig.deployWAR Deploying web application archive [C:\Users\sande\Downloads\Vehicle-Management-System-Java-Servlet-main (2)\Vehicle-Management-System-Java-Servlet-main\Vehicle-Management-System-Java-Servlet-main\apache-tomcat-9.0.93\webapps\Vehicle.war]
12-Oct-2025 22:30:59.086 INFO [main] org.apache.jasper.servlet.TldScanner.scanJars At least one JAR was scanned for TLDs yet contained no TLDs. Enable debug logging for this logger for a complete list of JARs that were scanned but no TLDs were found in them. Skipping unneeded JARs during scanning can improve startup time and JSP compilation time.
12-Oct-2025 22:30:59.212 INFO [main] org.apache.catalina.startup.HostConfig.deployWAR Deployment of web application archive [C:\Users\sande\Downloads\Vehicle-Management-System-Java-Servlet-main (2)\Vehicle-Management-System-Java-Servlet-main\Vehicle-Management-System-Java-Servlet-main\apache-tomcat-9.0.93\webapps\Vehicle.war] has finished in [1,570] ms
12-Oct-2025 22:30:59.212 INFO [main] org.apache.catalina.startup.HostConfig.deployDirectory Deploying web application directory [C:\Users\sande\Downloads\Vehicle-Management-System-Java-Servlet-main (2)\Vehicle-Management-System-Java-Servlet-main\Vehicle-Management-System-Java-Servlet-main\apache-tomcat-9.0.93\webapps\docs]
12-Oct-2025 22:30:59.298 INFO [main] org.apache.jasper.servlet.TldScanner.scanJars At least one JAR was scanned for TLDs yet contained no TLDs. Enable debug logging for this logger for a complete list of JARs that were scanned but no TLDs were found in them. Skipping unneeded JARs during scanning can improve startup time and JSP compilation time.
12-Oct-2025 22:30:59.303 INFO [main] org.apache.catalina.startup.HostConfig.deployDirectory Deployment of web application directory [C:\Users\sande\Downloads\Vehicle-Management-System-Java-Servlet-main (2)\Vehicle-Management-System-Java-Servlet-main\Vehicle-Management-System-Java-Servlet-main\apache-tomcat-9.0.93\webapps\docs] has finished in [91] ms
12-Oct-2025 22:30:59.305 INFO [main] org.apache.catalina.startup.HostConfig.deployDirectory Deploying web application directory [C:\Users\sande\Downloads\Vehicle-Management-System-Java-Servlet-main (2)\Vehicle-Management-System-Java-Servlet-main\Vehicle-Management-System-Java-Servlet-main\apache-tomcat-9.0.93\webapps\examples]
12-Oct-2025 22:30:59.959 INFO [main] org.apache.jasper.servlet.TldScanner.scanJars At least one JAR was scanned for TLDs yet contained no TLDs. Enable debug logging for this logger for a complete list of JARs that were scanned but no TLDs were found in them. Skipping unneeded JARs during scanning can improve startup time and JSP compilation time.
12-Oct-2025 22:31:00.103 INFO [main] org.apache.catalina.startup.HostConfig.deployDirectory Deployment of web application directory [C:\Users\sande\Downloads\Vehicle-Management-System-Java-Servlet-main (2)\Vehicle-Management-System-Java-Servlet-main\Vehicle-Management-System-Java-Servlet-main\apache-tomcat-9.0.93\webapps\examples] has finished in [798] ms
12-Oct-2025 22:31:00.104 INFO [main] org.apache.catalina.startup.HostConfig.deployDirectory Deploying web application directory [C:\Users\sande\Downloads\Vehicle-Management-System-Java-Servlet-main (2)\Vehicle-Management-System-Java-Servlet-main\Vehicle-Management-System-Java-Servlet-main\apache-tomcat-9.0.93\webapps\host-manager]
12-Oct-2025 22:31:00.210 INFO [main] org.apache.jasper.servlet.TldScanner.scanJars At least one JAR was scanned for TLDs yet contained no TLDs. Enable debug logging for this logger for a complete list of JARs that were scanned but no TLDs were found in them. Skipping unneeded JARs during scanning can improve startup time and JSP compilation time.
12-Oct-2025 22:31:00.224 INFO [main] org.apache.catalina.startup.HostConfig.deployDirectory Deployment of web application directory [C:\Users\sande\Downloads\Vehicle-Management-System-Java-Servlet-main (2)\Vehicle-Management-System-Java-Servlet-main\Vehicle-Management-System-Java-Servlet-main\apache-tomcat-9.0.93\webapps\host-manager] has finished in [119] ms
12-Oct-2025 22:31:00.224 INFO [main] org.apache.catalina.startup.HostConfig.deployDirectory Deploying web application directory [C:\Users\sande\Downloads\Vehicle-Management-System-Java-Servlet-main (2)\Vehicle-Management-System-Java-Servlet-main\Vehicle-Management-System-Java-Servlet-main\apache-tomcat-9.0.93\webapps\manager]
12-Oct-2025 22:31:00.332 INFO [main] org.apache.jasper.servlet.TldScanner.scanJars At least one JAR was scanned for TLDs yet contained no TLDs. Enable debug logging for this logger for a complete list of JARs that were scanned but no TLDs were found in them. Skipping unneeded JARs during scanning can improve startup time and JSP compilation time.
12-Oct-2025 22:31:00.340 INFO [main] org.apache.catalina.startup.HostConfig.deployDirectory Deployment of web application directory [C:\Users\sande\Downloads\Vehicle-Management-System-Java-Servlet-main (2)\Vehicle-Management-System-Java-Servlet-main\Vehicle-Management-System-Java-Servlet-main\apache-tomcat-9.0.93\webapps\manager] has finished in [115] ms
12-Oct-2025 22:31:00.340 INFO [main] org.apache.catalina.startup.HostConfig.deployDirectory Deploying web application directory [C:\Users\sande\Downloads\Vehicle-Management-System-Java-Servlet-main (2)\Vehicle-Management-System-Java-Servlet-main\Vehicle-Management-System-Java-Servlet-main\apache-tomcat-9.0.93\webapps\ROOT]
12-Oct-2025 22:31:00.406 INFO [main] org.apache.jasper.servlet.TldScanner.scanJars At least one JAR was scanned for TLDs yet contained no TLDs. Enable debug logging for this logger for a complete list of JARs that were scanned but no TLDs were found in them. Skipping unneeded JARs during scanning can improve startup time and JSP compilation time.
12-Oct-2025 22:31:00.410 INFO [main] org.apache.catalina.startup.HostConfig.deployDirectory Deployment of web application directory [C:\Users\sande\Downloads\Vehicle-Management-System-Java-Servlet-main (2)\Vehicle-Management-System-Java-Servlet-main\Vehicle-Management-System-Java-Servlet-main\apache-tomcat-9.0.93\webapps\ROOT] has finished in [70] ms
12-Oct-2025 22:31:00.416 INFO [main] org.apache.coyote.AbstractProtocol.start Starting ProtocolHandler ["http-nio-8080"]
12-Oct-2025 22:31:00.472 INFO [main] org.apache.catalina.startup.Catalina.start Server startup in [2951] milliseconds
12-Oct-2025 22:41:59.342 INFO [main] org.apache.catalina.core.StandardServer.await A valid shutdown command was received via the shutdown port. Stopping the Server instance.
12-Oct-2025 22:41:59.342 INFO [main] org.apache.coyote.AbstractProtocol.pause Pausing ProtocolHandler ["http-nio-8080"]
12-Oct-2025 22:41:59.427 INFO [main] org.apache.catalina.core.StandardService.stopInternal Stopping service [Catalina]
12-Oct-2025 22:41:59.465 WARNING [main] org.apache.catalina.loader.WebappClassLoaderBase.clearReferencesJdbc The web application [Vehicle] registered the JDBC driver [com.mysql.cj.jdbc.Driver] but failed to unregister it when the web application was stopped. To prevent a memory leak, the JDBC Driver has been forcibly unregistered.
12-Oct-2025 22:41:59.466 WARNING [main] org.apache.catalina.loader.WebappClassLoaderBase.clearReferencesThreads The web application [Vehicle] appears to have started a thread named [mysql-cj-abandoned-connection-cleanup] but has failed to stop it. This is very likely to create a memory leak. Stack trace of thread:
 java.base@17.0.12/java.lang.Object.wait(Native Method)
 java.base@17.0.12/java.lang.ref.ReferenceQueue.remove(ReferenceQueue.java:155)
 com.mysql.cj.jdbc.AbandonedConnectionCleanupThread.run(AbandonedConnectionCleanupThread.java:91)
 java.base@17.0.12/java.util.concurrent.ThreadPoolExecutor.runWorker(ThreadPoolExecutor.java:1136)
 java.base@17.0.12/java.util.concurrent.ThreadPoolExecutor$Worker.run(ThreadPoolExecutor.java:635)
 java.base@17.0.12/java.lang.Thread.run(Thread.java:842)
12-Oct-2025 22:41:59.470 INFO [main] org.apache.coyote.AbstractProtocol.stop Stopping ProtocolHandler ["http-nio-8080"]
12-Oct-2025 22:41:59.488 INFO [main] org.apache.coyote.AbstractProtocol.destroy Destroying ProtocolHandler ["http-nio-8080"]
12-Oct-2025 22:42:02.785 INFO [main] org.apache.catalina.startup.VersionLoggerListener.log Server version name:   Apache Tomcat/9.0.93
12-Oct-2025 22:42:02.789 INFO [main] org.apache.catalina.startup.VersionLoggerListener.log Server built:          Aug 2 2024 21:24:59 UTC
12-Oct-2025 22:42:02.789 INFO [main] org.apache.catalina.startup.VersionLoggerListener.log Server version number: 9.0.93.0
12-Oct-2025 22:42:02.789 INFO [main] org.apache.catalina.startup.VersionLoggerListener.log OS Name:               Windows 11
12-Oct-2025 22:42:02.789 INFO [main] org.apache.catalina.startup.VersionLoggerListener.log OS Version:            10.0
12-Oct-2025 22:42:02.789 INFO [main] org.apache.catalina.startup.VersionLoggerListener.log Architecture:          amd64
12-Oct-2025 22:42:02.790 INFO [main] org.apache.catalina.startup.VersionLoggerListener.log Java Home:             C:\Program Files\Java\jdk-17
12-Oct-2025 22:42:02.790 INFO [main] org.apache.catalina.startup.VersionLoggerListener.log JVM Version:           17.0.12+8-LTS-286
12-Oct-2025 22:42:02.790 INFO [main] org.apache.catalina.startup.VersionLoggerListener.log JVM Vendor:            Oracle Corporation
12-Oct-2025 22:42:02.791 INFO [main] org.apache.catalina.startup.VersionLoggerListener.log CATALINA_BASE:         C:\Users\sande\Downloads\Vehicle-Management-System-Java-Servlet-main (2)\Vehicle-Management-System-Java-Servlet-main\Vehicle-Management-System-Java-Servlet-main\apache-tomcat-9.0.93
12-Oct-2025 22:42:02.791 INFO [main] org.apache.catalina.startup.VersionLoggerListener.log CATALINA_HOME:         C:\Users\sande\Downloads\Vehicle-Management-System-Java-Servlet-main (2)\Vehicle-Management-System-Java-Servlet-main\Vehicle-Management-System-Java-Servlet-main\apache-tomcat-9.0.93
12-Oct-2025 22:42:02.803 INFO [main] org.apache.catalina.startup.VersionLoggerListener.log Command line argument: --add-opens=java.base/java.lang=ALL-UNNAMED
12-Oct-2025 22:42:02.804 INFO [main] org.apache.catalina.startup.VersionLoggerListener.log Command line argument: --add-opens=java.base/java.io=ALL-UNNAMED
12-Oct-2025 22:42:02.804 INFO [main] org.apache.catalina.startup.VersionLoggerListener.log Command line argument: --add-opens=java.base/java.util=ALL-UNNAMED
12-Oct-2025 22:42:02.804 INFO [main] org.apache.catalina.startup.VersionLoggerListener.log Command line argument: --add-opens=java.base/java.util.concurrent=ALL-UNNAMED
12-Oct-2025 22:42:02.804 INFO [main] org.apache.catalina.startup.VersionLoggerListener.log Command line argument: --add-opens=java.rmi/sun.rmi.transport=ALL-UNNAMED
12-Oct-2025 22:42:02.804 INFO [main] org.apache.catalina.startup.VersionLoggerListener.log Command line argument: -Djava.util.logging.config.file=C:\Users\sande\Downloads\Vehicle-Management-System-Java-Servlet-main (2)\Vehicle-Management-System-Java-Servlet-main\Vehicle-Management-System-Java-Servlet-main\apache-tomcat-9.0.93\conf\logging.properties
12-Oct-2025 22:42:02.804 INFO [main] org.apache.catalina.startup.VersionLoggerListener.log Command line argument: -Djava.util.logging.manager=org.apache.juli.ClassLoaderLogManager
12-Oct-2025 22:42:02.806 INFO [main] org.apache.catalina.startup.VersionLoggerListener.log Command line argument: -Djdk.tls.ephemeralDHKeySize=2048
12-Oct-2025 22:42:02.806 INFO [main] org.apache.catalina.startup.VersionLoggerListener.log Command line argument: -Djava.protocol.handler.pkgs=org.apache.catalina.webresources
12-Oct-2025 22:42:02.806 INFO [main] org.apache.catalina.startup.VersionLoggerListener.log Command line argument: -Dignore.endorsed.dirs=
12-Oct-2025 22:42:02.807 INFO [main] org.apache.catalina.startup.VersionLoggerListener.log Command line argument: -Dcatalina.base=C:\Users\sande\Downloads\Vehicle-Management-System-Java-Servlet-main (2)\Vehicle-Management-System-Java-Servlet-main\Vehicle-Management-System-Java-Servlet-main\apache-tomcat-9.0.93
12-Oct-2025 22:42:02.807 INFO [main] org.apache.catalina.startup.VersionLoggerListener.log Command line argument: -Dcatalina.home=C:\Users\sande\Downloads\Vehicle-Management-System-Java-Servlet-main (2)\Vehicle-Management-System-Java-Servlet-main\Vehicle-Management-System-Java-Servlet-main\apache-tomcat-9.0.93
12-Oct-2025 22:42:02.807 INFO [main] org.apache.catalina.startup.VersionLoggerListener.log Command line argument: -Djava.io.tmpdir=C:\Users\sande\Downloads\Vehicle-Management-System-Java-Servlet-main (2)\Vehicle-Management-System-Java-Servlet-main\Vehicle-Management-System-Java-Servlet-main\apache-tomcat-9.0.93\temp
12-Oct-2025 22:42:02.812 INFO [main] org.apache.catalina.core.AprLifecycleListener.lifecycleEvent Loaded Apache Tomcat Native library [1.3.1] using APR version [1.7.4].
12-Oct-2025 22:42:02.812 INFO [main] org.apache.catalina.core.AprLifecycleListener.lifecycleEvent APR capabilities: IPv6 [true], sendfile [true], accept filters [false], random [true], UDS [true].
12-Oct-2025 22:42:02.812 INFO [main] org.apache.catalina.core.AprLifecycleListener.lifecycleEvent APR/OpenSSL configuration: useAprConnector [false], useOpenSSL [true]
12-Oct-2025 22:42:02.819 INFO [main] org.apache.catalina.core.AprLifecycleListener.initializeSSL OpenSSL successfully initialized [OpenSSL 3.0.14 4 Jun 2024]
12-Oct-2025 22:42:03.155 INFO [main] org.apache.coyote.AbstractProtocol.init Initializing ProtocolHandler ["http-nio-8080"]
12-Oct-2025 22:42:03.193 INFO [main] org.apache.catalina.startup.Catalina.load Server initialization in [642] milliseconds
12-Oct-2025 22:42:03.274 INFO [main] org.apache.catalina.core.StandardService.startInternal Starting service [Catalina]
12-Oct-2025 22:42:03.275 INFO [main] org.apache.catalina.core.StandardEngine.startInternal Starting Servlet engine: [Apache Tomcat/9.0.93]
12-Oct-2025 22:42:03.301 INFO [main] org.apache.catalina.startup.HostConfig.deployWAR Deploying web application archive [C:\Users\sande\Downloads\Vehicle-Management-System-Java-Servlet-main (2)\Vehicle-Management-System-Java-Servlet-main\Vehicle-Management-System-Java-Servlet-main\apache-tomcat-9.0.93\webapps\Vehicle.war]
12-Oct-2025 22:42:04.700 INFO [main] org.apache.jasper.servlet.TldScanner.scanJars At least one JAR was scanned for TLDs yet contained no TLDs. Enable debug logging for this logger for a complete list of JARs that were scanned but no TLDs were found in them. Skipping unneeded JARs during scanning can improve startup time and JSP compilation time.
12-Oct-2025 22:42:04.808 INFO [main] org.apache.catalina.startup.HostConfig.deployWAR Deployment of web application archive [C:\Users\sande\Downloads\Vehicle-Management-System-Java-Servlet-main (2)\Vehicle-Management-System-Java-Servlet-main\Vehicle-Management-System-Java-Servlet-main\apache-tomcat-9.0.93\webapps\Vehicle.war] has finished in [1,508] ms
12-Oct-2025 22:42:04.809 INFO [main] org.apache.catalina.startup.HostConfig.deployDirectory Deploying web application directory [C:\Users\sande\Downloads\Vehicle-Management-System-Java-Servlet-main (2)\Vehicle-Management-System-Java-Servlet-main\Vehicle-Management-System-Java-Servlet-main\apache-tomcat-9.0.93\webapps\docs]
12-Oct-2025 22:42:04.894 INFO [main] org.apache.jasper.servlet.TldScanner.scanJars At least one JAR was scanned for TLDs yet contained no TLDs. Enable debug logging for this logger for a complete list of JARs that were scanned but no TLDs were found in them. Skipping unneeded JARs during scanning can improve startup time and JSP compilation time.
12-Oct-2025 22:42:04.900 INFO [main] org.apache.catalina.startup.HostConfig.deployDirectory Deployment of web application directory [C:\Users\sande\Downloads\Vehicle-Management-System-Java-Servlet-main (2)\Vehicle-Management-System-Java-Servlet-main\Vehicle-Management-System-Java-Servlet-main\apache-tomcat-9.0.93\webapps\docs] has finished in [91] ms
12-Oct-2025 22:42:04.900 INFO [main] org.apache.catalina.startup.HostConfig.deployDirectory Deploying web application directory [C:\Users\sande\Downloads\Vehicle-Management-System-Java-Servlet-main (2)\Vehicle-Management-System-Java-Servlet-main\Vehicle-Management-System-Java-Servlet-main\apache-tomcat-9.0.93\webapps\examples]
12-Oct-2025 22:42:05.499 INFO [main] org.apache.jasper.servlet.TldScanner.scanJars At least one JAR was scanned for TLDs yet contained no TLDs. Enable debug logging for this logger for a complete list of JARs that were scanned but no TLDs were found in them. Skipping unneeded JARs during scanning can improve startup time and JSP compilation time.
12-Oct-2025 22:42:05.617 INFO [main] org.apache.catalina.startup.HostConfig.deployDirectory Deployment of web application directory [C:\Users\sande\Downloads\Vehicle-Management-System-Java-Servlet-main (2)\Vehicle-Management-System-Java-Servlet-main\Vehicle-Management-System-Java-Servlet-main\apache-tomcat-9.0.93\webapps\examples] has finished in [717] ms
12-Oct-2025 22:42:05.618 INFO [main] org.apache.catalina.startup.HostConfig.deployDirectory Deploying web application directory [C:\Users\sande\Downloads\Vehicle-Management-System-Java-Servlet-main (2)\Vehicle-Management-System-Java-Servlet-main\Vehicle-Management-System-Java-Servlet-main\apache-tomcat-9.0.93\webapps\host-manager]
12-Oct-2025 22:42:05.704 INFO [main] org.apache.jasper.servlet.TldScanner.scanJars At least one JAR was scanned for TLDs yet contained no TLDs. Enable debug logging for this logger for a complete list of JARs that were scanned but no TLDs were found in them. Skipping unneeded JARs during scanning can improve startup time and JSP compilation time.
12-Oct-2025 22:42:05.716 INFO [main] org.apache.catalina.startup.HostConfig.deployDirectory Deployment of web application directory [C:\Users\sande\Downloads\Vehicle-Management-System-Java-Servlet-main (2)\Vehicle-Management-System-Java-Servlet-main\Vehicle-Management-System-Java-Servlet-main\apache-tomcat-9.0.93\webapps\host-manager] has finished in [97] ms
12-Oct-2025 22:42:05.716 INFO [main] org.apache.catalina.startup.HostConfig.deployDirectory Deploying web application directory [C:\Users\sande\Downloads\Vehicle-Management-System-Java-Servlet-main (2)\Vehicle-Management-System-Java-Servlet-main\Vehicle-Management-System-Java-Servlet-main\apache-tomcat-9.0.93\webapps\manager]
12-Oct-2025 22:42:05.817 INFO [main] org.apache.jasper.servlet.TldScanner.scanJars At least one JAR was scanned for TLDs yet contained no TLDs. Enable debug logging for this logger for a complete list of JARs that were scanned but no TLDs were found in them. Skipping unneeded JARs during scanning can improve startup time and JSP compilation time.
12-Oct-2025 22:42:05.824 INFO [main] org.apache.catalina.startup.HostConfig.deployDirectory Deployment of web application directory [C:\Users\sande\Downloads\Vehicle-Management-System-Java-Servlet-main (2)\Vehicle-Management-System-Java-Servlet-main\Vehicle-Management-System-Java-Servlet-main\apache-tomcat-9.0.93\webapps\manager] has finished in [108] ms
12-Oct-2025 22:42:05.824 INFO [main] org.apache.catalina.startup.HostConfig.deployDirectory Deploying web application directory [C:\Users\sande\Downloads\Vehicle-Management-System-Java-Servlet-main (2)\Vehicle-Management-System-Java-Servlet-main\Vehicle-Management-System-Java-Servlet-main\apache-tomcat-9.0.93\webapps\ROOT]
12-Oct-2025 22:42:05.888 INFO [main] org.apache.jasper.servlet.TldScanner.scanJars At least one JAR was scanned for TLDs yet contained no TLDs. Enable debug logging for this logger for a complete list of JARs that were scanned but no TLDs were found in them. Skipping unneeded JARs during scanning can improve startup time and JSP compilation time.
12-Oct-2025 22:42:05.892 INFO [main] org.apache.catalina.startup.HostConfig.deployDirectory Deployment of web application directory [C:\Users\sande\Downloads\Vehicle-Management-System-Java-Servlet-main (2)\Vehicle-Management-System-Java-Servlet-main\Vehicle-Management-System-Java-Servlet-main\apache-tomcat-9.0.93\webapps\ROOT] has finished in [68] ms
12-Oct-2025 22:42:05.898 INFO [main] org.apache.coyote.AbstractProtocol.start Starting ProtocolHandler ["http-nio-8080"]
12-Oct-2025 22:42:05.962 INFO [main] org.apache.catalina.startup.Catalina.start Server startup in [2767] milliseconds
12-Oct-2025 23:05:12.638 INFO [main] org.apache.catalina.core.StandardServer.await A valid shutdown command was received via the shutdown port. Stopping the Server instance.
12-Oct-2025 23:05:12.638 INFO [main] org.apache.coyote.AbstractProtocol.pause Pausing ProtocolHandler ["http-nio-8080"]
12-Oct-2025 23:05:12.699 INFO [main] org.apache.catalina.core.StandardService.stopInternal Stopping service [Catalina]
12-Oct-2025 23:05:12.722 WARNING [main] org.apache.catalina.loader.WebappClassLoaderBase.clearReferencesJdbc The web application [Vehicle] registered the JDBC driver [com.mysql.cj.jdbc.Driver] but failed to unregister it when the web application was stopped. To prevent a memory leak, the JDBC Driver has been forcibly unregistered.
12-Oct-2025 23:05:12.723 WARNING [main] org.apache.catalina.loader.WebappClassLoaderBase.clearReferencesThreads The web application [Vehicle] appears to have started a thread named [mysql-cj-abandoned-connection-cleanup] but has failed to stop it. This is very likely to create a memory leak. Stack trace of thread:
 java.base@17.0.12/java.lang.Object.wait(Native Method)
 java.base@17.0.12/java.lang.ref.ReferenceQueue.remove(ReferenceQueue.java:155)
 com.mysql.cj.jdbc.AbandonedConnectionCleanupThread.run(AbandonedConnectionCleanupThread.java:91)
 java.base@17.0.12/java.util.concurrent.ThreadPoolExecutor.runWorker(ThreadPoolExecutor.java:1136)
 java.base@17.0.12/java.util.concurrent.ThreadPoolExecutor$Worker.run(ThreadPoolExecutor.java:635)
 java.base@17.0.12/java.lang.Thread.run(Thread.java:842)
12-Oct-2025 23:05:12.726 INFO [main] org.apache.coyote.AbstractProtocol.stop Stopping ProtocolHandler ["http-nio-8080"]
12-Oct-2025 23:05:12.739 INFO [main] org.apache.coyote.AbstractProtocol.destroy Destroying ProtocolHandler ["http-nio-8080"]
12-Oct-2025 23:05:15.596 INFO [main] org.apache.catalina.startup.VersionLoggerListener.log Server version name:   Apache Tomcat/9.0.93
12-Oct-2025 23:05:15.598 INFO [main] org.apache.catalina.startup.VersionLoggerListener.log Server built:          Aug 2 2024 21:24:59 UTC
12-Oct-2025 23:05:15.599 INFO [main] org.apache.catalina.startup.VersionLoggerListener.log Server version number: 9.0.93.0
12-Oct-2025 23:05:15.599 INFO [main] org.apache.catalina.startup.VersionLoggerListener.log OS Name:               Windows 11
12-Oct-2025 23:05:15.599 INFO [main] org.apache.catalina.startup.VersionLoggerListener.log OS Version:            10.0
12-Oct-2025 23:05:15.599 INFO [main] org.apache.catalina.startup.VersionLoggerListener.log Architecture:          amd64
12-Oct-2025 23:05:15.599 INFO [main] org.apache.catalina.startup.VersionLoggerListener.log Java Home:             C:\Program Files\Java\jdk-17
12-Oct-2025 23:05:15.599 INFO [main] org.apache.catalina.startup.VersionLoggerListener.log JVM Version:           17.0.12+8-LTS-286
12-Oct-2025 23:05:15.599 INFO [main] org.apache.catalina.startup.VersionLoggerListener.log JVM Vendor:            Oracle Corporation
12-Oct-2025 23:05:15.600 INFO [main] org.apache.catalina.startup.VersionLoggerListener.log CATALINA_BASE:         C:\Users\sande\Downloads\Vehicle-Management-System-Java-Servlet-main (2)\Vehicle-Management-System-Java-Servlet-main\Vehicle-Management-System-Java-Servlet-main\apache-tomcat-9.0.93
12-Oct-2025 23:05:15.600 INFO [main] org.apache.catalina.startup.VersionLoggerListener.log CATALINA_HOME:         C:\Users\sande\Downloads\Vehicle-Management-System-Java-Servlet-main (2)\Vehicle-Management-System-Java-Servlet-main\Vehicle-Management-System-Java-Servlet-main\apache-tomcat-9.0.93
12-Oct-2025 23:05:15.608 INFO [main] org.apache.catalina.startup.VersionLoggerListener.log Command line argument: --add-opens=java.base/java.lang=ALL-UNNAMED
12-Oct-2025 23:05:15.609 INFO [main] org.apache.catalina.startup.VersionLoggerListener.log Command line argument: --add-opens=java.base/java.io=ALL-UNNAMED
12-Oct-2025 23:05:15.609 INFO [main] org.apache.catalina.startup.VersionLoggerListener.log Command line argument: --add-opens=java.base/java.util=ALL-UNNAMED
12-Oct-2025 23:05:15.609 INFO [main] org.apache.catalina.startup.VersionLoggerListener.log Command line argument: --add-opens=java.base/java.util.concurrent=ALL-UNNAMED
12-Oct-2025 23:05:15.609 INFO [main] org.apache.catalina.startup.VersionLoggerListener.log Command line argument: --add-opens=java.rmi/sun.rmi.transport=ALL-UNNAMED
12-Oct-2025 23:05:15.609 INFO [main] org.apache.catalina.startup.VersionLoggerListener.log Command line argument: -Djava.util.logging.config.file=C:\Users\sande\Downloads\Vehicle-Management-System-Java-Servlet-main (2)\Vehicle-Management-System-Java-Servlet-main\Vehicle-Management-System-Java-Servlet-main\apache-tomcat-9.0.93\conf\logging.properties
12-Oct-2025 23:05:15.610 INFO [main] org.apache.catalina.startup.VersionLoggerListener.log Command line argument: -Djava.util.logging.manager=org.apache.juli.ClassLoaderLogManager
12-Oct-2025 23:05:15.610 INFO [main] org.apache.catalina.startup.VersionLoggerListener.log Command line argument: -Djdk.tls.ephemeralDHKeySize=2048
12-Oct-2025 23:05:15.610 INFO [main] org.apache.catalina.startup.VersionLoggerListener.log Command line argument: -Djava.protocol.handler.pkgs=org.apache.catalina.webresources
12-Oct-2025 23:05:15.610 INFO [main] org.apache.catalina.startup.VersionLoggerListener.log Command line argument: -Dignore.endorsed.dirs=
12-Oct-2025 23:05:15.611 INFO [main] org.apache.catalina.startup.VersionLoggerListener.log Command line argument: -Dcatalina.base=C:\Users\sande\Downloads\Vehicle-Management-System-Java-Servlet-main (2)\Vehicle-Management-System-Java-Servlet-main\Vehicle-Management-System-Java-Servlet-main\apache-tomcat-9.0.93
12-Oct-2025 23:05:15.611 INFO [main] org.apache.catalina.startup.VersionLoggerListener.log Command line argument: -Dcatalina.home=C:\Users\sande\Downloads\Vehicle-Management-System-Java-Servlet-main (2)\Vehicle-Management-System-Java-Servlet-main\Vehicle-Management-System-Java-Servlet-main\apache-tomcat-9.0.93
12-Oct-2025 23:05:15.611 INFO [main] org.apache.catalina.startup.VersionLoggerListener.log Command line argument: -Djava.io.tmpdir=C:\Users\sande\Downloads\Vehicle-Management-System-Java-Servlet-main (2)\Vehicle-Management-System-Java-Servlet-main\Vehicle-Management-System-Java-Servlet-main\apache-tomcat-9.0.93\temp
12-Oct-2025 23:05:15.614 INFO [main] org.apache.catalina.core.AprLifecycleListener.lifecycleEvent Loaded Apache Tomcat Native library [1.3.1] using APR version [1.7.4].
12-Oct-2025 23:05:15.615 INFO [main] org.apache.catalina.core.AprLifecycleListener.lifecycleEvent APR capabilities: IPv6 [true], sendfile [true], accept filters [false], random [true], UDS [true].
12-Oct-2025 23:05:15.615 INFO [main] org.apache.catalina.core.AprLifecycleListener.lifecycleEvent APR/OpenSSL configuration: useAprConnector [false], useOpenSSL [true]
12-Oct-2025 23:05:15.620 INFO [main] org.apache.catalina.core.AprLifecycleListener.initializeSSL OpenSSL successfully initialized [OpenSSL 3.0.14 4 Jun 2024]
12-Oct-2025 23:05:15.837 INFO [main] org.apache.coyote.AbstractProtocol.init Initializing ProtocolHandler ["http-nio-8080"]
12-Oct-2025 23:05:15.865 INFO [main] org.apache.catalina.startup.Catalina.load Server initialization in [422] milliseconds
12-Oct-2025 23:05:15.918 INFO [main] org.apache.catalina.core.StandardService.startInternal Starting service [Catalina]
12-Oct-2025 23:05:15.918 INFO [main] org.apache.catalina.core.StandardEngine.startInternal Starting Servlet engine: [Apache Tomcat/9.0.93]
12-Oct-2025 23:05:15.935 INFO [main] org.apache.catalina.startup.HostConfig.deployWAR Deploying web application archive [C:\Users\sande\Downloads\Vehicle-Management-System-Java-Servlet-main (2)\Vehicle-Management-System-Java-Servlet-main\Vehicle-Management-System-Java-Servlet-main\apache-tomcat-9.0.93\webapps\Vehicle.war]
12-Oct-2025 23:05:16.995 INFO [main] org.apache.jasper.servlet.TldScanner.scanJars At least one JAR was scanned for TLDs yet contained no TLDs. Enable debug logging for this logger for a complete list of JARs that were scanned but no TLDs were found in them. Skipping unneeded JARs during scanning can improve startup time and JSP compilation time.
12-Oct-2025 23:05:17.071 INFO [main] org.apache.catalina.startup.HostConfig.deployWAR Deployment of web application archive [C:\Users\sande\Downloads\Vehicle-Management-System-Java-Servlet-main (2)\Vehicle-Management-System-Java-Servlet-main\Vehicle-Management-System-Java-Servlet-main\apache-tomcat-9.0.93\webapps\Vehicle.war] has finished in [1,135] ms
12-Oct-2025 23:05:17.071 INFO [main] org.apache.catalina.startup.HostConfig.deployDirectory Deploying web application directory [C:\Users\sande\Downloads\Vehicle-Management-System-Java-Servlet-main (2)\Vehicle-Management-System-Java-Servlet-main\Vehicle-Management-System-Java-Servlet-main\apache-tomcat-9.0.93\webapps\docs]
12-Oct-2025 23:05:17.131 INFO [main] org.apache.jasper.servlet.TldScanner.scanJars At least one JAR was scanned for TLDs yet contained no TLDs. Enable debug logging for this logger for a complete list of JARs that were scanned but no TLDs were found in them. Skipping unneeded JARs during scanning can improve startup time and JSP compilation time.
12-Oct-2025 23:05:17.136 INFO [main] org.apache.catalina.startup.HostConfig.deployDirectory Deployment of web application directory [C:\Users\sande\Downloads\Vehicle-Management-System-Java-Servlet-main (2)\Vehicle-Management-System-Java-Servlet-main\Vehicle-Management-System-Java-Servlet-main\apache-tomcat-9.0.93\webapps\docs] has finished in [65] ms
12-Oct-2025 23:05:17.137 INFO [main] org.apache.catalina.startup.HostConfig.deployDirectory Deploying web application directory [C:\Users\sande\Downloads\Vehicle-Management-System-Java-Servlet-main (2)\Vehicle-Management-System-Java-Servlet-main\Vehicle-Management-System-Java-Servlet-main\apache-tomcat-9.0.93\webapps\examples]
12-Oct-2025 23:05:17.583 INFO [main] org.apache.jasper.servlet.TldScanner.scanJars At least one JAR was scanned for TLDs yet contained no TLDs. Enable debug logging for this logger for a complete list of JARs that were scanned but no TLDs were found in them. Skipping unneeded JARs during scanning can improve startup time and JSP compilation time.
12-Oct-2025 23:05:17.659 INFO [main] org.apache.catalina.startup.HostConfig.deployDirectory Deployment of web application directory [C:\Users\sande\Downloads\Vehicle-Management-System-Java-Servlet-main (2)\Vehicle-Management-System-Java-Servlet-main\Vehicle-Management-System-Java-Servlet-main\apache-tomcat-9.0.93\webapps\examples] has finished in [523] ms
12-Oct-2025 23:05:17.660 INFO [main] org.apache.catalina.startup.HostConfig.deployDirectory Deploying web application directory [C:\Users\sande\Downloads\Vehicle-Management-System-Java-Servlet-main (2)\Vehicle-Management-System-Java-Servlet-main\Vehicle-Management-System-Java-Servlet-main\apache-tomcat-9.0.93\webapps\host-manager]
12-Oct-2025 23:05:17.719 INFO [main] org.apache.jasper.servlet.TldScanner.scanJars At least one JAR was scanned for TLDs yet contained no TLDs. Enable debug logging for this logger for a complete list of JARs that were scanned but no TLDs were found in them. Skipping unneeded JARs during scanning can improve startup time and JSP compilation time.
12-Oct-2025 23:05:17.729 INFO [main] org.apache.catalina.startup.HostConfig.deployDirectory Deployment of web application directory [C:\Users\sande\Downloads\Vehicle-Management-System-Java-Servlet-main (2)\Vehicle-Management-System-Java-Servlet-main\Vehicle-Management-System-Java-Servlet-main\apache-tomcat-9.0.93\webapps\host-manager] has finished in [70] ms
12-Oct-2025 23:05:17.730 INFO [main] org.apache.catalina.startup.HostConfig.deployDirectory Deploying web application directory [C:\Users\sande\Downloads\Vehicle-Management-System-Java-Servlet-main (2)\Vehicle-Management-System-Java-Servlet-main\Vehicle-Management-System-Java-Servlet-main\apache-tomcat-9.0.93\webapps\manager]
12-Oct-2025 23:05:17.793 INFO [main] org.apache.jasper.servlet.TldScanner.scanJars At least one JAR was scanned for TLDs yet contained no TLDs. Enable debug logging for this logger for a complete list of JARs that were scanned but no TLDs were found in them. Skipping unneeded JARs during scanning can improve startup time and JSP compilation time.
12-Oct-2025 23:05:17.797 INFO [main] org.apache.catalina.startup.HostConfig.deployDirectory Deployment of web application directory [C:\Users\sande\Downloads\Vehicle-Management-System-Java-Servlet-main (2)\Vehicle-Management-System-Java-Servlet-main\Vehicle-Management-System-Java-Servlet-main\apache-tomcat-9.0.93\webapps\manager] has finished in [67] ms
12-Oct-2025 23:05:17.797 INFO [main] org.apache.catalina.startup.HostConfig.deployDirectory Deploying web application directory [C:\Users\sande\Downloads\Vehicle-Management-System-Java-Servlet-main (2)\Vehicle-Management-System-Java-Servlet-main\Vehicle-Management-System-Java-Servlet-main\apache-tomcat-9.0.93\webapps\ROOT]
12-Oct-2025 23:05:17.840 INFO [main] org.apache.jasper.servlet.TldScanner.scanJars At least one JAR was scanned for TLDs yet contained no TLDs. Enable debug logging for this logger for a complete list of JARs that were scanned but no TLDs were found in them. Skipping unneeded JARs during scanning can improve startup time and JSP compilation time.
12-Oct-2025 23:05:17.844 INFO [main] org.apache.catalina.startup.HostConfig.deployDirectory Deployment of web application directory [C:\Users\sande\Downloads\Vehicle-Management-System-Java-Servlet-main (2)\Vehicle-Management-System-Java-Servlet-main\Vehicle-Management-System-Java-Servlet-main\apache-tomcat-9.0.93\webapps\ROOT] has finished in [47] ms
12-Oct-2025 23:05:17.848 INFO [main] org.apache.coyote.AbstractProtocol.start Starting ProtocolHandler ["http-nio-8080"]
12-Oct-2025 23:05:17.887 INFO [main] org.apache.catalina.startup.Catalina.start Server startup in [2021] milliseconds
12-Oct-2025 23:10:03.242 INFO [main] org.apache.catalina.core.StandardServer.await A valid shutdown command was received via the shutdown port. Stopping the Server instance.
12-Oct-2025 23:10:03.244 INFO [main] org.apache.coyote.AbstractProtocol.pause Pausing ProtocolHandler ["http-nio-8080"]
12-Oct-2025 23:10:03.307 INFO [main] org.apache.catalina.core.StandardService.stopInternal Stopping service [Catalina]
12-Oct-2025 23:10:03.332 WARNING [main] org.apache.catalina.loader.WebappClassLoaderBase.clearReferencesJdbc The web application [Vehicle] registered the JDBC driver [com.mysql.cj.jdbc.Driver] but failed to unregister it when the web application was stopped. To prevent a memory leak, the JDBC Driver has been forcibly unregistered.
12-Oct-2025 23:10:03.332 WARNING [main] org.apache.catalina.loader.WebappClassLoaderBase.clearReferencesThreads The web application [Vehicle] appears to have started a thread named [mysql-cj-abandoned-connection-cleanup] but has failed to stop it. This is very likely to create a memory leak. Stack trace of thread:
 java.base@17.0.12/java.lang.Object.wait(Native Method)
 java.base@17.0.12/java.lang.ref.ReferenceQueue.remove(ReferenceQueue.java:155)
 com.mysql.cj.jdbc.AbandonedConnectionCleanupThread.run(AbandonedConnectionCleanupThread.java:91)
 java.base@17.0.12/java.util.concurrent.ThreadPoolExecutor.runWorker(ThreadPoolExecutor.java:1136)
 java.base@17.0.12/java.util.concurrent.ThreadPoolExecutor$Worker.run(ThreadPoolExecutor.java:635)
 java.base@17.0.12/java.lang.Thread.run(Thread.java:842)
12-Oct-2025 23:10:03.336 INFO [main] org.apache.coyote.AbstractProtocol.stop Stopping ProtocolHandler ["http-nio-8080"]
12-Oct-2025 23:10:03.350 INFO [main] org.apache.coyote.AbstractProtocol.destroy Destroying ProtocolHandler ["http-nio-8080"]
12-Oct-2025 23:10:06.206 INFO [main] org.apache.catalina.startup.VersionLoggerListener.log Server version name:   Apache Tomcat/9.0.93
12-Oct-2025 23:10:06.209 INFO [main] org.apache.catalina.startup.VersionLoggerListener.log Server built:          Aug 2 2024 21:24:59 UTC
12-Oct-2025 23:10:06.209 INFO [main] org.apache.catalina.startup.VersionLoggerListener.log Server version number: 9.0.93.0
12-Oct-2025 23:10:06.210 INFO [main] org.apache.catalina.startup.VersionLoggerListener.log OS Name:               Windows 11
12-Oct-2025 23:10:06.210 INFO [main] org.apache.catalina.startup.VersionLoggerListener.log OS Version:            10.0
12-Oct-2025 23:10:06.210 INFO [main] org.apache.catalina.startup.VersionLoggerListener.log Architecture:          amd64
12-Oct-2025 23:10:06.210 INFO [main] org.apache.catalina.startup.VersionLoggerListener.log Java Home:             C:\Program Files\Java\jdk-17
12-Oct-2025 23:10:06.210 INFO [main] org.apache.catalina.startup.VersionLoggerListener.log JVM Version:           17.0.12+8-LTS-286
12-Oct-2025 23:10:06.210 INFO [main] org.apache.catalina.startup.VersionLoggerListener.log JVM Vendor:            Oracle Corporation
12-Oct-2025 23:10:06.210 INFO [main] org.apache.catalina.startup.VersionLoggerListener.log CATALINA_BASE:         C:\Users\sande\Downloads\Vehicle-Management-System-Java-Servlet-main (2)\Vehicle-Management-System-Java-Servlet-main\Vehicle-Management-System-Java-Servlet-main\apache-tomcat-9.0.93
12-Oct-2025 23:10:06.211 INFO [main] org.apache.catalina.startup.VersionLoggerListener.log CATALINA_HOME:         C:\Users\sande\Downloads\Vehicle-Management-System-Java-Servlet-main (2)\Vehicle-Management-System-Java-Servlet-main\Vehicle-Management-System-Java-Servlet-main\apache-tomcat-9.0.93
12-Oct-2025 23:10:06.220 INFO [main] org.apache.catalina.startup.VersionLoggerListener.log Command line argument: --add-opens=java.base/java.lang=ALL-UNNAMED
12-Oct-2025 23:10:06.220 INFO [main] org.apache.catalina.startup.VersionLoggerListener.log Command line argument: --add-opens=java.base/java.io=ALL-UNNAMED
12-Oct-2025 23:10:06.221 INFO [main] org.apache.catalina.startup.VersionLoggerListener.log Command line argument: --add-opens=java.base/java.util=ALL-UNNAMED
12-Oct-2025 23:10:06.221 INFO [main] org.apache.catalina.startup.VersionLoggerListener.log Command line argument: --add-opens=java.base/java.util.concurrent=ALL-UNNAMED
12-Oct-2025 23:10:06.221 INFO [main] org.apache.catalina.startup.VersionLoggerListener.log Command line argument: --add-opens=java.rmi/sun.rmi.transport=ALL-UNNAMED
12-Oct-2025 23:10:06.221 INFO [main] org.apache.catalina.startup.VersionLoggerListener.log Command line argument: -Djava.util.logging.config.file=C:\Users\sande\Downloads\Vehicle-Management-System-Java-Servlet-main (2)\Vehicle-Management-System-Java-Servlet-main\Vehicle-Management-System-Java-Servlet-main\apache-tomcat-9.0.93\conf\logging.properties
12-Oct-2025 23:10:06.221 INFO [main] org.apache.catalina.startup.VersionLoggerListener.log Command line argument: -Djava.util.logging.manager=org.apache.juli.ClassLoaderLogManager
12-Oct-2025 23:10:06.221 INFO [main] org.apache.catalina.startup.VersionLoggerListener.log Command line argument: -Djdk.tls.ephemeralDHKeySize=2048
12-Oct-2025 23:10:06.221 INFO [main] org.apache.catalina.startup.VersionLoggerListener.log Command line argument: -Djava.protocol.handler.pkgs=org.apache.catalina.webresources
12-Oct-2025 23:10:06.222 INFO [main] org.apache.catalina.startup.VersionLoggerListener.log Command line argument: -Dignore.endorsed.dirs=
12-Oct-2025 23:10:06.222 INFO [main] org.apache.catalina.startup.VersionLoggerListener.log Command line argument: -Dcatalina.base=C:\Users\sande\Downloads\Vehicle-Management-System-Java-Servlet-main (2)\Vehicle-Management-System-Java-Servlet-main\Vehicle-Management-System-Java-Servlet-main\apache-tomcat-9.0.93
12-Oct-2025 23:10:06.222 INFO [main] org.apache.catalina.startup.VersionLoggerListener.log Command line argument: -Dcatalina.home=C:\Users\sande\Downloads\Vehicle-Management-System-Java-Servlet-main (2)\Vehicle-Management-System-Java-Servlet-main\Vehicle-Management-System-Java-Servlet-main\apache-tomcat-9.0.93
12-Oct-2025 23:10:06.222 INFO [main] org.apache.catalina.startup.VersionLoggerListener.log Command line argument: -Djava.io.tmpdir=C:\Users\sande\Downloads\Vehicle-Management-System-Java-Servlet-main (2)\Vehicle-Management-System-Java-Servlet-main\Vehicle-Management-System-Java-Servlet-main\apache-tomcat-9.0.93\temp
12-Oct-2025 23:10:06.225 INFO [main] org.apache.catalina.core.AprLifecycleListener.lifecycleEvent Loaded Apache Tomcat Native library [1.3.1] using APR version [1.7.4].
12-Oct-2025 23:10:06.225 INFO [main] org.apache.catalina.core.AprLifecycleListener.lifecycleEvent APR capabilities: IPv6 [true], sendfile [true], accept filters [false], random [true], UDS [true].
12-Oct-2025 23:10:06.226 INFO [main] org.apache.catalina.core.AprLifecycleListener.lifecycleEvent APR/OpenSSL configuration: useAprConnector [false], useOpenSSL [true]
12-Oct-2025 23:10:06.231 INFO [main] org.apache.catalina.core.AprLifecycleListener.initializeSSL OpenSSL successfully initialized [OpenSSL 3.0.14 4 Jun 2024]
12-Oct-2025 23:10:06.452 INFO [main] org.apache.coyote.AbstractProtocol.init Initializing ProtocolHandler ["http-nio-8080"]
12-Oct-2025 23:10:06.480 INFO [main] org.apache.catalina.startup.Catalina.load Server initialization in [423] milliseconds
12-Oct-2025 23:10:06.534 INFO [main] org.apache.catalina.core.StandardService.startInternal Starting service [Catalina]
12-Oct-2025 23:10:06.534 INFO [main] org.apache.catalina.core.StandardEngine.startInternal Starting Servlet engine: [Apache Tomcat/9.0.93]
12-Oct-2025 23:10:06.553 INFO [main] org.apache.catalina.startup.HostConfig.deployWAR Deploying web application archive [C:\Users\sande\Downloads\Vehicle-Management-System-Java-Servlet-main (2)\Vehicle-Management-System-Java-Servlet-main\Vehicle-Management-System-Java-Servlet-main\apache-tomcat-9.0.93\webapps\Vehicle.war]
12-Oct-2025 23:10:07.618 INFO [main] org.apache.jasper.servlet.TldScanner.scanJars At least one JAR was scanned for TLDs yet contained no TLDs. Enable debug logging for this logger for a complete list of JARs that were scanned but no TLDs were found in them. Skipping unneeded JARs during scanning can improve startup time and JSP compilation time.
12-Oct-2025 23:10:07.698 INFO [main] org.apache.catalina.startup.HostConfig.deployWAR Deployment of web application archive [C:\Users\sande\Downloads\Vehicle-Management-System-Java-Servlet-main (2)\Vehicle-Management-System-Java-Servlet-main\Vehicle-Management-System-Java-Servlet-main\apache-tomcat-9.0.93\webapps\Vehicle.war] has finished in [1,145] ms
12-Oct-2025 23:10:07.699 INFO [main] org.apache.catalina.startup.HostConfig.deployDirectory Deploying web application directory [C:\Users\sande\Downloads\Vehicle-Management-System-Java-Servlet-main (2)\Vehicle-Management-System-Java-Servlet-main\Vehicle-Management-System-Java-Servlet-main\apache-tomcat-9.0.93\webapps\docs]
12-Oct-2025 23:10:07.758 INFO [main] org.apache.jasper.servlet.TldScanner.scanJars At least one JAR was scanned for TLDs yet contained no TLDs. Enable debug logging for this logger for a complete list of JARs that were scanned but no TLDs were found in them. Skipping unneeded JARs during scanning can improve startup time and JSP compilation time.
12-Oct-2025 23:10:07.765 INFO [main] org.apache.catalina.startup.HostConfig.deployDirectory Deployment of web application directory [C:\Users\sande\Downloads\Vehicle-Management-System-Java-Servlet-main (2)\Vehicle-Management-System-Java-Servlet-main\Vehicle-Management-System-Java-Servlet-main\apache-tomcat-9.0.93\webapps\docs] has finished in [66] ms
12-Oct-2025 23:10:07.765 INFO [main] org.apache.catalina.startup.HostConfig.deployDirectory Deploying web application directory [C:\Users\sande\Downloads\Vehicle-Management-System-Java-Servlet-main (2)\Vehicle-Management-System-Java-Servlet-main\Vehicle-Management-System-Java-Servlet-main\apache-tomcat-9.0.93\webapps\examples]
12-Oct-2025 23:10:08.201 INFO [main] org.apache.jasper.servlet.TldScanner.scanJars At least one JAR was scanned for TLDs yet contained no TLDs. Enable debug logging for this logger for a complete list of JARs that were scanned but no TLDs were found in them. Skipping unneeded JARs during scanning can improve startup time and JSP compilation time.
12-Oct-2025 23:10:08.276 INFO [main] org.apache.catalina.startup.HostConfig.deployDirectory Deployment of web application directory [C:\Users\sande\Downloads\Vehicle-Management-System-Java-Servlet-main (2)\Vehicle-Management-System-Java-Servlet-main\Vehicle-Management-System-Java-Servlet-main\apache-tomcat-9.0.93\webapps\examples] has finished in [511] ms
12-Oct-2025 23:10:08.276 INFO [main] org.apache.catalina.startup.HostConfig.deployDirectory Deploying web application directory [C:\Users\sande\Downloads\Vehicle-Management-System-Java-Servlet-main (2)\Vehicle-Management-System-Java-Servlet-main\Vehicle-Management-System-Java-Servlet-main\apache-tomcat-9.0.93\webapps\host-manager]
12-Oct-2025 23:10:08.332 INFO [main] org.apache.jasper.servlet.TldScanner.scanJars At least one JAR was scanned for TLDs yet contained no TLDs. Enable debug logging for this logger for a complete list of JARs that were scanned but no TLDs were found in them. Skipping unneeded JARs during scanning can improve startup time and JSP compilation time.
12-Oct-2025 23:10:08.342 INFO [main] org.apache.catalina.startup.HostConfig.deployDirectory Deployment of web application directory [C:\Users\sande\Downloads\Vehicle-Management-System-Java-Servlet-main (2)\Vehicle-Management-System-Java-Servlet-main\Vehicle-Management-System-Java-Servlet-main\apache-tomcat-9.0.93\webapps\host-manager] has finished in [66] ms
12-Oct-2025 23:10:08.342 INFO [main] org.apache.catalina.startup.HostConfig.deployDirectory Deploying web application directory [C:\Users\sande\Downloads\Vehicle-Management-System-Java-Servlet-main (2)\Vehicle-Management-System-Java-Servlet-main\Vehicle-Management-System-Java-Servlet-main\apache-tomcat-9.0.93\webapps\manager]
12-Oct-2025 23:10:08.407 INFO [main] org.apache.jasper.servlet.TldScanner.scanJars At least one JAR was scanned for TLDs yet contained no TLDs. Enable debug logging for this logger for a complete list of JARs that were scanned but no TLDs were found in them. Skipping unneeded JARs during scanning can improve startup time and JSP compilation time.
12-Oct-2025 23:10:08.411 INFO [main] org.apache.catalina.startup.HostConfig.deployDirectory Deployment of web application directory [C:\Users\sande\Downloads\Vehicle-Management-System-Java-Servlet-main (2)\Vehicle-Management-System-Java-Servlet-main\Vehicle-Management-System-Java-Servlet-main\apache-tomcat-9.0.93\webapps\manager] has finished in [69] ms
12-Oct-2025 23:10:08.412 INFO [main] org.apache.catalina.startup.HostConfig.deployDirectory Deploying web application directory [C:\Users\sande\Downloads\Vehicle-Management-System-Java-Servlet-main (2)\Vehicle-Management-System-Java-Servlet-main\Vehicle-Management-System-Java-Servlet-main\apache-tomcat-9.0.93\webapps\ROOT]
12-Oct-2025 23:10:08.454 INFO [main] org.apache.jasper.servlet.TldScanner.scanJars At least one JAR was scanned for TLDs yet contained no TLDs. Enable debug logging for this logger for a complete list of JARs that were scanned but no TLDs were found in them. Skipping unneeded JARs during scanning can improve startup time and JSP compilation time.
12-Oct-2025 23:10:08.457 INFO [main] org.apache.catalina.startup.HostConfig.deployDirectory Deployment of web application directory [C:\Users\sande\Downloads\Vehicle-Management-System-Java-Servlet-main (2)\Vehicle-Management-System-Java-Servlet-main\Vehicle-Management-System-Java-Servlet-main\apache-tomcat-9.0.93\webapps\ROOT] has finished in [45] ms
12-Oct-2025 23:10:08.461 INFO [main] org.apache.coyote.AbstractProtocol.start Starting ProtocolHandler ["http-nio-8080"]
12-Oct-2025 23:10:08.500 INFO [main] org.apache.catalina.startup.Catalina.start Server startup in [2019] milliseconds
12-Oct-2025 23:15:10.158 INFO [main] org.apache.catalina.core.StandardServer.await A valid shutdown command was received via the shutdown port. Stopping the Server instance.
12-Oct-2025 23:15:10.159 INFO [main] org.apache.coyote.AbstractProtocol.pause Pausing ProtocolHandler ["http-nio-8080"]
12-Oct-2025 23:15:10.221 INFO [main] org.apache.catalina.core.StandardService.stopInternal Stopping service [Catalina]
12-Oct-2025 23:15:10.242 WARNING [main] org.apache.catalina.loader.WebappClassLoaderBase.clearReferencesJdbc The web application [Vehicle] registered the JDBC driver [com.mysql.cj.jdbc.Driver] but failed to unregister it when the web application was stopped. To prevent a memory leak, the JDBC Driver has been forcibly unregistered.
12-Oct-2025 23:15:10.242 WARNING [main] org.apache.catalina.loader.WebappClassLoaderBase.clearReferencesThreads The web application [Vehicle] appears to have started a thread named [mysql-cj-abandoned-connection-cleanup] but has failed to stop it. This is very likely to create a memory leak. Stack trace of thread:
 java.base@17.0.12/java.lang.Object.wait(Native Method)
 java.base@17.0.12/java.lang.ref.ReferenceQueue.remove(ReferenceQueue.java:155)
 com.mysql.cj.jdbc.AbandonedConnectionCleanupThread.run(AbandonedConnectionCleanupThread.java:91)
 java.base@17.0.12/java.util.concurrent.ThreadPoolExecutor.runWorker(ThreadPoolExecutor.java:1136)
 java.base@17.0.12/java.util.concurrent.ThreadPoolExecutor$Worker.run(ThreadPoolExecutor.java:635)
 java.base@17.0.12/java.lang.Thread.run(Thread.java:842)
12-Oct-2025 23:15:10.245 INFO [main] org.apache.coyote.AbstractProtocol.stop Stopping ProtocolHandler ["http-nio-8080"]
12-Oct-2025 23:15:10.256 INFO [main] org.apache.coyote.AbstractProtocol.destroy Destroying ProtocolHandler ["http-nio-8080"]
12-Oct-2025 23:15:13.097 INFO [main] org.apache.catalina.startup.VersionLoggerListener.log Server version name:   Apache Tomcat/9.0.93
12-Oct-2025 23:15:13.100 INFO [main] org.apache.catalina.startup.VersionLoggerListener.log Server built:          Aug 2 2024 21:24:59 UTC
12-Oct-2025 23:15:13.100 INFO [main] org.apache.catalina.startup.VersionLoggerListener.log Server version number: 9.0.93.0
12-Oct-2025 23:15:13.100 INFO [main] org.apache.catalina.startup.VersionLoggerListener.log OS Name:               Windows 11
12-Oct-2025 23:15:13.100 INFO [main] org.apache.catalina.startup.VersionLoggerListener.log OS Version:            10.0
12-Oct-2025 23:15:13.101 INFO [main] org.apache.catalina.startup.VersionLoggerListener.log Architecture:          amd64
12-Oct-2025 23:15:13.101 INFO [main] org.apache.catalina.startup.VersionLoggerListener.log Java Home:             C:\Program Files\Java\jdk-17
12-Oct-2025 23:15:13.101 INFO [main] org.apache.catalina.startup.VersionLoggerListener.log JVM Version:           17.0.12+8-LTS-286
12-Oct-2025 23:15:13.101 INFO [main] org.apache.catalina.startup.VersionLoggerListener.log JVM Vendor:            Oracle Corporation
12-Oct-2025 23:15:13.101 INFO [main] org.apache.catalina.startup.VersionLoggerListener.log CATALINA_BASE:         C:\Users\sande\Downloads\Vehicle-Management-System-Java-Servlet-main (2)\Vehicle-Management-System-Java-Servlet-main\Vehicle-Management-System-Java-Servlet-main\apache-tomcat-9.0.93
12-Oct-2025 23:15:13.101 INFO [main] org.apache.catalina.startup.VersionLoggerListener.log CATALINA_HOME:         C:\Users\sande\Downloads\Vehicle-Management-System-Java-Servlet-main (2)\Vehicle-Management-System-Java-Servlet-main\Vehicle-Management-System-Java-Servlet-main\apache-tomcat-9.0.93
12-Oct-2025 23:15:13.111 INFO [main] org.apache.catalina.startup.VersionLoggerListener.log Command line argument: --add-opens=java.base/java.lang=ALL-UNNAMED
12-Oct-2025 23:15:13.111 INFO [main] org.apache.catalina.startup.VersionLoggerListener.log Command line argument: --add-opens=java.base/java.io=ALL-UNNAMED
12-Oct-2025 23:15:13.111 INFO [main] org.apache.catalina.startup.VersionLoggerListener.log Command line argument: --add-opens=java.base/java.util=ALL-UNNAMED
12-Oct-2025 23:15:13.111 INFO [main] org.apache.catalina.startup.VersionLoggerListener.log Command line argument: --add-opens=java.base/java.util.concurrent=ALL-UNNAMED
12-Oct-2025 23:15:13.112 INFO [main] org.apache.catalina.startup.VersionLoggerListener.log Command line argument: --add-opens=java.rmi/sun.rmi.transport=ALL-UNNAMED
12-Oct-2025 23:15:13.112 INFO [main] org.apache.catalina.startup.VersionLoggerListener.log Command line argument: -Djava.util.logging.config.file=C:\Users\sande\Downloads\Vehicle-Management-System-Java-Servlet-main (2)\Vehicle-Management-System-Java-Servlet-main\Vehicle-Management-System-Java-Servlet-main\apache-tomcat-9.0.93\conf\logging.properties
12-Oct-2025 23:15:13.112 INFO [main] org.apache.catalina.startup.VersionLoggerListener.log Command line argument: -Djava.util.logging.manager=org.apache.juli.ClassLoaderLogManager
12-Oct-2025 23:15:13.112 INFO [main] org.apache.catalina.startup.VersionLoggerListener.log Command line argument: -Djdk.tls.ephemeralDHKeySize=2048
12-Oct-2025 23:15:13.112 INFO [main] org.apache.catalina.startup.VersionLoggerListener.log Command line argument: -Djava.protocol.handler.pkgs=org.apache.catalina.webresources
12-Oct-2025 23:15:13.113 INFO [main] org.apache.catalina.startup.VersionLoggerListener.log Command line argument: -Dignore.endorsed.dirs=
12-Oct-2025 23:15:13.113 INFO [main] org.apache.catalina.startup.VersionLoggerListener.log Command line argument: -Dcatalina.base=C:\Users\sande\Downloads\Vehicle-Management-System-Java-Servlet-main (2)\Vehicle-Management-System-Java-Servlet-main\Vehicle-Management-System-Java-Servlet-main\apache-tomcat-9.0.93
12-Oct-2025 23:15:13.113 INFO [main] org.apache.catalina.startup.VersionLoggerListener.log Command line argument: -Dcatalina.home=C:\Users\sande\Downloads\Vehicle-Management-System-Java-Servlet-main (2)\Vehicle-Management-System-Java-Servlet-main\Vehicle-Management-System-Java-Servlet-main\apache-tomcat-9.0.93
12-Oct-2025 23:15:13.113 INFO [main] org.apache.catalina.startup.VersionLoggerListener.log Command line argument: -Djava.io.tmpdir=C:\Users\sande\Downloads\Vehicle-Management-System-Java-Servlet-main (2)\Vehicle-Management-System-Java-Servlet-main\Vehicle-Management-System-Java-Servlet-main\apache-tomcat-9.0.93\temp
12-Oct-2025 23:15:13.117 INFO [main] org.apache.catalina.core.AprLifecycleListener.lifecycleEvent Loaded Apache Tomcat Native library [1.3.1] using APR version [1.7.4].
12-Oct-2025 23:15:13.117 INFO [main] org.apache.catalina.core.AprLifecycleListener.lifecycleEvent APR capabilities: IPv6 [true], sendfile [true], accept filters [false], random [true], UDS [true].
12-Oct-2025 23:15:13.117 INFO [main] org.apache.catalina.core.AprLifecycleListener.lifecycleEvent APR/OpenSSL configuration: useAprConnector [false], useOpenSSL [true]
12-Oct-2025 23:15:13.124 INFO [main] org.apache.catalina.core.AprLifecycleListener.initializeSSL OpenSSL successfully initialized [OpenSSL 3.0.14 4 Jun 2024]
12-Oct-2025 23:15:13.379 INFO [main] org.apache.coyote.AbstractProtocol.init Initializing ProtocolHandler ["http-nio-8080"]
12-Oct-2025 23:15:13.405 INFO [main] org.apache.catalina.startup.Catalina.load Server initialization in [461] milliseconds
12-Oct-2025 23:15:13.473 INFO [main] org.apache.catalina.core.StandardService.startInternal Starting service [Catalina]
12-Oct-2025 23:15:13.473 INFO [main] org.apache.catalina.core.StandardEngine.startInternal Starting Servlet engine: [Apache Tomcat/9.0.93]
12-Oct-2025 23:15:13.496 INFO [main] org.apache.catalina.startup.HostConfig.deployWAR Deploying web application archive [C:\Users\sande\Downloads\Vehicle-Management-System-Java-Servlet-main (2)\Vehicle-Management-System-Java-Servlet-main\Vehicle-Management-System-Java-Servlet-main\apache-tomcat-9.0.93\webapps\Vehicle.war]
12-Oct-2025 23:15:14.571 INFO [main] org.apache.jasper.servlet.TldScanner.scanJars At least one JAR was scanned for TLDs yet contained no TLDs. Enable debug logging for this logger for a complete list of JARs that were scanned but no TLDs were found in them. Skipping unneeded JARs during scanning can improve startup time and JSP compilation time.
12-Oct-2025 23:15:14.651 INFO [main] org.apache.catalina.startup.HostConfig.deployWAR Deployment of web application archive [C:\Users\sande\Downloads\Vehicle-Management-System-Java-Servlet-main (2)\Vehicle-Management-System-Java-Servlet-main\Vehicle-Management-System-Java-Servlet-main\apache-tomcat-9.0.93\webapps\Vehicle.war] has finished in [1,155] ms
12-Oct-2025 23:15:14.652 INFO [main] org.apache.catalina.startup.HostConfig.deployDirectory Deploying web application directory [C:\Users\sande\Downloads\Vehicle-Management-System-Java-Servlet-main (2)\Vehicle-Management-System-Java-Servlet-main\Vehicle-Management-System-Java-Servlet-main\apache-tomcat-9.0.93\webapps\docs]
12-Oct-2025 23:15:14.710 INFO [main] org.apache.jasper.servlet.TldScanner.scanJars At least one JAR was scanned for TLDs yet contained no TLDs. Enable debug logging for this logger for a complete list of JARs that were scanned but no TLDs were found in them. Skipping unneeded JARs during scanning can improve startup time and JSP compilation time.
12-Oct-2025 23:15:14.715 INFO [main] org.apache.catalina.startup.HostConfig.deployDirectory Deployment of web application directory [C:\Users\sande\Downloads\Vehicle-Management-System-Java-Servlet-main (2)\Vehicle-Management-System-Java-Servlet-main\Vehicle-Management-System-Java-Servlet-main\apache-tomcat-9.0.93\webapps\docs] has finished in [63] ms
12-Oct-2025 23:15:14.715 INFO [main] org.apache.catalina.startup.HostConfig.deployDirectory Deploying web application directory [C:\Users\sande\Downloads\Vehicle-Management-System-Java-Servlet-main (2)\Vehicle-Management-System-Java-Servlet-main\Vehicle-Management-System-Java-Servlet-main\apache-tomcat-9.0.93\webapps\examples]
12-Oct-2025 23:15:15.165 INFO [main] org.apache.jasper.servlet.TldScanner.scanJars At least one JAR was scanned for TLDs yet contained no TLDs. Enable debug logging for this logger for a complete list of JARs that were scanned but no TLDs were found in them. Skipping unneeded JARs during scanning can improve startup time and JSP compilation time.
12-Oct-2025 23:15:15.243 INFO [main] org.apache.catalina.startup.HostConfig.deployDirectory Deployment of web application directory [C:\Users\sande\Downloads\Vehicle-Management-System-Java-Servlet-main (2)\Vehicle-Management-System-Java-Servlet-main\Vehicle-Management-System-Java-Servlet-main\apache-tomcat-9.0.93\webapps\examples] has finished in [527] ms
12-Oct-2025 23:15:15.243 INFO [main] org.apache.catalina.startup.HostConfig.deployDirectory Deploying web application directory [C:\Users\sande\Downloads\Vehicle-Management-System-Java-Servlet-main (2)\Vehicle-Management-System-Java-Servlet-main\Vehicle-Management-System-Java-Servlet-main\apache-tomcat-9.0.93\webapps\host-manager]
12-Oct-2025 23:15:15.303 INFO [main] org.apache.jasper.servlet.TldScanner.scanJars At least one JAR was scanned for TLDs yet contained no TLDs. Enable debug logging for this logger for a complete list of JARs that were scanned but no TLDs were found in them. Skipping unneeded JARs during scanning can improve startup time and JSP compilation time.
12-Oct-2025 23:15:15.312 INFO [main] org.apache.catalina.startup.HostConfig.deployDirectory Deployment of web application directory [C:\Users\sande\Downloads\Vehicle-Management-System-Java-Servlet-main (2)\Vehicle-Management-System-Java-Servlet-main\Vehicle-Management-System-Java-Servlet-main\apache-tomcat-9.0.93\webapps\host-manager] has finished in [68] ms
12-Oct-2025 23:15:15.312 INFO [main] org.apache.catalina.startup.HostConfig.deployDirectory Deploying web application directory [C:\Users\sande\Downloads\Vehicle-Management-System-Java-Servlet-main (2)\Vehicle-Management-System-Java-Servlet-main\Vehicle-Management-System-Java-Servlet-main\apache-tomcat-9.0.93\webapps\manager]
12-Oct-2025 23:15:15.376 INFO [main] org.apache.jasper.servlet.TldScanner.scanJars At least one JAR was scanned for TLDs yet contained no TLDs. Enable debug logging for this logger for a complete list of JARs that were scanned but no TLDs were found in them. Skipping unneeded JARs during scanning can improve startup time and JSP compilation time.
12-Oct-2025 23:15:15.380 INFO [main] org.apache.catalina.startup.HostConfig.deployDirectory Deployment of web application directory [C:\Users\sande\Downloads\Vehicle-Management-System-Java-Servlet-main (2)\Vehicle-Management-System-Java-Servlet-main\Vehicle-Management-System-Java-Servlet-main\apache-tomcat-9.0.93\webapps\manager] has finished in [68] ms
12-Oct-2025 23:15:15.381 INFO [main] org.apache.catalina.startup.HostConfig.deployDirectory Deploying web application directory [C:\Users\sande\Downloads\Vehicle-Management-System-Java-Servlet-main (2)\Vehicle-Management-System-Java-Servlet-main\Vehicle-Management-System-Java-Servlet-main\apache-tomcat-9.0.93\webapps\ROOT]
12-Oct-2025 23:15:15.424 INFO [main] org.apache.jasper.servlet.TldScanner.scanJars At least one JAR was scanned for TLDs yet contained no TLDs. Enable debug logging for this logger for a complete list of JARs that were scanned but no TLDs were found in them. Skipping unneeded JARs during scanning can improve startup time and JSP compilation time.
12-Oct-2025 23:15:15.427 INFO [main] org.apache.catalina.startup.HostConfig.deployDirectory Deployment of web application directory [C:\Users\sande\Downloads\Vehicle-Management-System-Java-Servlet-main (2)\Vehicle-Management-System-Java-Servlet-main\Vehicle-Management-System-Java-Servlet-main\apache-tomcat-9.0.93\webapps\ROOT] has finished in [46] ms
12-Oct-2025 23:15:15.431 INFO [main] org.apache.coyote.AbstractProtocol.start Starting ProtocolHandler ["http-nio-8080"]
12-Oct-2025 23:15:15.470 INFO [main] org.apache.catalina.startup.Catalina.start Server startup in [2063] milliseconds
12-Oct-2025 23:59:31.321 INFO [main] org.apache.catalina.startup.VersionLoggerListener.log Server version name:   Apache Tomcat/9.0.93
12-Oct-2025 23:59:31.328 INFO [main] org.apache.catalina.startup.VersionLoggerListener.log Server built:          Aug 2 2024 21:24:59 UTC
12-Oct-2025 23:59:31.328 INFO [main] org.apache.catalina.startup.VersionLoggerListener.log Server version number: 9.0.93.0
12-Oct-2025 23:59:31.329 INFO [main] org.apache.catalina.startup.VersionLoggerListener.log OS Name:               Windows 11
12-Oct-2025 23:59:31.329 INFO [main] org.apache.catalina.startup.VersionLoggerListener.log OS Version:            10.0
12-Oct-2025 23:59:31.329 INFO [main] org.apache.catalina.startup.VersionLoggerListener.log Architecture:          amd64
12-Oct-2025 23:59:31.330 INFO [main] org.apache.catalina.startup.VersionLoggerListener.log Java Home:             C:\Program Files\Java\jdk-17
12-Oct-2025 23:59:31.330 INFO [main] org.apache.catalina.startup.VersionLoggerListener.log JVM Version:           17.0.12+8-LTS-286
12-Oct-2025 23:59:31.330 INFO [main] org.apache.catalina.startup.VersionLoggerListener.log JVM Vendor:            Oracle Corporation
12-Oct-2025 23:59:31.331 INFO [main] org.apache.catalina.startup.VersionLoggerListener.log CATALINA_BASE:         C:\Users\sande\Downloads\Vehicle-Management-System-Java-Servlet-main (2)\Vehicle-Management-System-Java-Servlet-main\Vehicle-Management-System-Java-Servlet-main\apache-tomcat-9.0.93
12-Oct-2025 23:59:31.331 INFO [main] org.apache.catalina.startup.VersionLoggerListener.log CATALINA_HOME:         C:\Users\sande\Downloads\Vehicle-Management-System-Java-Servlet-main (2)\Vehicle-Management-System-Java-Servlet-main\Vehicle-Management-System-Java-Servlet-main\apache-tomcat-9.0.93
12-Oct-2025 23:59:31.363 INFO [main] org.apache.catalina.startup.VersionLoggerListener.log Command line argument: --add-opens=java.base/java.lang=ALL-UNNAMED
12-Oct-2025 23:59:31.363 INFO [main] org.apache.catalina.startup.VersionLoggerListener.log Command line argument: --add-opens=java.base/java.io=ALL-UNNAMED
12-Oct-2025 23:59:31.364 INFO [main] org.apache.catalina.startup.VersionLoggerListener.log Command line argument: --add-opens=java.base/java.util=ALL-UNNAMED
12-Oct-2025 23:59:31.364 INFO [main] org.apache.catalina.startup.VersionLoggerListener.log Command line argument: --add-opens=java.base/java.util.concurrent=ALL-UNNAMED
12-Oct-2025 23:59:31.364 INFO [main] org.apache.catalina.startup.VersionLoggerListener.log Command line argument: --add-opens=java.rmi/sun.rmi.transport=ALL-UNNAMED
12-Oct-2025 23:59:31.365 INFO [main] org.apache.catalina.startup.VersionLoggerListener.log Command line argument: -Djava.util.logging.config.file=C:\Users\sande\Downloads\Vehicle-Management-System-Java-Servlet-main (2)\Vehicle-Management-System-Java-Servlet-main\Vehicle-Management-System-Java-Servlet-main\apache-tomcat-9.0.93\conf\logging.properties
12-Oct-2025 23:59:31.365 INFO [main] org.apache.catalina.startup.VersionLoggerListener.log Command line argument: -Djava.util.logging.manager=org.apache.juli.ClassLoaderLogManager
12-Oct-2025 23:59:31.365 INFO [main] org.apache.catalina.startup.VersionLoggerListener.log Command line argument: -Djdk.tls.ephemeralDHKeySize=2048
12-Oct-2025 23:59:31.366 INFO [main] org.apache.catalina.startup.VersionLoggerListener.log Command line argument: -Djava.protocol.handler.pkgs=org.apache.catalina.webresources
12-Oct-2025 23:59:31.366 INFO [main] org.apache.catalina.startup.VersionLoggerListener.log Command line argument: -Dignore.endorsed.dirs=
12-Oct-2025 23:59:31.367 INFO [main] org.apache.catalina.startup.VersionLoggerListener.log Command line argument: -Dcatalina.base=C:\Users\sande\Downloads\Vehicle-Management-System-Java-Servlet-main (2)\Vehicle-Management-System-Java-Servlet-main\Vehicle-Management-System-Java-Servlet-main\apache-tomcat-9.0.93
12-Oct-2025 23:59:31.367 INFO [main] org.apache.catalina.startup.VersionLoggerListener.log Command line argument: -Dcatalina.home=C:\Users\sande\Downloads\Vehicle-Management-System-Java-Servlet-main (2)\Vehicle-Management-System-Java-Servlet-main\Vehicle-Management-System-Java-Servlet-main\apache-tomcat-9.0.93
12-Oct-2025 23:59:31.367 INFO [main] org.apache.catalina.startup.VersionLoggerListener.log Command line argument: -Djava.io.tmpdir=C:\Users\sande\Downloads\Vehicle-Management-System-Java-Servlet-main (2)\Vehicle-Management-System-Java-Servlet-main\Vehicle-Management-System-Java-Servlet-main\apache-tomcat-9.0.93\temp
12-Oct-2025 23:59:31.376 INFO [main] org.apache.catalina.core.AprLifecycleListener.lifecycleEvent Loaded Apache Tomcat Native library [1.3.1] using APR version [1.7.4].
12-Oct-2025 23:59:31.376 INFO [main] org.apache.catalina.core.AprLifecycleListener.lifecycleEvent APR capabilities: IPv6 [true], sendfile [true], accept filters [false], random [true], UDS [true].
12-Oct-2025 23:59:31.377 INFO [main] org.apache.catalina.core.AprLifecycleListener.lifecycleEvent APR/OpenSSL configuration: useAprConnector [false], useOpenSSL [true]
12-Oct-2025 23:59:31.390 INFO [main] org.apache.catalina.core.AprLifecycleListener.initializeSSL OpenSSL successfully initialized [OpenSSL 3.0.14 4 Jun 2024]
12-Oct-2025 23:59:31.889 INFO [main] org.apache.coyote.AbstractProtocol.init Initializing ProtocolHandler ["http-nio-8080"]
12-Oct-2025 23:59:31.944 INFO [main] org.apache.catalina.startup.Catalina.load Server initialization in [985] milliseconds
12-Oct-2025 23:59:32.061 INFO [main] org.apache.catalina.core.StandardService.startInternal Starting service [Catalina]
12-Oct-2025 23:59:32.062 INFO [main] org.apache.catalina.core.StandardEngine.startInternal Starting Servlet engine: [Apache Tomcat/9.0.93]
12-Oct-2025 23:59:32.096 INFO [main] org.apache.catalina.startup.HostConfig.deployWAR Deploying web application archive [C:\Users\sande\Downloads\Vehicle-Management-System-Java-Servlet-main (2)\Vehicle-Management-System-Java-Servlet-main\Vehicle-Management-System-Java-Servlet-main\apache-tomcat-9.0.93\webapps\Vehicle.war]
12-Oct-2025 23:59:34.612 INFO [main] org.apache.jasper.servlet.TldScanner.scanJars At least one JAR was scanned for TLDs yet contained no TLDs. Enable debug logging for this logger for a complete list of JARs that were scanned but no TLDs were found in them. Skipping unneeded JARs during scanning can improve startup time and JSP compilation time.
12-Oct-2025 23:59:34.756 INFO [main] org.apache.catalina.startup.HostConfig.deployWAR Deployment of web application archive [C:\Users\sande\Downloads\Vehicle-Management-System-Java-Servlet-main (2)\Vehicle-Management-System-Java-Servlet-main\Vehicle-Management-System-Java-Servlet-main\apache-tomcat-9.0.93\webapps\Vehicle.war] has finished in [2,659] ms
12-Oct-2025 23:59:34.758 INFO [main] org.apache.catalina.startup.HostConfig.deployDirectory Deploying web application directory [C:\Users\sande\Downloads\Vehicle-Management-System-Java-Servlet-main (2)\Vehicle-Management-System-Java-Servlet-main\Vehicle-Management-System-Java-Servlet-main\apache-tomcat-9.0.93\webapps\docs]
12-Oct-2025 23:59:34.915 INFO [main] org.apache.jasper.servlet.TldScanner.scanJars At least one JAR was scanned for TLDs yet contained no TLDs. Enable debug logging for this logger for a complete list of JARs that were scanned but no TLDs were found in them. Skipping unneeded JARs during scanning can improve startup time and JSP compilation time.
12-Oct-2025 23:59:34.923 INFO [main] org.apache.catalina.startup.HostConfig.deployDirectory Deployment of web application directory [C:\Users\sande\Downloads\Vehicle-Management-System-Java-Servlet-main (2)\Vehicle-Management-System-Java-Servlet-main\Vehicle-Management-System-Java-Servlet-main\apache-tomcat-9.0.93\webapps\docs] has finished in [165] ms
12-Oct-2025 23:59:34.924 INFO [main] org.apache.catalina.startup.HostConfig.deployDirectory Deploying web application directory [C:\Users\sande\Downloads\Vehicle-Management-System-Java-Servlet-main (2)\Vehicle-Management-System-Java-Servlet-main\Vehicle-Management-System-Java-Servlet-main\apache-tomcat-9.0.93\webapps\examples]
12-Oct-2025 23:59:36.096 INFO [main] org.apache.jasper.servlet.TldScanner.scanJars At least one JAR was scanned for TLDs yet contained no TLDs. Enable debug logging for this logger for a complete list of JARs that were scanned but no TLDs were found in them. Skipping unneeded JARs during scanning can improve startup time and JSP compilation time.
12-Oct-2025 23:59:36.248 INFO [main] org.apache.catalina.startup.HostConfig.deployDirectory Deployment of web application directory [C:\Users\sande\Downloads\Vehicle-Management-System-Java-Servlet-main (2)\Vehicle-Management-System-Java-Servlet-main\Vehicle-Management-System-Java-Servlet-main\apache-tomcat-9.0.93\webapps\examples] has finished in [1,323] ms
12-Oct-2025 23:59:36.249 INFO [main] org.apache.catalina.startup.HostConfig.deployDirectory Deploying web application directory [C:\Users\sande\Downloads\Vehicle-Management-System-Java-Servlet-main (2)\Vehicle-Management-System-Java-Servlet-main\Vehicle-Management-System-Java-Servlet-main\apache-tomcat-9.0.93\webapps\host-manager]
12-Oct-2025 23:59:36.403 INFO [main] org.apache.jasper.servlet.TldScanner.scanJars At least one JAR was scanned for TLDs yet contained no TLDs. Enable debug logging for this logger for a complete list of JARs that were scanned but no TLDs were found in them. Skipping unneeded JARs during scanning can improve startup time and JSP compilation time.
12-Oct-2025 23:59:36.418 INFO [main] org.apache.catalina.startup.HostConfig.deployDirectory Deployment of web application directory [C:\Users\sande\Downloads\Vehicle-Management-System-Java-Servlet-main (2)\Vehicle-Management-System-Java-Servlet-main\Vehicle-Management-System-Java-Servlet-main\apache-tomcat-9.0.93\webapps\host-manager] has finished in [168] ms
12-Oct-2025 23:59:36.418 INFO [main] org.apache.catalina.startup.HostConfig.deployDirectory Deploying web application directory [C:\Users\sande\Downloads\Vehicle-Management-System-Java-Servlet-main (2)\Vehicle-Management-System-Java-Servlet-main\Vehicle-Management-System-Java-Servlet-main\apache-tomcat-9.0.93\webapps\manager]
12-Oct-2025 23:59:36.573 INFO [main] org.apache.jasper.servlet.TldScanner.scanJars At least one JAR was scanned for TLDs yet contained no TLDs. Enable debug logging for this logger for a complete list of JARs that were scanned but no TLDs were found in them. Skipping unneeded JARs during scanning can improve startup time and JSP compilation time.
12-Oct-2025 23:59:36.581 INFO [main] org.apache.catalina.startup.HostConfig.deployDirectory Deployment of web application directory [C:\Users\sande\Downloads\Vehicle-Management-System-Java-Servlet-main (2)\Vehicle-Management-System-Java-Servlet-main\Vehicle-Management-System-Java-Servlet-main\apache-tomcat-9.0.93\webapps\manager] has finished in [163] ms
12-Oct-2025 23:59:36.582 INFO [main] org.apache.catalina.startup.HostConfig.deployDirectory Deploying web application directory [C:\Users\sande\Downloads\Vehicle-Management-System-Java-Servlet-main (2)\Vehicle-Management-System-Java-Servlet-main\Vehicle-Management-System-Java-Servlet-main\apache-tomcat-9.0.93\webapps\ROOT]
12-Oct-2025 23:59:36.692 INFO [main] org.apache.jasper.servlet.TldScanner.scanJars At least one JAR was scanned for TLDs yet contained no TLDs. Enable debug logging for this logger for a complete list of JARs that were scanned but no TLDs were found in them. Skipping unneeded JARs during scanning can improve startup time and JSP compilation time.
12-Oct-2025 23:59:36.699 INFO [main] org.apache.catalina.startup.HostConfig.deployDirectory Deployment of web application directory [C:\Users\sande\Downloads\Vehicle-Management-System-Java-Servlet-main (2)\Vehicle-Management-System-Java-Servlet-main\Vehicle-Management-System-Java-Servlet-main\apache-tomcat-9.0.93\webapps\ROOT] has finished in [118] ms
12-Oct-2025 23:59:36.707 INFO [main] org.apache.coyote.AbstractProtocol.start Starting ProtocolHandler ["http-nio-8080"]
12-Oct-2025 23:59:36.804 INFO [main] org.apache.catalina.startup.Catalina.start Server startup in [4860] milliseconds
