12-Oct-2025 21:04:01.355 INFO [main] org.apache.catalina.core.ApplicationContext.log ContextListener: contextInitialized()
12-Oct-2025 21:04:01.355 INFO [main] org.apache.catalina.core.ApplicationContext.log SessionListener: contextInitialized()
12-Oct-2025 21:04:01.361 INFO [main] org.apache.catalina.core.ApplicationContext.log ContextListener: attributeAdded('StockTicker', 'async.Stockticker@673919a7')
12-Oct-2025 21:08:48.906 INFO [main] org.apache.catalina.core.ApplicationContext.log SessionListener: contextDestroyed()
12-Oct-2025 21:08:48.906 INFO [main] org.apache.catalina.core.ApplicationContext.log ContextListener: contextDestroyed()
12-Oct-2025 21:09:09.634 INFO [main] org.apache.catalina.core.ApplicationContext.log ContextListener: contextInitialized()
12-Oct-2025 21:09:09.635 INFO [main] org.apache.catalina.core.ApplicationContext.log SessionListener: contextInitialized()
12-Oct-2025 21:09:09.641 INFO [main] org.apache.catalina.core.ApplicationContext.log ContextListener: attributeAdded('StockTicker', 'async.Stockticker@1000d54d')
12-Oct-2025 21:17:46.424 INFO [main] org.apache.catalina.core.ApplicationContext.log SessionListener: contextDestroyed()
12-Oct-2025 21:17:46.424 INFO [main] org.apache.catalina.core.ApplicationContext.log ContextListener: contextDestroyed()
12-Oct-2025 21:18:06.960 INFO [main] org.apache.catalina.core.ApplicationContext.log ContextListener: contextInitialized()
12-Oct-2025 21:18:06.960 INFO [main] org.apache.catalina.core.ApplicationContext.log SessionListener: contextInitialized()
12-Oct-2025 21:18:06.966 INFO [main] org.apache.catalina.core.ApplicationContext.log ContextListener: attributeAdded('StockTicker', 'async.Stockticker@3f702946')
12-Oct-2025 21:26:17.068 INFO [main] org.apache.catalina.core.ApplicationContext.log SessionListener: contextDestroyed()
12-Oct-2025 21:26:17.068 INFO [main] org.apache.catalina.core.ApplicationContext.log ContextListener: contextDestroyed()
12-Oct-2025 21:26:38.531 INFO [main] org.apache.catalina.core.ApplicationContext.log ContextListener: contextInitialized()
12-Oct-2025 21:26:38.531 INFO [main] org.apache.catalina.core.ApplicationContext.log SessionListener: contextInitialized()
12-Oct-2025 21:26:38.537 INFO [main] org.apache.catalina.core.ApplicationContext.log ContextListener: attributeAdded('StockTicker', 'async.Stockticker@e042c99')
12-Oct-2025 21:32:48.075 INFO [Thread-1] org.apache.catalina.core.ApplicationContext.log SessionListener: contextDestroyed()
12-Oct-2025 21:32:48.075 INFO [Thread-1] org.apache.catalina.core.ApplicationContext.log ContextListener: contextDestroyed()
12-Oct-2025 22:01:06.286 INFO [main] org.apache.catalina.core.ApplicationContext.log ContextListener: contextInitialized()
12-Oct-2025 22:01:06.286 INFO [main] org.apache.catalina.core.ApplicationContext.log SessionListener: contextInitialized()
12-Oct-2025 22:01:06.294 INFO [main] org.apache.catalina.core.ApplicationContext.log ContextListener: attributeAdded('StockTicker', 'async.Stockticker@6a4ccef7')
12-Oct-2025 22:05:05.596 INFO [main] org.apache.catalina.core.ApplicationContext.log SessionListener: contextDestroyed()
12-Oct-2025 22:05:05.596 INFO [main] org.apache.catalina.core.ApplicationContext.log ContextListener: contextDestroyed()
12-Oct-2025 22:05:14.474 INFO [main] org.apache.catalina.core.ApplicationContext.log ContextListener: contextInitialized()
12-Oct-2025 22:05:14.474 INFO [main] org.apache.catalina.core.ApplicationContext.log SessionListener: contextInitialized()
12-Oct-2025 22:05:14.479 INFO [main] org.apache.catalina.core.ApplicationContext.log ContextListener: attributeAdded('StockTicker', 'async.Stockticker@42b6d0cc')
12-Oct-2025 22:06:33.296 SEVERE [http-nio-8080-exec-3] org.apache.catalina.core.ApplicationDispatcher.invoke Servlet.service() for servlet [jsp] threw exception
	org.apache.jasper.JasperException: Unable to compile class for JSP: 

An error occurred at line: [635] in the generated java file: [C:\Users\sande\Downloads\Vehicle-Management-System-Java-Servlet-main (2)\Vehicle-Management-System-Java-Servlet-main\Vehicle-Management-System-Java-Servlet-main\apache-tomcat-9.0.93\work\Catalina\localhost\Vehicle\org\apache\jsp\bike_jsp.java]
Syntax error, insert "else Statement" to complete IfStatement

An error occurred at line: [635] in the generated java file: [C:\Users\sande\Downloads\Vehicle-Management-System-Java-Servlet-main (2)\Vehicle-Management-System-Java-Servlet-main\Vehicle-Management-System-Java-Servlet-main\apache-tomcat-9.0.93\work\Catalina\localhost\Vehicle\org\apache\jsp\bike_jsp.java]
Syntax error, insert "}" to complete Block

An error occurred at line: [652] in the generated java file: [C:\Users\sande\Downloads\Vehicle-Management-System-Java-Servlet-main (2)\Vehicle-Management-System-Java-Servlet-main\Vehicle-Management-System-Java-Servlet-main\apache-tomcat-9.0.93\work\Catalina\localhost\Vehicle\org\apache\jsp\bike_jsp.java]
Syntax error on token "}", delete this token

An error occurred at line: [653] in the generated java file: [C:\Users\sande\Downloads\Vehicle-Management-System-Java-Servlet-main (2)\Vehicle-Management-System-Java-Servlet-main\Vehicle-Management-System-Java-Servlet-main\apache-tomcat-9.0.93\work\Catalina\localhost\Vehicle\org\apache\jsp\bike_jsp.java]
Syntax error, insert "}" to complete ClassBody

Stacktrace:
		at org.apache.jasper.compiler.DefaultErrorHandler.javacError(DefaultErrorHandler.java:81)
		at org.apache.jasper.compiler.ErrorDispatcher.javacError(ErrorDispatcher.java:214)
		at org.apache.jasper.compiler.JDTCompiler.generateClass(JDTCompiler.java:561)
		at org.apache.jasper.compiler.Compiler.compile(Compiler.java:398)
		at org.apache.jasper.compiler.Compiler.compile(Compiler.java:368)
		at org.apache.jasper.compiler.Compiler.compile(Compiler.java:352)
		at org.apache.jasper.JspCompilationContext.compile(JspCompilationContext.java:603)
		at org.apache.jasper.servlet.JspServletWrapper.service(JspServletWrapper.java:399)
		at org.apache.jasper.servlet.JspServlet.serviceJspFile(JspServlet.java:376)
		at org.apache.jasper.servlet.JspServlet.service(JspServlet.java:324)
		at javax.servlet.http.HttpServlet.service(HttpServlet.java:623)
		at org.apache.catalina.core.ApplicationFilterChain.internalDoFilter(ApplicationFilterChain.java:199)
		at org.apache.catalina.core.ApplicationFilterChain.doFilter(ApplicationFilterChain.java:144)
		at org.apache.tomcat.websocket.server.WsFilter.doFilter(WsFilter.java:51)
		at org.apache.catalina.core.ApplicationFilterChain.internalDoFilter(ApplicationFilterChain.java:168)
		at org.apache.catalina.core.ApplicationFilterChain.doFilter(ApplicationFilterChain.java:144)
		at org.apache.catalina.core.ApplicationDispatcher.invoke(ApplicationDispatcher.java:641)
		at org.apache.catalina.core.ApplicationDispatcher.processRequest(ApplicationDispatcher.java:415)
		at org.apache.catalina.core.ApplicationDispatcher.doForward(ApplicationDispatcher.java:347)
		at org.apache.catalina.core.ApplicationDispatcher.forward(ApplicationDispatcher.java:284)
		at com.vehicle.BikeServlet.doGet(BikeServlet.java:89)
		at javax.servlet.http.HttpServlet.service(HttpServlet.java:529)
		at javax.servlet.http.HttpServlet.service(HttpServlet.java:623)
		at org.apache.catalina.core.ApplicationFilterChain.internalDoFilter(ApplicationFilterChain.java:199)
		at org.apache.catalina.core.ApplicationFilterChain.doFilter(ApplicationFilterChain.java:144)
		at org.apache.tomcat.websocket.server.WsFilter.doFilter(WsFilter.java:51)
		at org.apache.catalina.core.ApplicationFilterChain.internalDoFilter(ApplicationFilterChain.java:168)
		at org.apache.catalina.core.ApplicationFilterChain.doFilter(ApplicationFilterChain.java:144)
		at org.apache.catalina.core.StandardWrapperValve.invoke(StandardWrapperValve.java:168)
		at org.apache.catalina.core.StandardContextValve.invoke(StandardContextValve.java:90)
		at org.apache.catalina.authenticator.AuthenticatorBase.invoke(AuthenticatorBase.java:482)
		at org.apache.catalina.core.StandardHostValve.invoke(StandardHostValve.java:130)
		at org.apache.catalina.valves.ErrorReportValve.invoke(ErrorReportValve.java:93)
		at org.apache.catalina.valves.AbstractAccessLogValve.invoke(AbstractAccessLogValve.java:660)
		at org.apache.catalina.core.StandardEngineValve.invoke(StandardEngineValve.java:74)
		at org.apache.catalina.connector.CoyoteAdapter.service(CoyoteAdapter.java:346)
		at org.apache.coyote.http11.Http11Processor.service(Http11Processor.java:383)
		at org.apache.coyote.AbstractProcessorLight.process(AbstractProcessorLight.java:63)
		at org.apache.coyote.AbstractProtocol$ConnectionHandler.process(AbstractProtocol.java:936)
		at org.apache.tomcat.util.net.NioEndpoint$SocketProcessor.doRun(NioEndpoint.java:1791)
		at org.apache.tomcat.util.net.SocketProcessorBase.run(SocketProcessorBase.java:52)
		at org.apache.tomcat.util.threads.ThreadPoolExecutor.runWorker(ThreadPoolExecutor.java:1190)
		at org.apache.tomcat.util.threads.ThreadPoolExecutor$Worker.run(ThreadPoolExecutor.java:659)
		at org.apache.tomcat.util.threads.TaskThread$WrappingRunnable.run(TaskThread.java:63)
		at java.base/java.lang.Thread.run(Thread.java:842)
12-Oct-2025 22:06:33.296 SEVERE [http-nio-8080-exec-3] org.apache.catalina.core.StandardWrapperValve.invoke Servlet.service() for servlet [com.vehicle.BikeServlet] in context with path [/Vehicle] threw exception [Unable to compile class for JSP: 

An error occurred at line: [635] in the generated java file: [C:\Users\sande\Downloads\Vehicle-Management-System-Java-Servlet-main (2)\Vehicle-Management-System-Java-Servlet-main\Vehicle-Management-System-Java-Servlet-main\apache-tomcat-9.0.93\work\Catalina\localhost\Vehicle\org\apache\jsp\bike_jsp.java]
Syntax error, insert "else Statement" to complete IfStatement

An error occurred at line: [635] in the generated java file: [C:\Users\sande\Downloads\Vehicle-Management-System-Java-Servlet-main (2)\Vehicle-Management-System-Java-Servlet-main\Vehicle-Management-System-Java-Servlet-main\apache-tomcat-9.0.93\work\Catalina\localhost\Vehicle\org\apache\jsp\bike_jsp.java]
Syntax error, insert "}" to complete Block

An error occurred at line: [652] in the generated java file: [C:\Users\sande\Downloads\Vehicle-Management-System-Java-Servlet-main (2)\Vehicle-Management-System-Java-Servlet-main\Vehicle-Management-System-Java-Servlet-main\apache-tomcat-9.0.93\work\Catalina\localhost\Vehicle\org\apache\jsp\bike_jsp.java]
Syntax error on token "}", delete this token

An error occurred at line: [653] in the generated java file: [C:\Users\sande\Downloads\Vehicle-Management-System-Java-Servlet-main (2)\Vehicle-Management-System-Java-Servlet-main\Vehicle-Management-System-Java-Servlet-main\apache-tomcat-9.0.93\work\Catalina\localhost\Vehicle\org\apache\jsp\bike_jsp.java]
Syntax error, insert "}" to complete ClassBody

Stacktrace:] with root cause
	org.apache.jasper.JasperException: Unable to compile class for JSP: 

An error occurred at line: [635] in the generated java file: [C:\Users\sande\Downloads\Vehicle-Management-System-Java-Servlet-main (2)\Vehicle-Management-System-Java-Servlet-main\Vehicle-Management-System-Java-Servlet-main\apache-tomcat-9.0.93\work\Catalina\localhost\Vehicle\org\apache\jsp\bike_jsp.java]
Syntax error, insert "else Statement" to complete IfStatement

An error occurred at line: [635] in the generated java file: [C:\Users\sande\Downloads\Vehicle-Management-System-Java-Servlet-main (2)\Vehicle-Management-System-Java-Servlet-main\Vehicle-Management-System-Java-Servlet-main\apache-tomcat-9.0.93\work\Catalina\localhost\Vehicle\org\apache\jsp\bike_jsp.java]
Syntax error, insert "}" to complete Block

An error occurred at line: [652] in the generated java file: [C:\Users\sande\Downloads\Vehicle-Management-System-Java-Servlet-main (2)\Vehicle-Management-System-Java-Servlet-main\Vehicle-Management-System-Java-Servlet-main\apache-tomcat-9.0.93\work\Catalina\localhost\Vehicle\org\apache\jsp\bike_jsp.java]
Syntax error on token "}", delete this token

An error occurred at line: [653] in the generated java file: [C:\Users\sande\Downloads\Vehicle-Management-System-Java-Servlet-main (2)\Vehicle-Management-System-Java-Servlet-main\Vehicle-Management-System-Java-Servlet-main\apache-tomcat-9.0.93\work\Catalina\localhost\Vehicle\org\apache\jsp\bike_jsp.java]
Syntax error, insert "}" to complete ClassBody

Stacktrace:
		at org.apache.jasper.compiler.DefaultErrorHandler.javacError(DefaultErrorHandler.java:81)
		at org.apache.jasper.compiler.ErrorDispatcher.javacError(ErrorDispatcher.java:214)
		at org.apache.jasper.compiler.JDTCompiler.generateClass(JDTCompiler.java:561)
		at org.apache.jasper.compiler.Compiler.compile(Compiler.java:398)
		at org.apache.jasper.compiler.Compiler.compile(Compiler.java:368)
		at org.apache.jasper.compiler.Compiler.compile(Compiler.java:352)
		at org.apache.jasper.JspCompilationContext.compile(JspCompilationContext.java:603)
		at org.apache.jasper.servlet.JspServletWrapper.service(JspServletWrapper.java:399)
		at org.apache.jasper.servlet.JspServlet.serviceJspFile(JspServlet.java:376)
		at org.apache.jasper.servlet.JspServlet.service(JspServlet.java:324)
		at javax.servlet.http.HttpServlet.service(HttpServlet.java:623)
		at org.apache.catalina.core.ApplicationFilterChain.internalDoFilter(ApplicationFilterChain.java:199)
		at org.apache.catalina.core.ApplicationFilterChain.doFilter(ApplicationFilterChain.java:144)
		at org.apache.tomcat.websocket.server.WsFilter.doFilter(WsFilter.java:51)
		at org.apache.catalina.core.ApplicationFilterChain.internalDoFilter(ApplicationFilterChain.java:168)
		at org.apache.catalina.core.ApplicationFilterChain.doFilter(ApplicationFilterChain.java:144)
		at org.apache.catalina.core.ApplicationDispatcher.invoke(ApplicationDispatcher.java:641)
		at org.apache.catalina.core.ApplicationDispatcher.processRequest(ApplicationDispatcher.java:415)
		at org.apache.catalina.core.ApplicationDispatcher.doForward(ApplicationDispatcher.java:347)
		at org.apache.catalina.core.ApplicationDispatcher.forward(ApplicationDispatcher.java:284)
		at com.vehicle.BikeServlet.doGet(BikeServlet.java:89)
		at javax.servlet.http.HttpServlet.service(HttpServlet.java:529)
		at javax.servlet.http.HttpServlet.service(HttpServlet.java:623)
		at org.apache.catalina.core.ApplicationFilterChain.internalDoFilter(ApplicationFilterChain.java:199)
		at org.apache.catalina.core.ApplicationFilterChain.doFilter(ApplicationFilterChain.java:144)
		at org.apache.tomcat.websocket.server.WsFilter.doFilter(WsFilter.java:51)
		at org.apache.catalina.core.ApplicationFilterChain.internalDoFilter(ApplicationFilterChain.java:168)
		at org.apache.catalina.core.ApplicationFilterChain.doFilter(ApplicationFilterChain.java:144)
		at org.apache.catalina.core.StandardWrapperValve.invoke(StandardWrapperValve.java:168)
		at org.apache.catalina.core.StandardContextValve.invoke(StandardContextValve.java:90)
		at org.apache.catalina.authenticator.AuthenticatorBase.invoke(AuthenticatorBase.java:482)
		at org.apache.catalina.core.StandardHostValve.invoke(StandardHostValve.java:130)
		at org.apache.catalina.valves.ErrorReportValve.invoke(ErrorReportValve.java:93)
		at org.apache.catalina.valves.AbstractAccessLogValve.invoke(AbstractAccessLogValve.java:660)
		at org.apache.catalina.core.StandardEngineValve.invoke(StandardEngineValve.java:74)
		at org.apache.catalina.connector.CoyoteAdapter.service(CoyoteAdapter.java:346)
		at org.apache.coyote.http11.Http11Processor.service(Http11Processor.java:383)
		at org.apache.coyote.AbstractProcessorLight.process(AbstractProcessorLight.java:63)
		at org.apache.coyote.AbstractProtocol$ConnectionHandler.process(AbstractProtocol.java:936)
		at org.apache.tomcat.util.net.NioEndpoint$SocketProcessor.doRun(NioEndpoint.java:1791)
		at org.apache.tomcat.util.net.SocketProcessorBase.run(SocketProcessorBase.java:52)
		at org.apache.tomcat.util.threads.ThreadPoolExecutor.runWorker(ThreadPoolExecutor.java:1190)
		at org.apache.tomcat.util.threads.ThreadPoolExecutor$Worker.run(ThreadPoolExecutor.java:659)
		at org.apache.tomcat.util.threads.TaskThread$WrappingRunnable.run(TaskThread.java:63)
		at java.base/java.lang.Thread.run(Thread.java:842)
12-Oct-2025 22:06:49.278 SEVERE [http-nio-8080-exec-5] org.apache.catalina.core.ApplicationDispatcher.invoke Servlet.service() for servlet [jsp] threw exception
	org.apache.jasper.JasperException: Unable to compile class for JSP: 

An error occurred at line: [635] in the generated java file: [C:\Users\sande\Downloads\Vehicle-Management-System-Java-Servlet-main (2)\Vehicle-Management-System-Java-Servlet-main\Vehicle-Management-System-Java-Servlet-main\apache-tomcat-9.0.93\work\Catalina\localhost\Vehicle\org\apache\jsp\car_jsp.java]
Syntax error, insert "else Statement" to complete IfStatement

An error occurred at line: [635] in the generated java file: [C:\Users\sande\Downloads\Vehicle-Management-System-Java-Servlet-main (2)\Vehicle-Management-System-Java-Servlet-main\Vehicle-Management-System-Java-Servlet-main\apache-tomcat-9.0.93\work\Catalina\localhost\Vehicle\org\apache\jsp\car_jsp.java]
Syntax error, insert "}" to complete Block

An error occurred at line: [652] in the generated java file: [C:\Users\sande\Downloads\Vehicle-Management-System-Java-Servlet-main (2)\Vehicle-Management-System-Java-Servlet-main\Vehicle-Management-System-Java-Servlet-main\apache-tomcat-9.0.93\work\Catalina\localhost\Vehicle\org\apache\jsp\car_jsp.java]
Syntax error on token "}", delete this token

An error occurred at line: [653] in the generated java file: [C:\Users\sande\Downloads\Vehicle-Management-System-Java-Servlet-main (2)\Vehicle-Management-System-Java-Servlet-main\Vehicle-Management-System-Java-Servlet-main\apache-tomcat-9.0.93\work\Catalina\localhost\Vehicle\org\apache\jsp\car_jsp.java]
Syntax error, insert "}" to complete ClassBody

Stacktrace:
		at org.apache.jasper.compiler.DefaultErrorHandler.javacError(DefaultErrorHandler.java:81)
		at org.apache.jasper.compiler.ErrorDispatcher.javacError(ErrorDispatcher.java:214)
		at org.apache.jasper.compiler.JDTCompiler.generateClass(JDTCompiler.java:561)
		at org.apache.jasper.compiler.Compiler.compile(Compiler.java:398)
		at org.apache.jasper.compiler.Compiler.compile(Compiler.java:368)
		at org.apache.jasper.compiler.Compiler.compile(Compiler.java:352)
		at org.apache.jasper.JspCompilationContext.compile(JspCompilationContext.java:603)
		at org.apache.jasper.servlet.JspServletWrapper.service(JspServletWrapper.java:399)
		at org.apache.jasper.servlet.JspServlet.serviceJspFile(JspServlet.java:376)
		at org.apache.jasper.servlet.JspServlet.service(JspServlet.java:324)
		at javax.servlet.http.HttpServlet.service(HttpServlet.java:623)
		at org.apache.catalina.core.ApplicationFilterChain.internalDoFilter(ApplicationFilterChain.java:199)
		at org.apache.catalina.core.ApplicationFilterChain.doFilter(ApplicationFilterChain.java:144)
		at org.apache.tomcat.websocket.server.WsFilter.doFilter(WsFilter.java:51)
		at org.apache.catalina.core.ApplicationFilterChain.internalDoFilter(ApplicationFilterChain.java:168)
		at org.apache.catalina.core.ApplicationFilterChain.doFilter(ApplicationFilterChain.java:144)
		at org.apache.catalina.core.ApplicationDispatcher.invoke(ApplicationDispatcher.java:641)
		at org.apache.catalina.core.ApplicationDispatcher.processRequest(ApplicationDispatcher.java:415)
		at org.apache.catalina.core.ApplicationDispatcher.doForward(ApplicationDispatcher.java:347)
		at org.apache.catalina.core.ApplicationDispatcher.forward(ApplicationDispatcher.java:284)
		at com.vehicle.CarServlet.doGet(CarServlet.java:69)
		at javax.servlet.http.HttpServlet.service(HttpServlet.java:529)
		at javax.servlet.http.HttpServlet.service(HttpServlet.java:623)
		at org.apache.catalina.core.ApplicationFilterChain.internalDoFilter(ApplicationFilterChain.java:199)
		at org.apache.catalina.core.ApplicationFilterChain.doFilter(ApplicationFilterChain.java:144)
		at org.apache.tomcat.websocket.server.WsFilter.doFilter(WsFilter.java:51)
		at org.apache.catalina.core.ApplicationFilterChain.internalDoFilter(ApplicationFilterChain.java:168)
		at org.apache.catalina.core.ApplicationFilterChain.doFilter(ApplicationFilterChain.java:144)
		at org.apache.catalina.core.StandardWrapperValve.invoke(StandardWrapperValve.java:168)
		at org.apache.catalina.core.StandardContextValve.invoke(StandardContextValve.java:90)
		at org.apache.catalina.authenticator.AuthenticatorBase.invoke(AuthenticatorBase.java:482)
		at org.apache.catalina.core.StandardHostValve.invoke(StandardHostValve.java:130)
		at org.apache.catalina.valves.ErrorReportValve.invoke(ErrorReportValve.java:93)
		at org.apache.catalina.valves.AbstractAccessLogValve.invoke(AbstractAccessLogValve.java:660)
		at org.apache.catalina.core.StandardEngineValve.invoke(StandardEngineValve.java:74)
		at org.apache.catalina.connector.CoyoteAdapter.service(CoyoteAdapter.java:346)
		at org.apache.coyote.http11.Http11Processor.service(Http11Processor.java:383)
		at org.apache.coyote.AbstractProcessorLight.process(AbstractProcessorLight.java:63)
		at org.apache.coyote.AbstractProtocol$ConnectionHandler.process(AbstractProtocol.java:936)
		at org.apache.tomcat.util.net.NioEndpoint$SocketProcessor.doRun(NioEndpoint.java:1791)
		at org.apache.tomcat.util.net.SocketProcessorBase.run(SocketProcessorBase.java:52)
		at org.apache.tomcat.util.threads.ThreadPoolExecutor.runWorker(ThreadPoolExecutor.java:1190)
		at org.apache.tomcat.util.threads.ThreadPoolExecutor$Worker.run(ThreadPoolExecutor.java:659)
		at org.apache.tomcat.util.threads.TaskThread$WrappingRunnable.run(TaskThread.java:63)
		at java.base/java.lang.Thread.run(Thread.java:842)
12-Oct-2025 22:06:49.279 SEVERE [http-nio-8080-exec-5] org.apache.catalina.core.StandardWrapperValve.invoke Servlet.service() for servlet [com.vehicle.CarServlet] in context with path [/Vehicle] threw exception [Unable to compile class for JSP: 

An error occurred at line: [635] in the generated java file: [C:\Users\sande\Downloads\Vehicle-Management-System-Java-Servlet-main (2)\Vehicle-Management-System-Java-Servlet-main\Vehicle-Management-System-Java-Servlet-main\apache-tomcat-9.0.93\work\Catalina\localhost\Vehicle\org\apache\jsp\car_jsp.java]
Syntax error, insert "else Statement" to complete IfStatement

An error occurred at line: [635] in the generated java file: [C:\Users\sande\Downloads\Vehicle-Management-System-Java-Servlet-main (2)\Vehicle-Management-System-Java-Servlet-main\Vehicle-Management-System-Java-Servlet-main\apache-tomcat-9.0.93\work\Catalina\localhost\Vehicle\org\apache\jsp\car_jsp.java]
Syntax error, insert "}" to complete Block

An error occurred at line: [652] in the generated java file: [C:\Users\sande\Downloads\Vehicle-Management-System-Java-Servlet-main (2)\Vehicle-Management-System-Java-Servlet-main\Vehicle-Management-System-Java-Servlet-main\apache-tomcat-9.0.93\work\Catalina\localhost\Vehicle\org\apache\jsp\car_jsp.java]
Syntax error on token "}", delete this token

An error occurred at line: [653] in the generated java file: [C:\Users\sande\Downloads\Vehicle-Management-System-Java-Servlet-main (2)\Vehicle-Management-System-Java-Servlet-main\Vehicle-Management-System-Java-Servlet-main\apache-tomcat-9.0.93\work\Catalina\localhost\Vehicle\org\apache\jsp\car_jsp.java]
Syntax error, insert "}" to complete ClassBody

Stacktrace:] with root cause
	org.apache.jasper.JasperException: Unable to compile class for JSP: 

An error occurred at line: [635] in the generated java file: [C:\Users\sande\Downloads\Vehicle-Management-System-Java-Servlet-main (2)\Vehicle-Management-System-Java-Servlet-main\Vehicle-Management-System-Java-Servlet-main\apache-tomcat-9.0.93\work\Catalina\localhost\Vehicle\org\apache\jsp\car_jsp.java]
Syntax error, insert "else Statement" to complete IfStatement

An error occurred at line: [635] in the generated java file: [C:\Users\sande\Downloads\Vehicle-Management-System-Java-Servlet-main (2)\Vehicle-Management-System-Java-Servlet-main\Vehicle-Management-System-Java-Servlet-main\apache-tomcat-9.0.93\work\Catalina\localhost\Vehicle\org\apache\jsp\car_jsp.java]
Syntax error, insert "}" to complete Block

An error occurred at line: [652] in the generated java file: [C:\Users\sande\Downloads\Vehicle-Management-System-Java-Servlet-main (2)\Vehicle-Management-System-Java-Servlet-main\Vehicle-Management-System-Java-Servlet-main\apache-tomcat-9.0.93\work\Catalina\localhost\Vehicle\org\apache\jsp\car_jsp.java]
Syntax error on token "}", delete this token

An error occurred at line: [653] in the generated java file: [C:\Users\sande\Downloads\Vehicle-Management-System-Java-Servlet-main (2)\Vehicle-Management-System-Java-Servlet-main\Vehicle-Management-System-Java-Servlet-main\apache-tomcat-9.0.93\work\Catalina\localhost\Vehicle\org\apache\jsp\car_jsp.java]
Syntax error, insert "}" to complete ClassBody

Stacktrace:
		at org.apache.jasper.compiler.DefaultErrorHandler.javacError(DefaultErrorHandler.java:81)
		at org.apache.jasper.compiler.ErrorDispatcher.javacError(ErrorDispatcher.java:214)
		at org.apache.jasper.compiler.JDTCompiler.generateClass(JDTCompiler.java:561)
		at org.apache.jasper.compiler.Compiler.compile(Compiler.java:398)
		at org.apache.jasper.compiler.Compiler.compile(Compiler.java:368)
		at org.apache.jasper.compiler.Compiler.compile(Compiler.java:352)
		at org.apache.jasper.JspCompilationContext.compile(JspCompilationContext.java:603)
		at org.apache.jasper.servlet.JspServletWrapper.service(JspServletWrapper.java:399)
		at org.apache.jasper.servlet.JspServlet.serviceJspFile(JspServlet.java:376)
		at org.apache.jasper.servlet.JspServlet.service(JspServlet.java:324)
		at javax.servlet.http.HttpServlet.service(HttpServlet.java:623)
		at org.apache.catalina.core.ApplicationFilterChain.internalDoFilter(ApplicationFilterChain.java:199)
		at org.apache.catalina.core.ApplicationFilterChain.doFilter(ApplicationFilterChain.java:144)
		at org.apache.tomcat.websocket.server.WsFilter.doFilter(WsFilter.java:51)
		at org.apache.catalina.core.ApplicationFilterChain.internalDoFilter(ApplicationFilterChain.java:168)
		at org.apache.catalina.core.ApplicationFilterChain.doFilter(ApplicationFilterChain.java:144)
		at org.apache.catalina.core.ApplicationDispatcher.invoke(ApplicationDispatcher.java:641)
		at org.apache.catalina.core.ApplicationDispatcher.processRequest(ApplicationDispatcher.java:415)
		at org.apache.catalina.core.ApplicationDispatcher.doForward(ApplicationDispatcher.java:347)
		at org.apache.catalina.core.ApplicationDispatcher.forward(ApplicationDispatcher.java:284)
		at com.vehicle.CarServlet.doGet(CarServlet.java:69)
		at javax.servlet.http.HttpServlet.service(HttpServlet.java:529)
		at javax.servlet.http.HttpServlet.service(HttpServlet.java:623)
		at org.apache.catalina.core.ApplicationFilterChain.internalDoFilter(ApplicationFilterChain.java:199)
		at org.apache.catalina.core.ApplicationFilterChain.doFilter(ApplicationFilterChain.java:144)
		at org.apache.tomcat.websocket.server.WsFilter.doFilter(WsFilter.java:51)
		at org.apache.catalina.core.ApplicationFilterChain.internalDoFilter(ApplicationFilterChain.java:168)
		at org.apache.catalina.core.ApplicationFilterChain.doFilter(ApplicationFilterChain.java:144)
		at org.apache.catalina.core.StandardWrapperValve.invoke(StandardWrapperValve.java:168)
		at org.apache.catalina.core.StandardContextValve.invoke(StandardContextValve.java:90)
		at org.apache.catalina.authenticator.AuthenticatorBase.invoke(AuthenticatorBase.java:482)
		at org.apache.catalina.core.StandardHostValve.invoke(StandardHostValve.java:130)
		at org.apache.catalina.valves.ErrorReportValve.invoke(ErrorReportValve.java:93)
		at org.apache.catalina.valves.AbstractAccessLogValve.invoke(AbstractAccessLogValve.java:660)
		at org.apache.catalina.core.StandardEngineValve.invoke(StandardEngineValve.java:74)
		at org.apache.catalina.connector.CoyoteAdapter.service(CoyoteAdapter.java:346)
		at org.apache.coyote.http11.Http11Processor.service(Http11Processor.java:383)
		at org.apache.coyote.AbstractProcessorLight.process(AbstractProcessorLight.java:63)
		at org.apache.coyote.AbstractProtocol$ConnectionHandler.process(AbstractProtocol.java:936)
		at org.apache.tomcat.util.net.NioEndpoint$SocketProcessor.doRun(NioEndpoint.java:1791)
		at org.apache.tomcat.util.net.SocketProcessorBase.run(SocketProcessorBase.java:52)
		at org.apache.tomcat.util.threads.ThreadPoolExecutor.runWorker(ThreadPoolExecutor.java:1190)
		at org.apache.tomcat.util.threads.ThreadPoolExecutor$Worker.run(ThreadPoolExecutor.java:659)
		at org.apache.tomcat.util.threads.TaskThread$WrappingRunnable.run(TaskThread.java:63)
		at java.base/java.lang.Thread.run(Thread.java:842)
12-Oct-2025 22:06:52.864 SEVERE [http-nio-8080-exec-6] org.apache.catalina.core.ApplicationDispatcher.invoke Servlet.service() for servlet [jsp] threw exception
	org.apache.jasper.JasperException: Unable to compile class for JSP: 

An error occurred at line: [635] in the generated java file: [C:\Users\sande\Downloads\Vehicle-Management-System-Java-Servlet-main (2)\Vehicle-Management-System-Java-Servlet-main\Vehicle-Management-System-Java-Servlet-main\apache-tomcat-9.0.93\work\Catalina\localhost\Vehicle\org\apache\jsp\bike_jsp.java]
Syntax error, insert "else Statement" to complete IfStatement

An error occurred at line: [635] in the generated java file: [C:\Users\sande\Downloads\Vehicle-Management-System-Java-Servlet-main (2)\Vehicle-Management-System-Java-Servlet-main\Vehicle-Management-System-Java-Servlet-main\apache-tomcat-9.0.93\work\Catalina\localhost\Vehicle\org\apache\jsp\bike_jsp.java]
Syntax error, insert "}" to complete Block

An error occurred at line: [652] in the generated java file: [C:\Users\sande\Downloads\Vehicle-Management-System-Java-Servlet-main (2)\Vehicle-Management-System-Java-Servlet-main\Vehicle-Management-System-Java-Servlet-main\apache-tomcat-9.0.93\work\Catalina\localhost\Vehicle\org\apache\jsp\bike_jsp.java]
Syntax error on token "}", delete this token

An error occurred at line: [653] in the generated java file: [C:\Users\sande\Downloads\Vehicle-Management-System-Java-Servlet-main (2)\Vehicle-Management-System-Java-Servlet-main\Vehicle-Management-System-Java-Servlet-main\apache-tomcat-9.0.93\work\Catalina\localhost\Vehicle\org\apache\jsp\bike_jsp.java]
Syntax error, insert "}" to complete ClassBody

Stacktrace:
		at org.apache.jasper.compiler.DefaultErrorHandler.javacError(DefaultErrorHandler.java:81)
		at org.apache.jasper.compiler.ErrorDispatcher.javacError(ErrorDispatcher.java:214)
		at org.apache.jasper.compiler.JDTCompiler.generateClass(JDTCompiler.java:561)
		at org.apache.jasper.compiler.Compiler.compile(Compiler.java:398)
		at org.apache.jasper.compiler.Compiler.compile(Compiler.java:368)
		at org.apache.jasper.compiler.Compiler.compile(Compiler.java:352)
		at org.apache.jasper.JspCompilationContext.compile(JspCompilationContext.java:603)
		at org.apache.jasper.servlet.JspServletWrapper.service(JspServletWrapper.java:399)
		at org.apache.jasper.servlet.JspServlet.serviceJspFile(JspServlet.java:376)
		at org.apache.jasper.servlet.JspServlet.service(JspServlet.java:324)
		at javax.servlet.http.HttpServlet.service(HttpServlet.java:623)
		at org.apache.catalina.core.ApplicationFilterChain.internalDoFilter(ApplicationFilterChain.java:199)
		at org.apache.catalina.core.ApplicationFilterChain.doFilter(ApplicationFilterChain.java:144)
		at org.apache.tomcat.websocket.server.WsFilter.doFilter(WsFilter.java:51)
		at org.apache.catalina.core.ApplicationFilterChain.internalDoFilter(ApplicationFilterChain.java:168)
		at org.apache.catalina.core.ApplicationFilterChain.doFilter(ApplicationFilterChain.java:144)
		at org.apache.catalina.core.ApplicationDispatcher.invoke(ApplicationDispatcher.java:641)
		at org.apache.catalina.core.ApplicationDispatcher.processRequest(ApplicationDispatcher.java:415)
		at org.apache.catalina.core.ApplicationDispatcher.doForward(ApplicationDispatcher.java:347)
		at org.apache.catalina.core.ApplicationDispatcher.forward(ApplicationDispatcher.java:284)
		at com.vehicle.BikeServlet.doGet(BikeServlet.java:89)
		at javax.servlet.http.HttpServlet.service(HttpServlet.java:529)
		at javax.servlet.http.HttpServlet.service(HttpServlet.java:623)
		at org.apache.catalina.core.ApplicationFilterChain.internalDoFilter(ApplicationFilterChain.java:199)
		at org.apache.catalina.core.ApplicationFilterChain.doFilter(ApplicationFilterChain.java:144)
		at org.apache.tomcat.websocket.server.WsFilter.doFilter(WsFilter.java:51)
		at org.apache.catalina.core.ApplicationFilterChain.internalDoFilter(ApplicationFilterChain.java:168)
		at org.apache.catalina.core.ApplicationFilterChain.doFilter(ApplicationFilterChain.java:144)
		at org.apache.catalina.core.StandardWrapperValve.invoke(StandardWrapperValve.java:168)
		at org.apache.catalina.core.StandardContextValve.invoke(StandardContextValve.java:90)
		at org.apache.catalina.authenticator.AuthenticatorBase.invoke(AuthenticatorBase.java:482)
		at org.apache.catalina.core.StandardHostValve.invoke(StandardHostValve.java:130)
		at org.apache.catalina.valves.ErrorReportValve.invoke(ErrorReportValve.java:93)
		at org.apache.catalina.valves.AbstractAccessLogValve.invoke(AbstractAccessLogValve.java:660)
		at org.apache.catalina.core.StandardEngineValve.invoke(StandardEngineValve.java:74)
		at org.apache.catalina.connector.CoyoteAdapter.service(CoyoteAdapter.java:346)
		at org.apache.coyote.http11.Http11Processor.service(Http11Processor.java:383)
		at org.apache.coyote.AbstractProcessorLight.process(AbstractProcessorLight.java:63)
		at org.apache.coyote.AbstractProtocol$ConnectionHandler.process(AbstractProtocol.java:936)
		at org.apache.tomcat.util.net.NioEndpoint$SocketProcessor.doRun(NioEndpoint.java:1791)
		at org.apache.tomcat.util.net.SocketProcessorBase.run(SocketProcessorBase.java:52)
		at org.apache.tomcat.util.threads.ThreadPoolExecutor.runWorker(ThreadPoolExecutor.java:1190)
		at org.apache.tomcat.util.threads.ThreadPoolExecutor$Worker.run(ThreadPoolExecutor.java:659)
		at org.apache.tomcat.util.threads.TaskThread$WrappingRunnable.run(TaskThread.java:63)
		at java.base/java.lang.Thread.run(Thread.java:842)
12-Oct-2025 22:06:52.864 SEVERE [http-nio-8080-exec-6] org.apache.catalina.core.StandardWrapperValve.invoke Servlet.service() for servlet [com.vehicle.BikeServlet] in context with path [/Vehicle] threw exception [Unable to compile class for JSP: 

An error occurred at line: [635] in the generated java file: [C:\Users\sande\Downloads\Vehicle-Management-System-Java-Servlet-main (2)\Vehicle-Management-System-Java-Servlet-main\Vehicle-Management-System-Java-Servlet-main\apache-tomcat-9.0.93\work\Catalina\localhost\Vehicle\org\apache\jsp\bike_jsp.java]
Syntax error, insert "else Statement" to complete IfStatement

An error occurred at line: [635] in the generated java file: [C:\Users\sande\Downloads\Vehicle-Management-System-Java-Servlet-main (2)\Vehicle-Management-System-Java-Servlet-main\Vehicle-Management-System-Java-Servlet-main\apache-tomcat-9.0.93\work\Catalina\localhost\Vehicle\org\apache\jsp\bike_jsp.java]
Syntax error, insert "}" to complete Block

An error occurred at line: [652] in the generated java file: [C:\Users\sande\Downloads\Vehicle-Management-System-Java-Servlet-main (2)\Vehicle-Management-System-Java-Servlet-main\Vehicle-Management-System-Java-Servlet-main\apache-tomcat-9.0.93\work\Catalina\localhost\Vehicle\org\apache\jsp\bike_jsp.java]
Syntax error on token "}", delete this token

An error occurred at line: [653] in the generated java file: [C:\Users\sande\Downloads\Vehicle-Management-System-Java-Servlet-main (2)\Vehicle-Management-System-Java-Servlet-main\Vehicle-Management-System-Java-Servlet-main\apache-tomcat-9.0.93\work\Catalina\localhost\Vehicle\org\apache\jsp\bike_jsp.java]
Syntax error, insert "}" to complete ClassBody

Stacktrace:] with root cause
	org.apache.jasper.JasperException: Unable to compile class for JSP: 

An error occurred at line: [635] in the generated java file: [C:\Users\sande\Downloads\Vehicle-Management-System-Java-Servlet-main (2)\Vehicle-Management-System-Java-Servlet-main\Vehicle-Management-System-Java-Servlet-main\apache-tomcat-9.0.93\work\Catalina\localhost\Vehicle\org\apache\jsp\bike_jsp.java]
Syntax error, insert "else Statement" to complete IfStatement

An error occurred at line: [635] in the generated java file: [C:\Users\sande\Downloads\Vehicle-Management-System-Java-Servlet-main (2)\Vehicle-Management-System-Java-Servlet-main\Vehicle-Management-System-Java-Servlet-main\apache-tomcat-9.0.93\work\Catalina\localhost\Vehicle\org\apache\jsp\bike_jsp.java]
Syntax error, insert "}" to complete Block

An error occurred at line: [652] in the generated java file: [C:\Users\sande\Downloads\Vehicle-Management-System-Java-Servlet-main (2)\Vehicle-Management-System-Java-Servlet-main\Vehicle-Management-System-Java-Servlet-main\apache-tomcat-9.0.93\work\Catalina\localhost\Vehicle\org\apache\jsp\bike_jsp.java]
Syntax error on token "}", delete this token

An error occurred at line: [653] in the generated java file: [C:\Users\sande\Downloads\Vehicle-Management-System-Java-Servlet-main (2)\Vehicle-Management-System-Java-Servlet-main\Vehicle-Management-System-Java-Servlet-main\apache-tomcat-9.0.93\work\Catalina\localhost\Vehicle\org\apache\jsp\bike_jsp.java]
Syntax error, insert "}" to complete ClassBody

Stacktrace:
		at org.apache.jasper.compiler.DefaultErrorHandler.javacError(DefaultErrorHandler.java:81)
		at org.apache.jasper.compiler.ErrorDispatcher.javacError(ErrorDispatcher.java:214)
		at org.apache.jasper.compiler.JDTCompiler.generateClass(JDTCompiler.java:561)
		at org.apache.jasper.compiler.Compiler.compile(Compiler.java:398)
		at org.apache.jasper.compiler.Compiler.compile(Compiler.java:368)
		at org.apache.jasper.compiler.Compiler.compile(Compiler.java:352)
		at org.apache.jasper.JspCompilationContext.compile(JspCompilationContext.java:603)
		at org.apache.jasper.servlet.JspServletWrapper.service(JspServletWrapper.java:399)
		at org.apache.jasper.servlet.JspServlet.serviceJspFile(JspServlet.java:376)
		at org.apache.jasper.servlet.JspServlet.service(JspServlet.java:324)
		at javax.servlet.http.HttpServlet.service(HttpServlet.java:623)
		at org.apache.catalina.core.ApplicationFilterChain.internalDoFilter(ApplicationFilterChain.java:199)
		at org.apache.catalina.core.ApplicationFilterChain.doFilter(ApplicationFilterChain.java:144)
		at org.apache.tomcat.websocket.server.WsFilter.doFilter(WsFilter.java:51)
		at org.apache.catalina.core.ApplicationFilterChain.internalDoFilter(ApplicationFilterChain.java:168)
		at org.apache.catalina.core.ApplicationFilterChain.doFilter(ApplicationFilterChain.java:144)
		at org.apache.catalina.core.ApplicationDispatcher.invoke(ApplicationDispatcher.java:641)
		at org.apache.catalina.core.ApplicationDispatcher.processRequest(ApplicationDispatcher.java:415)
		at org.apache.catalina.core.ApplicationDispatcher.doForward(ApplicationDispatcher.java:347)
		at org.apache.catalina.core.ApplicationDispatcher.forward(ApplicationDispatcher.java:284)
		at com.vehicle.BikeServlet.doGet(BikeServlet.java:89)
		at javax.servlet.http.HttpServlet.service(HttpServlet.java:529)
		at javax.servlet.http.HttpServlet.service(HttpServlet.java:623)
		at org.apache.catalina.core.ApplicationFilterChain.internalDoFilter(ApplicationFilterChain.java:199)
		at org.apache.catalina.core.ApplicationFilterChain.doFilter(ApplicationFilterChain.java:144)
		at org.apache.tomcat.websocket.server.WsFilter.doFilter(WsFilter.java:51)
		at org.apache.catalina.core.ApplicationFilterChain.internalDoFilter(ApplicationFilterChain.java:168)
		at org.apache.catalina.core.ApplicationFilterChain.doFilter(ApplicationFilterChain.java:144)
		at org.apache.catalina.core.StandardWrapperValve.invoke(StandardWrapperValve.java:168)
		at org.apache.catalina.core.StandardContextValve.invoke(StandardContextValve.java:90)
		at org.apache.catalina.authenticator.AuthenticatorBase.invoke(AuthenticatorBase.java:482)
		at org.apache.catalina.core.StandardHostValve.invoke(StandardHostValve.java:130)
		at org.apache.catalina.valves.ErrorReportValve.invoke(ErrorReportValve.java:93)
		at org.apache.catalina.valves.AbstractAccessLogValve.invoke(AbstractAccessLogValve.java:660)
		at org.apache.catalina.core.StandardEngineValve.invoke(StandardEngineValve.java:74)
		at org.apache.catalina.connector.CoyoteAdapter.service(CoyoteAdapter.java:346)
		at org.apache.coyote.http11.Http11Processor.service(Http11Processor.java:383)
		at org.apache.coyote.AbstractProcessorLight.process(AbstractProcessorLight.java:63)
		at org.apache.coyote.AbstractProtocol$ConnectionHandler.process(AbstractProtocol.java:936)
		at org.apache.tomcat.util.net.NioEndpoint$SocketProcessor.doRun(NioEndpoint.java:1791)
		at org.apache.tomcat.util.net.SocketProcessorBase.run(SocketProcessorBase.java:52)
		at org.apache.tomcat.util.threads.ThreadPoolExecutor.runWorker(ThreadPoolExecutor.java:1190)
		at org.apache.tomcat.util.threads.ThreadPoolExecutor$Worker.run(ThreadPoolExecutor.java:659)
		at org.apache.tomcat.util.threads.TaskThread$WrappingRunnable.run(TaskThread.java:63)
		at java.base/java.lang.Thread.run(Thread.java:842)
12-Oct-2025 22:12:40.152 INFO [main] org.apache.catalina.core.ApplicationContext.log SessionListener: contextDestroyed()
12-Oct-2025 22:12:40.153 INFO [main] org.apache.catalina.core.ApplicationContext.log ContextListener: contextDestroyed()
12-Oct-2025 22:12:45.238 INFO [main] org.apache.catalina.core.ApplicationContext.log ContextListener: contextInitialized()
12-Oct-2025 22:12:45.238 INFO [main] org.apache.catalina.core.ApplicationContext.log SessionListener: contextInitialized()
12-Oct-2025 22:12:45.242 INFO [main] org.apache.catalina.core.ApplicationContext.log ContextListener: attributeAdded('StockTicker', 'async.Stockticker@1a0b5323')
12-Oct-2025 22:30:28.093 INFO [main] org.apache.catalina.core.ApplicationContext.log SessionListener: contextDestroyed()
12-Oct-2025 22:30:28.093 INFO [main] org.apache.catalina.core.ApplicationContext.log ContextListener: contextDestroyed()
12-Oct-2025 22:30:34.382 INFO [main] org.apache.catalina.core.ApplicationContext.log ContextListener: contextInitialized()
12-Oct-2025 22:30:34.382 INFO [main] org.apache.catalina.core.ApplicationContext.log SessionListener: contextInitialized()
12-Oct-2025 22:30:34.386 INFO [main] org.apache.catalina.core.ApplicationContext.log ContextListener: attributeAdded('StockTicker', 'async.Stockticker@25b52284')
12-Oct-2025 22:30:53.841 INFO [main] org.apache.catalina.core.ApplicationContext.log SessionListener: contextDestroyed()
12-Oct-2025 22:30:53.841 INFO [main] org.apache.catalina.core.ApplicationContext.log ContextListener: contextDestroyed()
12-Oct-2025 22:31:00.077 INFO [main] org.apache.catalina.core.ApplicationContext.log ContextListener: contextInitialized()
12-Oct-2025 22:31:00.078 INFO [main] org.apache.catalina.core.ApplicationContext.log SessionListener: contextInitialized()
12-Oct-2025 22:31:00.082 INFO [main] org.apache.catalina.core.ApplicationContext.log ContextListener: attributeAdded('StockTicker', 'async.Stockticker@36bf84e')
12-Oct-2025 22:32:28.997 SEVERE [http-nio-8080-exec-2] org.apache.catalina.core.StandardWrapperValve.invoke Servlet.service() for servlet [com.vehicle.OwnerVehiclesServlet] in context with path [/Vehicle] threw exception [java.sql.SQLSyntaxErrorException: Unknown column 'vehicle_model' in 'field list'] with root cause
	java.sql.SQLSyntaxErrorException: Unknown column 'vehicle_model' in 'field list'
		at com.mysql.cj.jdbc.exceptions.SQLError.createSQLException(SQLError.java:121)
		at com.mysql.cj.jdbc.exceptions.SQLExceptionsMapping.translateException(SQLExceptionsMapping.java:122)
		at com.mysql.cj.jdbc.ClientPreparedStatement.executeInternal(ClientPreparedStatement.java:916)
		at com.mysql.cj.jdbc.ClientPreparedStatement.executeQuery(ClientPreparedStatement.java:972)
		at com.vehicle.OwnerVehiclesServlet.doGet(OwnerVehiclesServlet.java:49)
		at javax.servlet.http.HttpServlet.service(HttpServlet.java:529)
		at javax.servlet.http.HttpServlet.service(HttpServlet.java:623)
		at org.apache.catalina.core.ApplicationFilterChain.internalDoFilter(ApplicationFilterChain.java:199)
		at org.apache.catalina.core.ApplicationFilterChain.doFilter(ApplicationFilterChain.java:144)
		at org.apache.tomcat.websocket.server.WsFilter.doFilter(WsFilter.java:51)
		at org.apache.catalina.core.ApplicationFilterChain.internalDoFilter(ApplicationFilterChain.java:168)
		at org.apache.catalina.core.ApplicationFilterChain.doFilter(ApplicationFilterChain.java:144)
		at org.apache.catalina.core.StandardWrapperValve.invoke(StandardWrapperValve.java:168)
		at org.apache.catalina.core.StandardContextValve.invoke(StandardContextValve.java:90)
		at org.apache.catalina.authenticator.AuthenticatorBase.invoke(AuthenticatorBase.java:482)
		at org.apache.catalina.core.StandardHostValve.invoke(StandardHostValve.java:130)
		at org.apache.catalina.valves.ErrorReportValve.invoke(ErrorReportValve.java:93)
		at org.apache.catalina.valves.AbstractAccessLogValve.invoke(AbstractAccessLogValve.java:660)
		at org.apache.catalina.core.StandardEngineValve.invoke(StandardEngineValve.java:74)
		at org.apache.catalina.connector.CoyoteAdapter.service(CoyoteAdapter.java:346)
		at org.apache.coyote.http11.Http11Processor.service(Http11Processor.java:383)
		at org.apache.coyote.AbstractProcessorLight.process(AbstractProcessorLight.java:63)
		at org.apache.coyote.AbstractProtocol$ConnectionHandler.process(AbstractProtocol.java:936)
		at org.apache.tomcat.util.net.NioEndpoint$SocketProcessor.doRun(NioEndpoint.java:1791)
		at org.apache.tomcat.util.net.SocketProcessorBase.run(SocketProcessorBase.java:52)
		at org.apache.tomcat.util.threads.ThreadPoolExecutor.runWorker(ThreadPoolExecutor.java:1190)
		at org.apache.tomcat.util.threads.ThreadPoolExecutor$Worker.run(ThreadPoolExecutor.java:659)
		at org.apache.tomcat.util.threads.TaskThread$WrappingRunnable.run(TaskThread.java:63)
		at java.base/java.lang.Thread.run(Thread.java:842)
12-Oct-2025 22:32:34.158 SEVERE [http-nio-8080-exec-5] org.apache.catalina.core.StandardWrapperValve.invoke Servlet.service() for servlet [com.vehicle.OwnerVehiclesServlet] in context with path [/Vehicle] threw exception [java.sql.SQLSyntaxErrorException: Unknown column 'vehicle_model' in 'field list'] with root cause
	java.sql.SQLSyntaxErrorException: Unknown column 'vehicle_model' in 'field list'
		at com.mysql.cj.jdbc.exceptions.SQLError.createSQLException(SQLError.java:121)
		at com.mysql.cj.jdbc.exceptions.SQLExceptionsMapping.translateException(SQLExceptionsMapping.java:122)
		at com.mysql.cj.jdbc.ClientPreparedStatement.executeInternal(ClientPreparedStatement.java:916)
		at com.mysql.cj.jdbc.ClientPreparedStatement.executeQuery(ClientPreparedStatement.java:972)
		at com.vehicle.OwnerVehiclesServlet.doGet(OwnerVehiclesServlet.java:49)
		at javax.servlet.http.HttpServlet.service(HttpServlet.java:529)
		at javax.servlet.http.HttpServlet.service(HttpServlet.java:623)
		at org.apache.catalina.core.ApplicationFilterChain.internalDoFilter(ApplicationFilterChain.java:199)
		at org.apache.catalina.core.ApplicationFilterChain.doFilter(ApplicationFilterChain.java:144)
		at org.apache.tomcat.websocket.server.WsFilter.doFilter(WsFilter.java:51)
		at org.apache.catalina.core.ApplicationFilterChain.internalDoFilter(ApplicationFilterChain.java:168)
		at org.apache.catalina.core.ApplicationFilterChain.doFilter(ApplicationFilterChain.java:144)
		at org.apache.catalina.core.StandardWrapperValve.invoke(StandardWrapperValve.java:168)
		at org.apache.catalina.core.StandardContextValve.invoke(StandardContextValve.java:90)
		at org.apache.catalina.authenticator.AuthenticatorBase.invoke(AuthenticatorBase.java:482)
		at org.apache.catalina.core.StandardHostValve.invoke(StandardHostValve.java:130)
		at org.apache.catalina.valves.ErrorReportValve.invoke(ErrorReportValve.java:93)
		at org.apache.catalina.valves.AbstractAccessLogValve.invoke(AbstractAccessLogValve.java:660)
		at org.apache.catalina.core.StandardEngineValve.invoke(StandardEngineValve.java:74)
		at org.apache.catalina.connector.CoyoteAdapter.service(CoyoteAdapter.java:346)
		at org.apache.coyote.http11.Http11Processor.service(Http11Processor.java:383)
		at org.apache.coyote.AbstractProcessorLight.process(AbstractProcessorLight.java:63)
		at org.apache.coyote.AbstractProtocol$ConnectionHandler.process(AbstractProtocol.java:936)
		at org.apache.tomcat.util.net.NioEndpoint$SocketProcessor.doRun(NioEndpoint.java:1791)
		at org.apache.tomcat.util.net.SocketProcessorBase.run(SocketProcessorBase.java:52)
		at org.apache.tomcat.util.threads.ThreadPoolExecutor.runWorker(ThreadPoolExecutor.java:1190)
		at org.apache.tomcat.util.threads.ThreadPoolExecutor$Worker.run(ThreadPoolExecutor.java:659)
		at org.apache.tomcat.util.threads.TaskThread$WrappingRunnable.run(TaskThread.java:63)
		at java.base/java.lang.Thread.run(Thread.java:842)
12-Oct-2025 22:34:00.994 SEVERE [http-nio-8080-exec-9] org.apache.catalina.core.StandardWrapperValve.invoke Servlet.service() for servlet [com.vehicle.OwnerVehiclesServlet] in context with path [/Vehicle] threw exception [java.sql.SQLSyntaxErrorException: Unknown column 'vehicle_model' in 'field list'] with root cause
	java.sql.SQLSyntaxErrorException: Unknown column 'vehicle_model' in 'field list'
		at com.mysql.cj.jdbc.exceptions.SQLError.createSQLException(SQLError.java:121)
		at com.mysql.cj.jdbc.exceptions.SQLExceptionsMapping.translateException(SQLExceptionsMapping.java:122)
		at com.mysql.cj.jdbc.ClientPreparedStatement.executeInternal(ClientPreparedStatement.java:916)
		at com.mysql.cj.jdbc.ClientPreparedStatement.executeQuery(ClientPreparedStatement.java:972)
		at com.vehicle.OwnerVehiclesServlet.doGet(OwnerVehiclesServlet.java:49)
		at javax.servlet.http.HttpServlet.service(HttpServlet.java:529)
		at javax.servlet.http.HttpServlet.service(HttpServlet.java:623)
		at org.apache.catalina.core.ApplicationFilterChain.internalDoFilter(ApplicationFilterChain.java:199)
		at org.apache.catalina.core.ApplicationFilterChain.doFilter(ApplicationFilterChain.java:144)
		at org.apache.tomcat.websocket.server.WsFilter.doFilter(WsFilter.java:51)
		at org.apache.catalina.core.ApplicationFilterChain.internalDoFilter(ApplicationFilterChain.java:168)
		at org.apache.catalina.core.ApplicationFilterChain.doFilter(ApplicationFilterChain.java:144)
		at org.apache.catalina.core.StandardWrapperValve.invoke(StandardWrapperValve.java:168)
		at org.apache.catalina.core.StandardContextValve.invoke(StandardContextValve.java:90)
		at org.apache.catalina.authenticator.AuthenticatorBase.invoke(AuthenticatorBase.java:482)
		at org.apache.catalina.core.StandardHostValve.invoke(StandardHostValve.java:130)
		at org.apache.catalina.valves.ErrorReportValve.invoke(ErrorReportValve.java:93)
		at org.apache.catalina.valves.AbstractAccessLogValve.invoke(AbstractAccessLogValve.java:660)
		at org.apache.catalina.core.StandardEngineValve.invoke(StandardEngineValve.java:74)
		at org.apache.catalina.connector.CoyoteAdapter.service(CoyoteAdapter.java:346)
		at org.apache.coyote.http11.Http11Processor.service(Http11Processor.java:383)
		at org.apache.coyote.AbstractProcessorLight.process(AbstractProcessorLight.java:63)
		at org.apache.coyote.AbstractProtocol$ConnectionHandler.process(AbstractProtocol.java:936)
		at org.apache.tomcat.util.net.NioEndpoint$SocketProcessor.doRun(NioEndpoint.java:1791)
		at org.apache.tomcat.util.net.SocketProcessorBase.run(SocketProcessorBase.java:52)
		at org.apache.tomcat.util.threads.ThreadPoolExecutor.runWorker(ThreadPoolExecutor.java:1190)
		at org.apache.tomcat.util.threads.ThreadPoolExecutor$Worker.run(ThreadPoolExecutor.java:659)
		at org.apache.tomcat.util.threads.TaskThread$WrappingRunnable.run(TaskThread.java:63)
		at java.base/java.lang.Thread.run(Thread.java:842)
12-Oct-2025 22:35:46.484 SEVERE [http-nio-8080-exec-5] org.apache.catalina.core.StandardWrapperValve.invoke Servlet.service() for servlet [com.vehicle.OwnerVehiclesServlet] in context with path [/Vehicle] threw exception [java.sql.SQLSyntaxErrorException: Unknown column 'vehicle_model' in 'field list'] with root cause
	java.sql.SQLSyntaxErrorException: Unknown column 'vehicle_model' in 'field list'
		at com.mysql.cj.jdbc.exceptions.SQLError.createSQLException(SQLError.java:121)
		at com.mysql.cj.jdbc.exceptions.SQLExceptionsMapping.translateException(SQLExceptionsMapping.java:122)
		at com.mysql.cj.jdbc.ClientPreparedStatement.executeInternal(ClientPreparedStatement.java:916)
		at com.mysql.cj.jdbc.ClientPreparedStatement.executeQuery(ClientPreparedStatement.java:972)
		at com.vehicle.OwnerVehiclesServlet.doGet(OwnerVehiclesServlet.java:49)
		at javax.servlet.http.HttpServlet.service(HttpServlet.java:529)
		at javax.servlet.http.HttpServlet.service(HttpServlet.java:623)
		at org.apache.catalina.core.ApplicationFilterChain.internalDoFilter(ApplicationFilterChain.java:199)
		at org.apache.catalina.core.ApplicationFilterChain.doFilter(ApplicationFilterChain.java:144)
		at org.apache.tomcat.websocket.server.WsFilter.doFilter(WsFilter.java:51)
		at org.apache.catalina.core.ApplicationFilterChain.internalDoFilter(ApplicationFilterChain.java:168)
		at org.apache.catalina.core.ApplicationFilterChain.doFilter(ApplicationFilterChain.java:144)
		at org.apache.catalina.core.StandardWrapperValve.invoke(StandardWrapperValve.java:168)
		at org.apache.catalina.core.StandardContextValve.invoke(StandardContextValve.java:90)
		at org.apache.catalina.authenticator.AuthenticatorBase.invoke(AuthenticatorBase.java:482)
		at org.apache.catalina.core.StandardHostValve.invoke(StandardHostValve.java:130)
		at org.apache.catalina.valves.ErrorReportValve.invoke(ErrorReportValve.java:93)
		at org.apache.catalina.valves.AbstractAccessLogValve.invoke(AbstractAccessLogValve.java:660)
		at org.apache.catalina.core.StandardEngineValve.invoke(StandardEngineValve.java:74)
		at org.apache.catalina.connector.CoyoteAdapter.service(CoyoteAdapter.java:346)
		at org.apache.coyote.http11.Http11Processor.service(Http11Processor.java:383)
		at org.apache.coyote.AbstractProcessorLight.process(AbstractProcessorLight.java:63)
		at org.apache.coyote.AbstractProtocol$ConnectionHandler.process(AbstractProtocol.java:936)
		at org.apache.tomcat.util.net.NioEndpoint$SocketProcessor.doRun(NioEndpoint.java:1791)
		at org.apache.tomcat.util.net.SocketProcessorBase.run(SocketProcessorBase.java:52)
		at org.apache.tomcat.util.threads.ThreadPoolExecutor.runWorker(ThreadPoolExecutor.java:1190)
		at org.apache.tomcat.util.threads.ThreadPoolExecutor$Worker.run(ThreadPoolExecutor.java:659)
		at org.apache.tomcat.util.threads.TaskThread$WrappingRunnable.run(TaskThread.java:63)
		at java.base/java.lang.Thread.run(Thread.java:842)
12-Oct-2025 22:35:54.465 SEVERE [http-nio-8080-exec-6] org.apache.catalina.core.StandardWrapperValve.invoke Servlet.service() for servlet [com.vehicle.OwnerVehiclesServlet] in context with path [/Vehicle] threw exception [java.sql.SQLSyntaxErrorException: Unknown column 'vehicle_model' in 'field list'] with root cause
	java.sql.SQLSyntaxErrorException: Unknown column 'vehicle_model' in 'field list'
		at com.mysql.cj.jdbc.exceptions.SQLError.createSQLException(SQLError.java:121)
		at com.mysql.cj.jdbc.exceptions.SQLExceptionsMapping.translateException(SQLExceptionsMapping.java:122)
		at com.mysql.cj.jdbc.ClientPreparedStatement.executeInternal(ClientPreparedStatement.java:916)
		at com.mysql.cj.jdbc.ClientPreparedStatement.executeQuery(ClientPreparedStatement.java:972)
		at com.vehicle.OwnerVehiclesServlet.doGet(OwnerVehiclesServlet.java:49)
		at javax.servlet.http.HttpServlet.service(HttpServlet.java:529)
		at javax.servlet.http.HttpServlet.service(HttpServlet.java:623)
		at org.apache.catalina.core.ApplicationFilterChain.internalDoFilter(ApplicationFilterChain.java:199)
		at org.apache.catalina.core.ApplicationFilterChain.doFilter(ApplicationFilterChain.java:144)
		at org.apache.tomcat.websocket.server.WsFilter.doFilter(WsFilter.java:51)
		at org.apache.catalina.core.ApplicationFilterChain.internalDoFilter(ApplicationFilterChain.java:168)
		at org.apache.catalina.core.ApplicationFilterChain.doFilter(ApplicationFilterChain.java:144)
		at org.apache.catalina.core.StandardWrapperValve.invoke(StandardWrapperValve.java:168)
		at org.apache.catalina.core.StandardContextValve.invoke(StandardContextValve.java:90)
		at org.apache.catalina.authenticator.AuthenticatorBase.invoke(AuthenticatorBase.java:482)
		at org.apache.catalina.core.StandardHostValve.invoke(StandardHostValve.java:130)
		at org.apache.catalina.valves.ErrorReportValve.invoke(ErrorReportValve.java:93)
		at org.apache.catalina.valves.AbstractAccessLogValve.invoke(AbstractAccessLogValve.java:660)
		at org.apache.catalina.core.StandardEngineValve.invoke(StandardEngineValve.java:74)
		at org.apache.catalina.connector.CoyoteAdapter.service(CoyoteAdapter.java:346)
		at org.apache.coyote.http11.Http11Processor.service(Http11Processor.java:383)
		at org.apache.coyote.AbstractProcessorLight.process(AbstractProcessorLight.java:63)
		at org.apache.coyote.AbstractProtocol$ConnectionHandler.process(AbstractProtocol.java:936)
		at org.apache.tomcat.util.net.NioEndpoint$SocketProcessor.doRun(NioEndpoint.java:1791)
		at org.apache.tomcat.util.net.SocketProcessorBase.run(SocketProcessorBase.java:52)
		at org.apache.tomcat.util.threads.ThreadPoolExecutor.runWorker(ThreadPoolExecutor.java:1190)
		at org.apache.tomcat.util.threads.ThreadPoolExecutor$Worker.run(ThreadPoolExecutor.java:659)
		at org.apache.tomcat.util.threads.TaskThread$WrappingRunnable.run(TaskThread.java:63)
		at java.base/java.lang.Thread.run(Thread.java:842)
12-Oct-2025 22:35:55.256 SEVERE [http-nio-8080-exec-7] org.apache.catalina.core.StandardWrapperValve.invoke Servlet.service() for servlet [com.vehicle.OwnerVehiclesServlet] in context with path [/Vehicle] threw exception [java.sql.SQLSyntaxErrorException: Unknown column 'vehicle_model' in 'field list'] with root cause
	java.sql.SQLSyntaxErrorException: Unknown column 'vehicle_model' in 'field list'
		at com.mysql.cj.jdbc.exceptions.SQLError.createSQLException(SQLError.java:121)
		at com.mysql.cj.jdbc.exceptions.SQLExceptionsMapping.translateException(SQLExceptionsMapping.java:122)
		at com.mysql.cj.jdbc.ClientPreparedStatement.executeInternal(ClientPreparedStatement.java:916)
		at com.mysql.cj.jdbc.ClientPreparedStatement.executeQuery(ClientPreparedStatement.java:972)
		at com.vehicle.OwnerVehiclesServlet.doGet(OwnerVehiclesServlet.java:49)
		at javax.servlet.http.HttpServlet.service(HttpServlet.java:529)
		at javax.servlet.http.HttpServlet.service(HttpServlet.java:623)
		at org.apache.catalina.core.ApplicationFilterChain.internalDoFilter(ApplicationFilterChain.java:199)
		at org.apache.catalina.core.ApplicationFilterChain.doFilter(ApplicationFilterChain.java:144)
		at org.apache.tomcat.websocket.server.WsFilter.doFilter(WsFilter.java:51)
		at org.apache.catalina.core.ApplicationFilterChain.internalDoFilter(ApplicationFilterChain.java:168)
		at org.apache.catalina.core.ApplicationFilterChain.doFilter(ApplicationFilterChain.java:144)
		at org.apache.catalina.core.StandardWrapperValve.invoke(StandardWrapperValve.java:168)
		at org.apache.catalina.core.StandardContextValve.invoke(StandardContextValve.java:90)
		at org.apache.catalina.authenticator.AuthenticatorBase.invoke(AuthenticatorBase.java:482)
		at org.apache.catalina.core.StandardHostValve.invoke(StandardHostValve.java:130)
		at org.apache.catalina.valves.ErrorReportValve.invoke(ErrorReportValve.java:93)
		at org.apache.catalina.valves.AbstractAccessLogValve.invoke(AbstractAccessLogValve.java:660)
		at org.apache.catalina.core.StandardEngineValve.invoke(StandardEngineValve.java:74)
		at org.apache.catalina.connector.CoyoteAdapter.service(CoyoteAdapter.java:346)
		at org.apache.coyote.http11.Http11Processor.service(Http11Processor.java:383)
		at org.apache.coyote.AbstractProcessorLight.process(AbstractProcessorLight.java:63)
		at org.apache.coyote.AbstractProtocol$ConnectionHandler.process(AbstractProtocol.java:936)
		at org.apache.tomcat.util.net.NioEndpoint$SocketProcessor.doRun(NioEndpoint.java:1791)
		at org.apache.tomcat.util.net.SocketProcessorBase.run(SocketProcessorBase.java:52)
		at org.apache.tomcat.util.threads.ThreadPoolExecutor.runWorker(ThreadPoolExecutor.java:1190)
		at org.apache.tomcat.util.threads.ThreadPoolExecutor$Worker.run(ThreadPoolExecutor.java:659)
		at org.apache.tomcat.util.threads.TaskThread$WrappingRunnable.run(TaskThread.java:63)
		at java.base/java.lang.Thread.run(Thread.java:842)
12-Oct-2025 22:35:55.488 SEVERE [http-nio-8080-exec-8] org.apache.catalina.core.StandardWrapperValve.invoke Servlet.service() for servlet [com.vehicle.OwnerVehiclesServlet] in context with path [/Vehicle] threw exception [java.sql.SQLSyntaxErrorException: Unknown column 'vehicle_model' in 'field list'] with root cause
	java.sql.SQLSyntaxErrorException: Unknown column 'vehicle_model' in 'field list'
		at com.mysql.cj.jdbc.exceptions.SQLError.createSQLException(SQLError.java:121)
		at com.mysql.cj.jdbc.exceptions.SQLExceptionsMapping.translateException(SQLExceptionsMapping.java:122)
		at com.mysql.cj.jdbc.ClientPreparedStatement.executeInternal(ClientPreparedStatement.java:916)
		at com.mysql.cj.jdbc.ClientPreparedStatement.executeQuery(ClientPreparedStatement.java:972)
		at com.vehicle.OwnerVehiclesServlet.doGet(OwnerVehiclesServlet.java:49)
		at javax.servlet.http.HttpServlet.service(HttpServlet.java:529)
		at javax.servlet.http.HttpServlet.service(HttpServlet.java:623)
		at org.apache.catalina.core.ApplicationFilterChain.internalDoFilter(ApplicationFilterChain.java:199)
		at org.apache.catalina.core.ApplicationFilterChain.doFilter(ApplicationFilterChain.java:144)
		at org.apache.tomcat.websocket.server.WsFilter.doFilter(WsFilter.java:51)
		at org.apache.catalina.core.ApplicationFilterChain.internalDoFilter(ApplicationFilterChain.java:168)
		at org.apache.catalina.core.ApplicationFilterChain.doFilter(ApplicationFilterChain.java:144)
		at org.apache.catalina.core.StandardWrapperValve.invoke(StandardWrapperValve.java:168)
		at org.apache.catalina.core.StandardContextValve.invoke(StandardContextValve.java:90)
		at org.apache.catalina.authenticator.AuthenticatorBase.invoke(AuthenticatorBase.java:482)
		at org.apache.catalina.core.StandardHostValve.invoke(StandardHostValve.java:130)
		at org.apache.catalina.valves.ErrorReportValve.invoke(ErrorReportValve.java:93)
		at org.apache.catalina.valves.AbstractAccessLogValve.invoke(AbstractAccessLogValve.java:660)
		at org.apache.catalina.core.StandardEngineValve.invoke(StandardEngineValve.java:74)
		at org.apache.catalina.connector.CoyoteAdapter.service(CoyoteAdapter.java:346)
		at org.apache.coyote.http11.Http11Processor.service(Http11Processor.java:383)
		at org.apache.coyote.AbstractProcessorLight.process(AbstractProcessorLight.java:63)
		at org.apache.coyote.AbstractProtocol$ConnectionHandler.process(AbstractProtocol.java:936)
		at org.apache.tomcat.util.net.NioEndpoint$SocketProcessor.doRun(NioEndpoint.java:1791)
		at org.apache.tomcat.util.net.SocketProcessorBase.run(SocketProcessorBase.java:52)
		at org.apache.tomcat.util.threads.ThreadPoolExecutor.runWorker(ThreadPoolExecutor.java:1190)
		at org.apache.tomcat.util.threads.ThreadPoolExecutor$Worker.run(ThreadPoolExecutor.java:659)
		at org.apache.tomcat.util.threads.TaskThread$WrappingRunnable.run(TaskThread.java:63)
		at java.base/java.lang.Thread.run(Thread.java:842)
12-Oct-2025 22:41:59.448 INFO [main] org.apache.catalina.core.ApplicationContext.log SessionListener: contextDestroyed()
12-Oct-2025 22:41:59.448 INFO [main] org.apache.catalina.core.ApplicationContext.log ContextListener: contextDestroyed()
12-Oct-2025 22:42:05.594 INFO [main] org.apache.catalina.core.ApplicationContext.log ContextListener: contextInitialized()
12-Oct-2025 22:42:05.595 INFO [main] org.apache.catalina.core.ApplicationContext.log SessionListener: contextInitialized()
12-Oct-2025 22:42:05.598 INFO [main] org.apache.catalina.core.ApplicationContext.log ContextListener: attributeAdded('StockTicker', 'async.Stockticker@71d9cb05')
12-Oct-2025 22:43:46.962 SEVERE [http-nio-8080-exec-3] org.apache.catalina.core.ApplicationDispatcher.invoke Servlet.service() for servlet [jsp] threw exception
	org.apache.jasper.JasperException: Unable to compile class for JSP: 

An error occurred at line: [67] in the jsp file: [/owner/vehicles.jsp]
vehicleModel cannot be resolved or is not a field
64:             <% } %>
65:           </td>
66:           <td><%= v.vehicleName %></td>
67:           <td><%= v.vehicleModel %></td>
68:           <td><%= v.vehicleType %></td>
69:           <td><%= v.vehicleNumber %></td>
70:           <td>â‚¹ <%= String.format("%.2f", v.rentPerDay) %></td>


An error occurred at line: [72] in the jsp file: [/owner/vehicles.jsp]
status cannot be resolved or is not a field
69:           <td><%= v.vehicleNumber %></td>
70:           <td>â‚¹ <%= String.format("%.2f", v.rentPerDay) %></td>
71:           <td>
72:             <span class="badge <%= "Available".equalsIgnoreCase(v.status) ? "bg-success" : ("On Trip".equalsIgnoreCase(v.status) ? "bg-warning text-dark" : "bg-secondary") %>"><%= v.status %></span>
73:           </td>
74:           <td>
75:             <span class="badge <%= v.availability ? "bg-success" : "bg-secondary" %>"><%= v.availability ? "Yes" : "No" %></span>


An error occurred at line: [72] in the jsp file: [/owner/vehicles.jsp]
status cannot be resolved or is not a field
69:           <td><%= v.vehicleNumber %></td>
70:           <td>â‚¹ <%= String.format("%.2f", v.rentPerDay) %></td>
71:           <td>
72:             <span class="badge <%= "Available".equalsIgnoreCase(v.status) ? "bg-success" : ("On Trip".equalsIgnoreCase(v.status) ? "bg-warning text-dark" : "bg-secondary") %>"><%= v.status %></span>
73:           </td>
74:           <td>
75:             <span class="badge <%= v.availability ? "bg-success" : "bg-secondary" %>"><%= v.availability ? "Yes" : "No" %></span>


An error occurred at line: [72] in the jsp file: [/owner/vehicles.jsp]
status cannot be resolved or is not a field
69:           <td><%= v.vehicleNumber %></td>
70:           <td>â‚¹ <%= String.format("%.2f", v.rentPerDay) %></td>
71:           <td>
72:             <span class="badge <%= "Available".equalsIgnoreCase(v.status) ? "bg-success" : ("On Trip".equalsIgnoreCase(v.status) ? "bg-warning text-dark" : "bg-secondary") %>"><%= v.status %></span>
73:           </td>
74:           <td>
75:             <span class="badge <%= v.availability ? "bg-success" : "bg-secondary" %>"><%= v.availability ? "Yes" : "No" %></span>


Stacktrace:
		at org.apache.jasper.compiler.DefaultErrorHandler.javacError(DefaultErrorHandler.java:81)
		at org.apache.jasper.compiler.ErrorDispatcher.javacError(ErrorDispatcher.java:214)
		at org.apache.jasper.compiler.JDTCompiler.generateClass(JDTCompiler.java:561)
		at org.apache.jasper.compiler.Compiler.compile(Compiler.java:398)
		at org.apache.jasper.compiler.Compiler.compile(Compiler.java:368)
		at org.apache.jasper.compiler.Compiler.compile(Compiler.java:352)
		at org.apache.jasper.JspCompilationContext.compile(JspCompilationContext.java:603)
		at org.apache.jasper.servlet.JspServletWrapper.service(JspServletWrapper.java:399)
		at org.apache.jasper.servlet.JspServlet.serviceJspFile(JspServlet.java:376)
		at org.apache.jasper.servlet.JspServlet.service(JspServlet.java:324)
		at javax.servlet.http.HttpServlet.service(HttpServlet.java:623)
		at org.apache.catalina.core.ApplicationFilterChain.internalDoFilter(ApplicationFilterChain.java:199)
		at org.apache.catalina.core.ApplicationFilterChain.doFilter(ApplicationFilterChain.java:144)
		at org.apache.tomcat.websocket.server.WsFilter.doFilter(WsFilter.java:51)
		at org.apache.catalina.core.ApplicationFilterChain.internalDoFilter(ApplicationFilterChain.java:168)
		at org.apache.catalina.core.ApplicationFilterChain.doFilter(ApplicationFilterChain.java:144)
		at org.apache.catalina.core.ApplicationDispatcher.invoke(ApplicationDispatcher.java:641)
		at org.apache.catalina.core.ApplicationDispatcher.processRequest(ApplicationDispatcher.java:415)
		at org.apache.catalina.core.ApplicationDispatcher.doForward(ApplicationDispatcher.java:347)
		at org.apache.catalina.core.ApplicationDispatcher.forward(ApplicationDispatcher.java:284)
		at com.vehicle.OwnerVehiclesServlet.doGet(OwnerVehiclesServlet.java:92)
		at javax.servlet.http.HttpServlet.service(HttpServlet.java:529)
		at javax.servlet.http.HttpServlet.service(HttpServlet.java:623)
		at org.apache.catalina.core.ApplicationFilterChain.internalDoFilter(ApplicationFilterChain.java:199)
		at org.apache.catalina.core.ApplicationFilterChain.doFilter(ApplicationFilterChain.java:144)
		at org.apache.tomcat.websocket.server.WsFilter.doFilter(WsFilter.java:51)
		at org.apache.catalina.core.ApplicationFilterChain.internalDoFilter(ApplicationFilterChain.java:168)
		at org.apache.catalina.core.ApplicationFilterChain.doFilter(ApplicationFilterChain.java:144)
		at org.apache.catalina.core.StandardWrapperValve.invoke(StandardWrapperValve.java:168)
		at org.apache.catalina.core.StandardContextValve.invoke(StandardContextValve.java:90)
		at org.apache.catalina.authenticator.AuthenticatorBase.invoke(AuthenticatorBase.java:482)
		at org.apache.catalina.core.StandardHostValve.invoke(StandardHostValve.java:130)
		at org.apache.catalina.valves.ErrorReportValve.invoke(ErrorReportValve.java:93)
		at org.apache.catalina.valves.AbstractAccessLogValve.invoke(AbstractAccessLogValve.java:660)
		at org.apache.catalina.core.StandardEngineValve.invoke(StandardEngineValve.java:74)
		at org.apache.catalina.connector.CoyoteAdapter.service(CoyoteAdapter.java:346)
		at org.apache.coyote.http11.Http11Processor.service(Http11Processor.java:383)
		at org.apache.coyote.AbstractProcessorLight.process(AbstractProcessorLight.java:63)
		at org.apache.coyote.AbstractProtocol$ConnectionHandler.process(AbstractProtocol.java:936)
		at org.apache.tomcat.util.net.NioEndpoint$SocketProcessor.doRun(NioEndpoint.java:1791)
		at org.apache.tomcat.util.net.SocketProcessorBase.run(SocketProcessorBase.java:52)
		at org.apache.tomcat.util.threads.ThreadPoolExecutor.runWorker(ThreadPoolExecutor.java:1190)
		at org.apache.tomcat.util.threads.ThreadPoolExecutor$Worker.run(ThreadPoolExecutor.java:659)
		at org.apache.tomcat.util.threads.TaskThread$WrappingRunnable.run(TaskThread.java:63)
		at java.base/java.lang.Thread.run(Thread.java:842)
12-Oct-2025 22:43:46.964 SEVERE [http-nio-8080-exec-3] org.apache.catalina.core.StandardWrapperValve.invoke Servlet.service() for servlet [com.vehicle.OwnerVehiclesServlet] in context with path [/Vehicle] threw exception [Unable to compile class for JSP: 

An error occurred at line: [67] in the jsp file: [/owner/vehicles.jsp]
vehicleModel cannot be resolved or is not a field
64:             <% } %>
65:           </td>
66:           <td><%= v.vehicleName %></td>
67:           <td><%= v.vehicleModel %></td>
68:           <td><%= v.vehicleType %></td>
69:           <td><%= v.vehicleNumber %></td>
70:           <td>â‚¹ <%= String.format("%.2f", v.rentPerDay) %></td>


An error occurred at line: [72] in the jsp file: [/owner/vehicles.jsp]
status cannot be resolved or is not a field
69:           <td><%= v.vehicleNumber %></td>
70:           <td>â‚¹ <%= String.format("%.2f", v.rentPerDay) %></td>
71:           <td>
72:             <span class="badge <%= "Available".equalsIgnoreCase(v.status) ? "bg-success" : ("On Trip".equalsIgnoreCase(v.status) ? "bg-warning text-dark" : "bg-secondary") %>"><%= v.status %></span>
73:           </td>
74:           <td>
75:             <span class="badge <%= v.availability ? "bg-success" : "bg-secondary" %>"><%= v.availability ? "Yes" : "No" %></span>


An error occurred at line: [72] in the jsp file: [/owner/vehicles.jsp]
status cannot be resolved or is not a field
69:           <td><%= v.vehicleNumber %></td>
70:           <td>â‚¹ <%= String.format("%.2f", v.rentPerDay) %></td>
71:           <td>
72:             <span class="badge <%= "Available".equalsIgnoreCase(v.status) ? "bg-success" : ("On Trip".equalsIgnoreCase(v.status) ? "bg-warning text-dark" : "bg-secondary") %>"><%= v.status %></span>
73:           </td>
74:           <td>
75:             <span class="badge <%= v.availability ? "bg-success" : "bg-secondary" %>"><%= v.availability ? "Yes" : "No" %></span>


An error occurred at line: [72] in the jsp file: [/owner/vehicles.jsp]
status cannot be resolved or is not a field
69:           <td><%= v.vehicleNumber %></td>
70:           <td>â‚¹ <%= String.format("%.2f", v.rentPerDay) %></td>
71:           <td>
72:             <span class="badge <%= "Available".equalsIgnoreCase(v.status) ? "bg-success" : ("On Trip".equalsIgnoreCase(v.status) ? "bg-warning text-dark" : "bg-secondary") %>"><%= v.status %></span>
73:           </td>
74:           <td>
75:             <span class="badge <%= v.availability ? "bg-success" : "bg-secondary" %>"><%= v.availability ? "Yes" : "No" %></span>


Stacktrace:] with root cause
	org.apache.jasper.JasperException: Unable to compile class for JSP: 

An error occurred at line: [67] in the jsp file: [/owner/vehicles.jsp]
vehicleModel cannot be resolved or is not a field
64:             <% } %>
65:           </td>
66:           <td><%= v.vehicleName %></td>
67:           <td><%= v.vehicleModel %></td>
68:           <td><%= v.vehicleType %></td>
69:           <td><%= v.vehicleNumber %></td>
70:           <td>â‚¹ <%= String.format("%.2f", v.rentPerDay) %></td>


An error occurred at line: [72] in the jsp file: [/owner/vehicles.jsp]
status cannot be resolved or is not a field
69:           <td><%= v.vehicleNumber %></td>
70:           <td>â‚¹ <%= String.format("%.2f", v.rentPerDay) %></td>
71:           <td>
72:             <span class="badge <%= "Available".equalsIgnoreCase(v.status) ? "bg-success" : ("On Trip".equalsIgnoreCase(v.status) ? "bg-warning text-dark" : "bg-secondary") %>"><%= v.status %></span>
73:           </td>
74:           <td>
75:             <span class="badge <%= v.availability ? "bg-success" : "bg-secondary" %>"><%= v.availability ? "Yes" : "No" %></span>


An error occurred at line: [72] in the jsp file: [/owner/vehicles.jsp]
status cannot be resolved or is not a field
69:           <td><%= v.vehicleNumber %></td>
70:           <td>â‚¹ <%= String.format("%.2f", v.rentPerDay) %></td>
71:           <td>
72:             <span class="badge <%= "Available".equalsIgnoreCase(v.status) ? "bg-success" : ("On Trip".equalsIgnoreCase(v.status) ? "bg-warning text-dark" : "bg-secondary") %>"><%= v.status %></span>
73:           </td>
74:           <td>
75:             <span class="badge <%= v.availability ? "bg-success" : "bg-secondary" %>"><%= v.availability ? "Yes" : "No" %></span>


An error occurred at line: [72] in the jsp file: [/owner/vehicles.jsp]
status cannot be resolved or is not a field
69:           <td><%= v.vehicleNumber %></td>
70:           <td>â‚¹ <%= String.format("%.2f", v.rentPerDay) %></td>
71:           <td>
72:             <span class="badge <%= "Available".equalsIgnoreCase(v.status) ? "bg-success" : ("On Trip".equalsIgnoreCase(v.status) ? "bg-warning text-dark" : "bg-secondary") %>"><%= v.status %></span>
73:           </td>
74:           <td>
75:             <span class="badge <%= v.availability ? "bg-success" : "bg-secondary" %>"><%= v.availability ? "Yes" : "No" %></span>


Stacktrace:
		at org.apache.jasper.compiler.DefaultErrorHandler.javacError(DefaultErrorHandler.java:81)
		at org.apache.jasper.compiler.ErrorDispatcher.javacError(ErrorDispatcher.java:214)
		at org.apache.jasper.compiler.JDTCompiler.generateClass(JDTCompiler.java:561)
		at org.apache.jasper.compiler.Compiler.compile(Compiler.java:398)
		at org.apache.jasper.compiler.Compiler.compile(Compiler.java:368)
		at org.apache.jasper.compiler.Compiler.compile(Compiler.java:352)
		at org.apache.jasper.JspCompilationContext.compile(JspCompilationContext.java:603)
		at org.apache.jasper.servlet.JspServletWrapper.service(JspServletWrapper.java:399)
		at org.apache.jasper.servlet.JspServlet.serviceJspFile(JspServlet.java:376)
		at org.apache.jasper.servlet.JspServlet.service(JspServlet.java:324)
		at javax.servlet.http.HttpServlet.service(HttpServlet.java:623)
		at org.apache.catalina.core.ApplicationFilterChain.internalDoFilter(ApplicationFilterChain.java:199)
		at org.apache.catalina.core.ApplicationFilterChain.doFilter(ApplicationFilterChain.java:144)
		at org.apache.tomcat.websocket.server.WsFilter.doFilter(WsFilter.java:51)
		at org.apache.catalina.core.ApplicationFilterChain.internalDoFilter(ApplicationFilterChain.java:168)
		at org.apache.catalina.core.ApplicationFilterChain.doFilter(ApplicationFilterChain.java:144)
		at org.apache.catalina.core.ApplicationDispatcher.invoke(ApplicationDispatcher.java:641)
		at org.apache.catalina.core.ApplicationDispatcher.processRequest(ApplicationDispatcher.java:415)
		at org.apache.catalina.core.ApplicationDispatcher.doForward(ApplicationDispatcher.java:347)
		at org.apache.catalina.core.ApplicationDispatcher.forward(ApplicationDispatcher.java:284)
		at com.vehicle.OwnerVehiclesServlet.doGet(OwnerVehiclesServlet.java:92)
		at javax.servlet.http.HttpServlet.service(HttpServlet.java:529)
		at javax.servlet.http.HttpServlet.service(HttpServlet.java:623)
		at org.apache.catalina.core.ApplicationFilterChain.internalDoFilter(ApplicationFilterChain.java:199)
		at org.apache.catalina.core.ApplicationFilterChain.doFilter(ApplicationFilterChain.java:144)
		at org.apache.tomcat.websocket.server.WsFilter.doFilter(WsFilter.java:51)
		at org.apache.catalina.core.ApplicationFilterChain.internalDoFilter(ApplicationFilterChain.java:168)
		at org.apache.catalina.core.ApplicationFilterChain.doFilter(ApplicationFilterChain.java:144)
		at org.apache.catalina.core.StandardWrapperValve.invoke(StandardWrapperValve.java:168)
		at org.apache.catalina.core.StandardContextValve.invoke(StandardContextValve.java:90)
		at org.apache.catalina.authenticator.AuthenticatorBase.invoke(AuthenticatorBase.java:482)
		at org.apache.catalina.core.StandardHostValve.invoke(StandardHostValve.java:130)
		at org.apache.catalina.valves.ErrorReportValve.invoke(ErrorReportValve.java:93)
		at org.apache.catalina.valves.AbstractAccessLogValve.invoke(AbstractAccessLogValve.java:660)
		at org.apache.catalina.core.StandardEngineValve.invoke(StandardEngineValve.java:74)
		at org.apache.catalina.connector.CoyoteAdapter.service(CoyoteAdapter.java:346)
		at org.apache.coyote.http11.Http11Processor.service(Http11Processor.java:383)
		at org.apache.coyote.AbstractProcessorLight.process(AbstractProcessorLight.java:63)
		at org.apache.coyote.AbstractProtocol$ConnectionHandler.process(AbstractProtocol.java:936)
		at org.apache.tomcat.util.net.NioEndpoint$SocketProcessor.doRun(NioEndpoint.java:1791)
		at org.apache.tomcat.util.net.SocketProcessorBase.run(SocketProcessorBase.java:52)
		at org.apache.tomcat.util.threads.ThreadPoolExecutor.runWorker(ThreadPoolExecutor.java:1190)
		at org.apache.tomcat.util.threads.ThreadPoolExecutor$Worker.run(ThreadPoolExecutor.java:659)
		at org.apache.tomcat.util.threads.TaskThread$WrappingRunnable.run(TaskThread.java:63)
		at java.base/java.lang.Thread.run(Thread.java:842)
12-Oct-2025 22:43:54.628 SEVERE [http-nio-8080-exec-7] org.apache.catalina.core.ApplicationDispatcher.invoke Servlet.service() for servlet [jsp] threw exception
	org.apache.jasper.JasperException: Unable to compile class for JSP: 

An error occurred at line: [67] in the jsp file: [/owner/vehicles.jsp]
vehicleModel cannot be resolved or is not a field
64:             <% } %>
65:           </td>
66:           <td><%= v.vehicleName %></td>
67:           <td><%= v.vehicleModel %></td>
68:           <td><%= v.vehicleType %></td>
69:           <td><%= v.vehicleNumber %></td>
70:           <td>â‚¹ <%= String.format("%.2f", v.rentPerDay) %></td>


An error occurred at line: [72] in the jsp file: [/owner/vehicles.jsp]
status cannot be resolved or is not a field
69:           <td><%= v.vehicleNumber %></td>
70:           <td>â‚¹ <%= String.format("%.2f", v.rentPerDay) %></td>
71:           <td>
72:             <span class="badge <%= "Available".equalsIgnoreCase(v.status) ? "bg-success" : ("On Trip".equalsIgnoreCase(v.status) ? "bg-warning text-dark" : "bg-secondary") %>"><%= v.status %></span>
73:           </td>
74:           <td>
75:             <span class="badge <%= v.availability ? "bg-success" : "bg-secondary" %>"><%= v.availability ? "Yes" : "No" %></span>


An error occurred at line: [72] in the jsp file: [/owner/vehicles.jsp]
status cannot be resolved or is not a field
69:           <td><%= v.vehicleNumber %></td>
70:           <td>â‚¹ <%= String.format("%.2f", v.rentPerDay) %></td>
71:           <td>
72:             <span class="badge <%= "Available".equalsIgnoreCase(v.status) ? "bg-success" : ("On Trip".equalsIgnoreCase(v.status) ? "bg-warning text-dark" : "bg-secondary") %>"><%= v.status %></span>
73:           </td>
74:           <td>
75:             <span class="badge <%= v.availability ? "bg-success" : "bg-secondary" %>"><%= v.availability ? "Yes" : "No" %></span>


An error occurred at line: [72] in the jsp file: [/owner/vehicles.jsp]
status cannot be resolved or is not a field
69:           <td><%= v.vehicleNumber %></td>
70:           <td>â‚¹ <%= String.format("%.2f", v.rentPerDay) %></td>
71:           <td>
72:             <span class="badge <%= "Available".equalsIgnoreCase(v.status) ? "bg-success" : ("On Trip".equalsIgnoreCase(v.status) ? "bg-warning text-dark" : "bg-secondary") %>"><%= v.status %></span>
73:           </td>
74:           <td>
75:             <span class="badge <%= v.availability ? "bg-success" : "bg-secondary" %>"><%= v.availability ? "Yes" : "No" %></span>


Stacktrace:
		at org.apache.jasper.compiler.DefaultErrorHandler.javacError(DefaultErrorHandler.java:81)
		at org.apache.jasper.compiler.ErrorDispatcher.javacError(ErrorDispatcher.java:214)
		at org.apache.jasper.compiler.JDTCompiler.generateClass(JDTCompiler.java:561)
		at org.apache.jasper.compiler.Compiler.compile(Compiler.java:398)
		at org.apache.jasper.compiler.Compiler.compile(Compiler.java:368)
		at org.apache.jasper.compiler.Compiler.compile(Compiler.java:352)
		at org.apache.jasper.JspCompilationContext.compile(JspCompilationContext.java:603)
		at org.apache.jasper.servlet.JspServletWrapper.service(JspServletWrapper.java:399)
		at org.apache.jasper.servlet.JspServlet.serviceJspFile(JspServlet.java:376)
		at org.apache.jasper.servlet.JspServlet.service(JspServlet.java:324)
		at javax.servlet.http.HttpServlet.service(HttpServlet.java:623)
		at org.apache.catalina.core.ApplicationFilterChain.internalDoFilter(ApplicationFilterChain.java:199)
		at org.apache.catalina.core.ApplicationFilterChain.doFilter(ApplicationFilterChain.java:144)
		at org.apache.tomcat.websocket.server.WsFilter.doFilter(WsFilter.java:51)
		at org.apache.catalina.core.ApplicationFilterChain.internalDoFilter(ApplicationFilterChain.java:168)
		at org.apache.catalina.core.ApplicationFilterChain.doFilter(ApplicationFilterChain.java:144)
		at org.apache.catalina.core.ApplicationDispatcher.invoke(ApplicationDispatcher.java:641)
		at org.apache.catalina.core.ApplicationDispatcher.processRequest(ApplicationDispatcher.java:415)
		at org.apache.catalina.core.ApplicationDispatcher.doForward(ApplicationDispatcher.java:347)
		at org.apache.catalina.core.ApplicationDispatcher.forward(ApplicationDispatcher.java:284)
		at com.vehicle.OwnerVehiclesServlet.doGet(OwnerVehiclesServlet.java:92)
		at javax.servlet.http.HttpServlet.service(HttpServlet.java:529)
		at javax.servlet.http.HttpServlet.service(HttpServlet.java:623)
		at org.apache.catalina.core.ApplicationFilterChain.internalDoFilter(ApplicationFilterChain.java:199)
		at org.apache.catalina.core.ApplicationFilterChain.doFilter(ApplicationFilterChain.java:144)
		at org.apache.tomcat.websocket.server.WsFilter.doFilter(WsFilter.java:51)
		at org.apache.catalina.core.ApplicationFilterChain.internalDoFilter(ApplicationFilterChain.java:168)
		at org.apache.catalina.core.ApplicationFilterChain.doFilter(ApplicationFilterChain.java:144)
		at org.apache.catalina.core.StandardWrapperValve.invoke(StandardWrapperValve.java:168)
		at org.apache.catalina.core.StandardContextValve.invoke(StandardContextValve.java:90)
		at org.apache.catalina.authenticator.AuthenticatorBase.invoke(AuthenticatorBase.java:482)
		at org.apache.catalina.core.StandardHostValve.invoke(StandardHostValve.java:130)
		at org.apache.catalina.valves.ErrorReportValve.invoke(ErrorReportValve.java:93)
		at org.apache.catalina.valves.AbstractAccessLogValve.invoke(AbstractAccessLogValve.java:660)
		at org.apache.catalina.core.StandardEngineValve.invoke(StandardEngineValve.java:74)
		at org.apache.catalina.connector.CoyoteAdapter.service(CoyoteAdapter.java:346)
		at org.apache.coyote.http11.Http11Processor.service(Http11Processor.java:383)
		at org.apache.coyote.AbstractProcessorLight.process(AbstractProcessorLight.java:63)
		at org.apache.coyote.AbstractProtocol$ConnectionHandler.process(AbstractProtocol.java:936)
		at org.apache.tomcat.util.net.NioEndpoint$SocketProcessor.doRun(NioEndpoint.java:1791)
		at org.apache.tomcat.util.net.SocketProcessorBase.run(SocketProcessorBase.java:52)
		at org.apache.tomcat.util.threads.ThreadPoolExecutor.runWorker(ThreadPoolExecutor.java:1190)
		at org.apache.tomcat.util.threads.ThreadPoolExecutor$Worker.run(ThreadPoolExecutor.java:659)
		at org.apache.tomcat.util.threads.TaskThread$WrappingRunnable.run(TaskThread.java:63)
		at java.base/java.lang.Thread.run(Thread.java:842)
12-Oct-2025 22:43:54.628 SEVERE [http-nio-8080-exec-7] org.apache.catalina.core.StandardWrapperValve.invoke Servlet.service() for servlet [com.vehicle.OwnerVehiclesServlet] in context with path [/Vehicle] threw exception [Unable to compile class for JSP: 

An error occurred at line: [67] in the jsp file: [/owner/vehicles.jsp]
vehicleModel cannot be resolved or is not a field
64:             <% } %>
65:           </td>
66:           <td><%= v.vehicleName %></td>
67:           <td><%= v.vehicleModel %></td>
68:           <td><%= v.vehicleType %></td>
69:           <td><%= v.vehicleNumber %></td>
70:           <td>â‚¹ <%= String.format("%.2f", v.rentPerDay) %></td>


An error occurred at line: [72] in the jsp file: [/owner/vehicles.jsp]
status cannot be resolved or is not a field
69:           <td><%= v.vehicleNumber %></td>
70:           <td>â‚¹ <%= String.format("%.2f", v.rentPerDay) %></td>
71:           <td>
72:             <span class="badge <%= "Available".equalsIgnoreCase(v.status) ? "bg-success" : ("On Trip".equalsIgnoreCase(v.status) ? "bg-warning text-dark" : "bg-secondary") %>"><%= v.status %></span>
73:           </td>
74:           <td>
75:             <span class="badge <%= v.availability ? "bg-success" : "bg-secondary" %>"><%= v.availability ? "Yes" : "No" %></span>


An error occurred at line: [72] in the jsp file: [/owner/vehicles.jsp]
status cannot be resolved or is not a field
69:           <td><%= v.vehicleNumber %></td>
70:           <td>â‚¹ <%= String.format("%.2f", v.rentPerDay) %></td>
71:           <td>
72:             <span class="badge <%= "Available".equalsIgnoreCase(v.status) ? "bg-success" : ("On Trip".equalsIgnoreCase(v.status) ? "bg-warning text-dark" : "bg-secondary") %>"><%= v.status %></span>
73:           </td>
74:           <td>
75:             <span class="badge <%= v.availability ? "bg-success" : "bg-secondary" %>"><%= v.availability ? "Yes" : "No" %></span>


An error occurred at line: [72] in the jsp file: [/owner/vehicles.jsp]
status cannot be resolved or is not a field
69:           <td><%= v.vehicleNumber %></td>
70:           <td>â‚¹ <%= String.format("%.2f", v.rentPerDay) %></td>
71:           <td>
72:             <span class="badge <%= "Available".equalsIgnoreCase(v.status) ? "bg-success" : ("On Trip".equalsIgnoreCase(v.status) ? "bg-warning text-dark" : "bg-secondary") %>"><%= v.status %></span>
73:           </td>
74:           <td>
75:             <span class="badge <%= v.availability ? "bg-success" : "bg-secondary" %>"><%= v.availability ? "Yes" : "No" %></span>


Stacktrace:] with root cause
	org.apache.jasper.JasperException: Unable to compile class for JSP: 

An error occurred at line: [67] in the jsp file: [/owner/vehicles.jsp]
vehicleModel cannot be resolved or is not a field
64:             <% } %>
65:           </td>
66:           <td><%= v.vehicleName %></td>
67:           <td><%= v.vehicleModel %></td>
68:           <td><%= v.vehicleType %></td>
69:           <td><%= v.vehicleNumber %></td>
70:           <td>â‚¹ <%= String.format("%.2f", v.rentPerDay) %></td>


An error occurred at line: [72] in the jsp file: [/owner/vehicles.jsp]
status cannot be resolved or is not a field
69:           <td><%= v.vehicleNumber %></td>
70:           <td>â‚¹ <%= String.format("%.2f", v.rentPerDay) %></td>
71:           <td>
72:             <span class="badge <%= "Available".equalsIgnoreCase(v.status) ? "bg-success" : ("On Trip".equalsIgnoreCase(v.status) ? "bg-warning text-dark" : "bg-secondary") %>"><%= v.status %></span>
73:           </td>
74:           <td>
75:             <span class="badge <%= v.availability ? "bg-success" : "bg-secondary" %>"><%= v.availability ? "Yes" : "No" %></span>


An error occurred at line: [72] in the jsp file: [/owner/vehicles.jsp]
status cannot be resolved or is not a field
69:           <td><%= v.vehicleNumber %></td>
70:           <td>â‚¹ <%= String.format("%.2f", v.rentPerDay) %></td>
71:           <td>
72:             <span class="badge <%= "Available".equalsIgnoreCase(v.status) ? "bg-success" : ("On Trip".equalsIgnoreCase(v.status) ? "bg-warning text-dark" : "bg-secondary") %>"><%= v.status %></span>
73:           </td>
74:           <td>
75:             <span class="badge <%= v.availability ? "bg-success" : "bg-secondary" %>"><%= v.availability ? "Yes" : "No" %></span>


An error occurred at line: [72] in the jsp file: [/owner/vehicles.jsp]
status cannot be resolved or is not a field
69:           <td><%= v.vehicleNumber %></td>
70:           <td>â‚¹ <%= String.format("%.2f", v.rentPerDay) %></td>
71:           <td>
72:             <span class="badge <%= "Available".equalsIgnoreCase(v.status) ? "bg-success" : ("On Trip".equalsIgnoreCase(v.status) ? "bg-warning text-dark" : "bg-secondary") %>"><%= v.status %></span>
73:           </td>
74:           <td>
75:             <span class="badge <%= v.availability ? "bg-success" : "bg-secondary" %>"><%= v.availability ? "Yes" : "No" %></span>


Stacktrace:
		at org.apache.jasper.compiler.DefaultErrorHandler.javacError(DefaultErrorHandler.java:81)
		at org.apache.jasper.compiler.ErrorDispatcher.javacError(ErrorDispatcher.java:214)
		at org.apache.jasper.compiler.JDTCompiler.generateClass(JDTCompiler.java:561)
		at org.apache.jasper.compiler.Compiler.compile(Compiler.java:398)
		at org.apache.jasper.compiler.Compiler.compile(Compiler.java:368)
		at org.apache.jasper.compiler.Compiler.compile(Compiler.java:352)
		at org.apache.jasper.JspCompilationContext.compile(JspCompilationContext.java:603)
		at org.apache.jasper.servlet.JspServletWrapper.service(JspServletWrapper.java:399)
		at org.apache.jasper.servlet.JspServlet.serviceJspFile(JspServlet.java:376)
		at org.apache.jasper.servlet.JspServlet.service(JspServlet.java:324)
		at javax.servlet.http.HttpServlet.service(HttpServlet.java:623)
		at org.apache.catalina.core.ApplicationFilterChain.internalDoFilter(ApplicationFilterChain.java:199)
		at org.apache.catalina.core.ApplicationFilterChain.doFilter(ApplicationFilterChain.java:144)
		at org.apache.tomcat.websocket.server.WsFilter.doFilter(WsFilter.java:51)
		at org.apache.catalina.core.ApplicationFilterChain.internalDoFilter(ApplicationFilterChain.java:168)
		at org.apache.catalina.core.ApplicationFilterChain.doFilter(ApplicationFilterChain.java:144)
		at org.apache.catalina.core.ApplicationDispatcher.invoke(ApplicationDispatcher.java:641)
		at org.apache.catalina.core.ApplicationDispatcher.processRequest(ApplicationDispatcher.java:415)
		at org.apache.catalina.core.ApplicationDispatcher.doForward(ApplicationDispatcher.java:347)
		at org.apache.catalina.core.ApplicationDispatcher.forward(ApplicationDispatcher.java:284)
		at com.vehicle.OwnerVehiclesServlet.doGet(OwnerVehiclesServlet.java:92)
		at javax.servlet.http.HttpServlet.service(HttpServlet.java:529)
		at javax.servlet.http.HttpServlet.service(HttpServlet.java:623)
		at org.apache.catalina.core.ApplicationFilterChain.internalDoFilter(ApplicationFilterChain.java:199)
		at org.apache.catalina.core.ApplicationFilterChain.doFilter(ApplicationFilterChain.java:144)
		at org.apache.tomcat.websocket.server.WsFilter.doFilter(WsFilter.java:51)
		at org.apache.catalina.core.ApplicationFilterChain.internalDoFilter(ApplicationFilterChain.java:168)
		at org.apache.catalina.core.ApplicationFilterChain.doFilter(ApplicationFilterChain.java:144)
		at org.apache.catalina.core.StandardWrapperValve.invoke(StandardWrapperValve.java:168)
		at org.apache.catalina.core.StandardContextValve.invoke(StandardContextValve.java:90)
		at org.apache.catalina.authenticator.AuthenticatorBase.invoke(AuthenticatorBase.java:482)
		at org.apache.catalina.core.StandardHostValve.invoke(StandardHostValve.java:130)
		at org.apache.catalina.valves.ErrorReportValve.invoke(ErrorReportValve.java:93)
		at org.apache.catalina.valves.AbstractAccessLogValve.invoke(AbstractAccessLogValve.java:660)
		at org.apache.catalina.core.StandardEngineValve.invoke(StandardEngineValve.java:74)
		at org.apache.catalina.connector.CoyoteAdapter.service(CoyoteAdapter.java:346)
		at org.apache.coyote.http11.Http11Processor.service(Http11Processor.java:383)
		at org.apache.coyote.AbstractProcessorLight.process(AbstractProcessorLight.java:63)
		at org.apache.coyote.AbstractProtocol$ConnectionHandler.process(AbstractProtocol.java:936)
		at org.apache.tomcat.util.net.NioEndpoint$SocketProcessor.doRun(NioEndpoint.java:1791)
		at org.apache.tomcat.util.net.SocketProcessorBase.run(SocketProcessorBase.java:52)
		at org.apache.tomcat.util.threads.ThreadPoolExecutor.runWorker(ThreadPoolExecutor.java:1190)
		at org.apache.tomcat.util.threads.ThreadPoolExecutor$Worker.run(ThreadPoolExecutor.java:659)
		at org.apache.tomcat.util.threads.TaskThread$WrappingRunnable.run(TaskThread.java:63)
		at java.base/java.lang.Thread.run(Thread.java:842)
12-Oct-2025 23:03:04.644 SEVERE [http-nio-8080-exec-1] org.apache.catalina.core.ApplicationDispatcher.invoke Servlet.service() for servlet [jsp] threw exception
	org.apache.jasper.JasperException: Unable to compile class for JSP: 

An error occurred at line: [67] in the jsp file: [/owner/vehicles.jsp]
vehicleModel cannot be resolved or is not a field
64:             <% } %>
65:           </td>
66:           <td><%= v.vehicleName %></td>
67:           <td><%= v.vehicleModel %></td>
68:           <td><%= v.vehicleType %></td>
69:           <td><%= v.vehicleNumber %></td>
70:           <td>â‚¹ <%= String.format("%.2f", v.rentPerDay) %></td>


An error occurred at line: [72] in the jsp file: [/owner/vehicles.jsp]
status cannot be resolved or is not a field
69:           <td><%= v.vehicleNumber %></td>
70:           <td>â‚¹ <%= String.format("%.2f", v.rentPerDay) %></td>
71:           <td>
72:             <span class="badge <%= "Available".equalsIgnoreCase(v.status) ? "bg-success" : ("On Trip".equalsIgnoreCase(v.status) ? "bg-warning text-dark" : "bg-secondary") %>"><%= v.status %></span>
73:           </td>
74:           <td>
75:             <span class="badge <%= v.availability ? "bg-success" : "bg-secondary" %>"><%= v.availability ? "Yes" : "No" %></span>


An error occurred at line: [72] in the jsp file: [/owner/vehicles.jsp]
status cannot be resolved or is not a field
69:           <td><%= v.vehicleNumber %></td>
70:           <td>â‚¹ <%= String.format("%.2f", v.rentPerDay) %></td>
71:           <td>
72:             <span class="badge <%= "Available".equalsIgnoreCase(v.status) ? "bg-success" : ("On Trip".equalsIgnoreCase(v.status) ? "bg-warning text-dark" : "bg-secondary") %>"><%= v.status %></span>
73:           </td>
74:           <td>
75:             <span class="badge <%= v.availability ? "bg-success" : "bg-secondary" %>"><%= v.availability ? "Yes" : "No" %></span>


An error occurred at line: [72] in the jsp file: [/owner/vehicles.jsp]
status cannot be resolved or is not a field
69:           <td><%= v.vehicleNumber %></td>
70:           <td>â‚¹ <%= String.format("%.2f", v.rentPerDay) %></td>
71:           <td>
72:             <span class="badge <%= "Available".equalsIgnoreCase(v.status) ? "bg-success" : ("On Trip".equalsIgnoreCase(v.status) ? "bg-warning text-dark" : "bg-secondary") %>"><%= v.status %></span>
73:           </td>
74:           <td>
75:             <span class="badge <%= v.availability ? "bg-success" : "bg-secondary" %>"><%= v.availability ? "Yes" : "No" %></span>


Stacktrace:
		at org.apache.jasper.compiler.DefaultErrorHandler.javacError(DefaultErrorHandler.java:81)
		at org.apache.jasper.compiler.ErrorDispatcher.javacError(ErrorDispatcher.java:214)
		at org.apache.jasper.compiler.JDTCompiler.generateClass(JDTCompiler.java:561)
		at org.apache.jasper.compiler.Compiler.compile(Compiler.java:398)
		at org.apache.jasper.compiler.Compiler.compile(Compiler.java:368)
		at org.apache.jasper.compiler.Compiler.compile(Compiler.java:352)
		at org.apache.jasper.JspCompilationContext.compile(JspCompilationContext.java:603)
		at org.apache.jasper.servlet.JspServletWrapper.service(JspServletWrapper.java:399)
		at org.apache.jasper.servlet.JspServlet.serviceJspFile(JspServlet.java:376)
		at org.apache.jasper.servlet.JspServlet.service(JspServlet.java:324)
		at javax.servlet.http.HttpServlet.service(HttpServlet.java:623)
		at org.apache.catalina.core.ApplicationFilterChain.internalDoFilter(ApplicationFilterChain.java:199)
		at org.apache.catalina.core.ApplicationFilterChain.doFilter(ApplicationFilterChain.java:144)
		at org.apache.tomcat.websocket.server.WsFilter.doFilter(WsFilter.java:51)
		at org.apache.catalina.core.ApplicationFilterChain.internalDoFilter(ApplicationFilterChain.java:168)
		at org.apache.catalina.core.ApplicationFilterChain.doFilter(ApplicationFilterChain.java:144)
		at org.apache.catalina.core.ApplicationDispatcher.invoke(ApplicationDispatcher.java:641)
		at org.apache.catalina.core.ApplicationDispatcher.processRequest(ApplicationDispatcher.java:415)
		at org.apache.catalina.core.ApplicationDispatcher.doForward(ApplicationDispatcher.java:347)
		at org.apache.catalina.core.ApplicationDispatcher.forward(ApplicationDispatcher.java:284)
		at com.vehicle.OwnerVehiclesServlet.doGet(OwnerVehiclesServlet.java:92)
		at javax.servlet.http.HttpServlet.service(HttpServlet.java:529)
		at javax.servlet.http.HttpServlet.service(HttpServlet.java:623)
		at org.apache.catalina.core.ApplicationFilterChain.internalDoFilter(ApplicationFilterChain.java:199)
		at org.apache.catalina.core.ApplicationFilterChain.doFilter(ApplicationFilterChain.java:144)
		at org.apache.tomcat.websocket.server.WsFilter.doFilter(WsFilter.java:51)
		at org.apache.catalina.core.ApplicationFilterChain.internalDoFilter(ApplicationFilterChain.java:168)
		at org.apache.catalina.core.ApplicationFilterChain.doFilter(ApplicationFilterChain.java:144)
		at org.apache.catalina.core.StandardWrapperValve.invoke(StandardWrapperValve.java:168)
		at org.apache.catalina.core.StandardContextValve.invoke(StandardContextValve.java:90)
		at org.apache.catalina.authenticator.AuthenticatorBase.invoke(AuthenticatorBase.java:482)
		at org.apache.catalina.core.StandardHostValve.invoke(StandardHostValve.java:130)
		at org.apache.catalina.valves.ErrorReportValve.invoke(ErrorReportValve.java:93)
		at org.apache.catalina.valves.AbstractAccessLogValve.invoke(AbstractAccessLogValve.java:660)
		at org.apache.catalina.core.StandardEngineValve.invoke(StandardEngineValve.java:74)
		at org.apache.catalina.connector.CoyoteAdapter.service(CoyoteAdapter.java:346)
		at org.apache.coyote.http11.Http11Processor.service(Http11Processor.java:383)
		at org.apache.coyote.AbstractProcessorLight.process(AbstractProcessorLight.java:63)
		at org.apache.coyote.AbstractProtocol$ConnectionHandler.process(AbstractProtocol.java:936)
		at org.apache.tomcat.util.net.NioEndpoint$SocketProcessor.doRun(NioEndpoint.java:1791)
		at org.apache.tomcat.util.net.SocketProcessorBase.run(SocketProcessorBase.java:52)
		at org.apache.tomcat.util.threads.ThreadPoolExecutor.runWorker(ThreadPoolExecutor.java:1190)
		at org.apache.tomcat.util.threads.ThreadPoolExecutor$Worker.run(ThreadPoolExecutor.java:659)
		at org.apache.tomcat.util.threads.TaskThread$WrappingRunnable.run(TaskThread.java:63)
		at java.base/java.lang.Thread.run(Thread.java:842)
12-Oct-2025 23:03:04.644 SEVERE [http-nio-8080-exec-1] org.apache.catalina.core.StandardWrapperValve.invoke Servlet.service() for servlet [com.vehicle.OwnerVehiclesServlet] in context with path [/Vehicle] threw exception [Unable to compile class for JSP: 

An error occurred at line: [67] in the jsp file: [/owner/vehicles.jsp]
vehicleModel cannot be resolved or is not a field
64:             <% } %>
65:           </td>
66:           <td><%= v.vehicleName %></td>
67:           <td><%= v.vehicleModel %></td>
68:           <td><%= v.vehicleType %></td>
69:           <td><%= v.vehicleNumber %></td>
70:           <td>â‚¹ <%= String.format("%.2f", v.rentPerDay) %></td>


An error occurred at line: [72] in the jsp file: [/owner/vehicles.jsp]
status cannot be resolved or is not a field
69:           <td><%= v.vehicleNumber %></td>
70:           <td>â‚¹ <%= String.format("%.2f", v.rentPerDay) %></td>
71:           <td>
72:             <span class="badge <%= "Available".equalsIgnoreCase(v.status) ? "bg-success" : ("On Trip".equalsIgnoreCase(v.status) ? "bg-warning text-dark" : "bg-secondary") %>"><%= v.status %></span>
73:           </td>
74:           <td>
75:             <span class="badge <%= v.availability ? "bg-success" : "bg-secondary" %>"><%= v.availability ? "Yes" : "No" %></span>


An error occurred at line: [72] in the jsp file: [/owner/vehicles.jsp]
status cannot be resolved or is not a field
69:           <td><%= v.vehicleNumber %></td>
70:           <td>â‚¹ <%= String.format("%.2f", v.rentPerDay) %></td>
71:           <td>
72:             <span class="badge <%= "Available".equalsIgnoreCase(v.status) ? "bg-success" : ("On Trip".equalsIgnoreCase(v.status) ? "bg-warning text-dark" : "bg-secondary") %>"><%= v.status %></span>
73:           </td>
74:           <td>
75:             <span class="badge <%= v.availability ? "bg-success" : "bg-secondary" %>"><%= v.availability ? "Yes" : "No" %></span>


An error occurred at line: [72] in the jsp file: [/owner/vehicles.jsp]
status cannot be resolved or is not a field
69:           <td><%= v.vehicleNumber %></td>
70:           <td>â‚¹ <%= String.format("%.2f", v.rentPerDay) %></td>
71:           <td>
72:             <span class="badge <%= "Available".equalsIgnoreCase(v.status) ? "bg-success" : ("On Trip".equalsIgnoreCase(v.status) ? "bg-warning text-dark" : "bg-secondary") %>"><%= v.status %></span>
73:           </td>
74:           <td>
75:             <span class="badge <%= v.availability ? "bg-success" : "bg-secondary" %>"><%= v.availability ? "Yes" : "No" %></span>


Stacktrace:] with root cause
	org.apache.jasper.JasperException: Unable to compile class for JSP: 

An error occurred at line: [67] in the jsp file: [/owner/vehicles.jsp]
vehicleModel cannot be resolved or is not a field
64:             <% } %>
65:           </td>
66:           <td><%= v.vehicleName %></td>
67:           <td><%= v.vehicleModel %></td>
68:           <td><%= v.vehicleType %></td>
69:           <td><%= v.vehicleNumber %></td>
70:           <td>â‚¹ <%= String.format("%.2f", v.rentPerDay) %></td>


An error occurred at line: [72] in the jsp file: [/owner/vehicles.jsp]
status cannot be resolved or is not a field
69:           <td><%= v.vehicleNumber %></td>
70:           <td>â‚¹ <%= String.format("%.2f", v.rentPerDay) %></td>
71:           <td>
72:             <span class="badge <%= "Available".equalsIgnoreCase(v.status) ? "bg-success" : ("On Trip".equalsIgnoreCase(v.status) ? "bg-warning text-dark" : "bg-secondary") %>"><%= v.status %></span>
73:           </td>
74:           <td>
75:             <span class="badge <%= v.availability ? "bg-success" : "bg-secondary" %>"><%= v.availability ? "Yes" : "No" %></span>


An error occurred at line: [72] in the jsp file: [/owner/vehicles.jsp]
status cannot be resolved or is not a field
69:           <td><%= v.vehicleNumber %></td>
70:           <td>â‚¹ <%= String.format("%.2f", v.rentPerDay) %></td>
71:           <td>
72:             <span class="badge <%= "Available".equalsIgnoreCase(v.status) ? "bg-success" : ("On Trip".equalsIgnoreCase(v.status) ? "bg-warning text-dark" : "bg-secondary") %>"><%= v.status %></span>
73:           </td>
74:           <td>
75:             <span class="badge <%= v.availability ? "bg-success" : "bg-secondary" %>"><%= v.availability ? "Yes" : "No" %></span>


An error occurred at line: [72] in the jsp file: [/owner/vehicles.jsp]
status cannot be resolved or is not a field
69:           <td><%= v.vehicleNumber %></td>
70:           <td>â‚¹ <%= String.format("%.2f", v.rentPerDay) %></td>
71:           <td>
72:             <span class="badge <%= "Available".equalsIgnoreCase(v.status) ? "bg-success" : ("On Trip".equalsIgnoreCase(v.status) ? "bg-warning text-dark" : "bg-secondary") %>"><%= v.status %></span>
73:           </td>
74:           <td>
75:             <span class="badge <%= v.availability ? "bg-success" : "bg-secondary" %>"><%= v.availability ? "Yes" : "No" %></span>


Stacktrace:
		at org.apache.jasper.compiler.DefaultErrorHandler.javacError(DefaultErrorHandler.java:81)
		at org.apache.jasper.compiler.ErrorDispatcher.javacError(ErrorDispatcher.java:214)
		at org.apache.jasper.compiler.JDTCompiler.generateClass(JDTCompiler.java:561)
		at org.apache.jasper.compiler.Compiler.compile(Compiler.java:398)
		at org.apache.jasper.compiler.Compiler.compile(Compiler.java:368)
		at org.apache.jasper.compiler.Compiler.compile(Compiler.java:352)
		at org.apache.jasper.JspCompilationContext.compile(JspCompilationContext.java:603)
		at org.apache.jasper.servlet.JspServletWrapper.service(JspServletWrapper.java:399)
		at org.apache.jasper.servlet.JspServlet.serviceJspFile(JspServlet.java:376)
		at org.apache.jasper.servlet.JspServlet.service(JspServlet.java:324)
		at javax.servlet.http.HttpServlet.service(HttpServlet.java:623)
		at org.apache.catalina.core.ApplicationFilterChain.internalDoFilter(ApplicationFilterChain.java:199)
		at org.apache.catalina.core.ApplicationFilterChain.doFilter(ApplicationFilterChain.java:144)
		at org.apache.tomcat.websocket.server.WsFilter.doFilter(WsFilter.java:51)
		at org.apache.catalina.core.ApplicationFilterChain.internalDoFilter(ApplicationFilterChain.java:168)
		at org.apache.catalina.core.ApplicationFilterChain.doFilter(ApplicationFilterChain.java:144)
		at org.apache.catalina.core.ApplicationDispatcher.invoke(ApplicationDispatcher.java:641)
		at org.apache.catalina.core.ApplicationDispatcher.processRequest(ApplicationDispatcher.java:415)
		at org.apache.catalina.core.ApplicationDispatcher.doForward(ApplicationDispatcher.java:347)
		at org.apache.catalina.core.ApplicationDispatcher.forward(ApplicationDispatcher.java:284)
		at com.vehicle.OwnerVehiclesServlet.doGet(OwnerVehiclesServlet.java:92)
		at javax.servlet.http.HttpServlet.service(HttpServlet.java:529)
		at javax.servlet.http.HttpServlet.service(HttpServlet.java:623)
		at org.apache.catalina.core.ApplicationFilterChain.internalDoFilter(ApplicationFilterChain.java:199)
		at org.apache.catalina.core.ApplicationFilterChain.doFilter(ApplicationFilterChain.java:144)
		at org.apache.tomcat.websocket.server.WsFilter.doFilter(WsFilter.java:51)
		at org.apache.catalina.core.ApplicationFilterChain.internalDoFilter(ApplicationFilterChain.java:168)
		at org.apache.catalina.core.ApplicationFilterChain.doFilter(ApplicationFilterChain.java:144)
		at org.apache.catalina.core.StandardWrapperValve.invoke(StandardWrapperValve.java:168)
		at org.apache.catalina.core.StandardContextValve.invoke(StandardContextValve.java:90)
		at org.apache.catalina.authenticator.AuthenticatorBase.invoke(AuthenticatorBase.java:482)
		at org.apache.catalina.core.StandardHostValve.invoke(StandardHostValve.java:130)
		at org.apache.catalina.valves.ErrorReportValve.invoke(ErrorReportValve.java:93)
		at org.apache.catalina.valves.AbstractAccessLogValve.invoke(AbstractAccessLogValve.java:660)
		at org.apache.catalina.core.StandardEngineValve.invoke(StandardEngineValve.java:74)
		at org.apache.catalina.connector.CoyoteAdapter.service(CoyoteAdapter.java:346)
		at org.apache.coyote.http11.Http11Processor.service(Http11Processor.java:383)
		at org.apache.coyote.AbstractProcessorLight.process(AbstractProcessorLight.java:63)
		at org.apache.coyote.AbstractProtocol$ConnectionHandler.process(AbstractProtocol.java:936)
		at org.apache.tomcat.util.net.NioEndpoint$SocketProcessor.doRun(NioEndpoint.java:1791)
		at org.apache.tomcat.util.net.SocketProcessorBase.run(SocketProcessorBase.java:52)
		at org.apache.tomcat.util.threads.ThreadPoolExecutor.runWorker(ThreadPoolExecutor.java:1190)
		at org.apache.tomcat.util.threads.ThreadPoolExecutor$Worker.run(ThreadPoolExecutor.java:659)
		at org.apache.tomcat.util.threads.TaskThread$WrappingRunnable.run(TaskThread.java:63)
		at java.base/java.lang.Thread.run(Thread.java:842)
12-Oct-2025 23:05:12.709 INFO [main] org.apache.catalina.core.ApplicationContext.log SessionListener: contextDestroyed()
12-Oct-2025 23:05:12.709 INFO [main] org.apache.catalina.core.ApplicationContext.log ContextListener: contextDestroyed()
12-Oct-2025 23:05:17.645 INFO [main] org.apache.catalina.core.ApplicationContext.log ContextListener: contextInitialized()
12-Oct-2025 23:05:17.645 INFO [main] org.apache.catalina.core.ApplicationContext.log SessionListener: contextInitialized()
12-Oct-2025 23:05:17.648 INFO [main] org.apache.catalina.core.ApplicationContext.log ContextListener: attributeAdded('StockTicker', 'async.Stockticker@36bf84e')
12-Oct-2025 23:06:02.156 SEVERE [http-nio-8080-exec-2] org.apache.catalina.core.ApplicationDispatcher.invoke Servlet.service() for servlet [jsp] threw exception
	org.apache.jasper.JasperException: Unable to compile class for JSP: 

An error occurred at line: [67] in the jsp file: [/owner/vehicles.jsp]
vehicleModel cannot be resolved or is not a field
64:             <% } %>
65:           </td>
66:           <td><%= v.vehicleName %></td>
67:           <td><%= (v.vehicleModel != null ? v.vehicleModel : "-") %></td>
68:           <td><%= v.vehicleType %></td>
69:           <td><%= v.vehicleNumber %></td>
70:           <td>â‚¹ <%= String.format("%.2f", v.rentPerDay) %></td>


An error occurred at line: [67] in the jsp file: [/owner/vehicles.jsp]
vehicleModel cannot be resolved or is not a field
64:             <% } %>
65:           </td>
66:           <td><%= v.vehicleName %></td>
67:           <td><%= (v.vehicleModel != null ? v.vehicleModel : "-") %></td>
68:           <td><%= v.vehicleType %></td>
69:           <td><%= v.vehicleNumber %></td>
70:           <td>â‚¹ <%= String.format("%.2f", v.rentPerDay) %></td>


An error occurred at line: [72] in the jsp file: [/owner/vehicles.jsp]
status cannot be resolved or is not a field
69:           <td><%= v.vehicleNumber %></td>
70:           <td>â‚¹ <%= String.format("%.2f", v.rentPerDay) %></td>
71:           <td>
72:             <span class="badge <%= "Available".equalsIgnoreCase(v.status) ? "bg-success" : ("On Trip".equalsIgnoreCase(v.status) ? "bg-warning text-dark" : "bg-secondary") %>"><%= (v.status != null ? v.status : "Available") %></span>
73:           </td>
74:           <td>
75:             <span class="badge <%= v.availability ? "bg-success" : "bg-secondary" %>"><%= v.availability ? "Yes" : "No" %></span>


An error occurred at line: [72] in the jsp file: [/owner/vehicles.jsp]
status cannot be resolved or is not a field
69:           <td><%= v.vehicleNumber %></td>
70:           <td>â‚¹ <%= String.format("%.2f", v.rentPerDay) %></td>
71:           <td>
72:             <span class="badge <%= "Available".equalsIgnoreCase(v.status) ? "bg-success" : ("On Trip".equalsIgnoreCase(v.status) ? "bg-warning text-dark" : "bg-secondary") %>"><%= (v.status != null ? v.status : "Available") %></span>
73:           </td>
74:           <td>
75:             <span class="badge <%= v.availability ? "bg-success" : "bg-secondary" %>"><%= v.availability ? "Yes" : "No" %></span>


An error occurred at line: [72] in the jsp file: [/owner/vehicles.jsp]
status cannot be resolved or is not a field
69:           <td><%= v.vehicleNumber %></td>
70:           <td>â‚¹ <%= String.format("%.2f", v.rentPerDay) %></td>
71:           <td>
72:             <span class="badge <%= "Available".equalsIgnoreCase(v.status) ? "bg-success" : ("On Trip".equalsIgnoreCase(v.status) ? "bg-warning text-dark" : "bg-secondary") %>"><%= (v.status != null ? v.status : "Available") %></span>
73:           </td>
74:           <td>
75:             <span class="badge <%= v.availability ? "bg-success" : "bg-secondary" %>"><%= v.availability ? "Yes" : "No" %></span>


An error occurred at line: [72] in the jsp file: [/owner/vehicles.jsp]
status cannot be resolved or is not a field
69:           <td><%= v.vehicleNumber %></td>
70:           <td>â‚¹ <%= String.format("%.2f", v.rentPerDay) %></td>
71:           <td>
72:             <span class="badge <%= "Available".equalsIgnoreCase(v.status) ? "bg-success" : ("On Trip".equalsIgnoreCase(v.status) ? "bg-warning text-dark" : "bg-secondary") %>"><%= (v.status != null ? v.status : "Available") %></span>
73:           </td>
74:           <td>
75:             <span class="badge <%= v.availability ? "bg-success" : "bg-secondary" %>"><%= v.availability ? "Yes" : "No" %></span>


Stacktrace:
		at org.apache.jasper.compiler.DefaultErrorHandler.javacError(DefaultErrorHandler.java:81)
		at org.apache.jasper.compiler.ErrorDispatcher.javacError(ErrorDispatcher.java:214)
		at org.apache.jasper.compiler.JDTCompiler.generateClass(JDTCompiler.java:561)
		at org.apache.jasper.compiler.Compiler.compile(Compiler.java:398)
		at org.apache.jasper.compiler.Compiler.compile(Compiler.java:368)
		at org.apache.jasper.compiler.Compiler.compile(Compiler.java:352)
		at org.apache.jasper.JspCompilationContext.compile(JspCompilationContext.java:603)
		at org.apache.jasper.servlet.JspServletWrapper.service(JspServletWrapper.java:399)
		at org.apache.jasper.servlet.JspServlet.serviceJspFile(JspServlet.java:376)
		at org.apache.jasper.servlet.JspServlet.service(JspServlet.java:324)
		at javax.servlet.http.HttpServlet.service(HttpServlet.java:623)
		at org.apache.catalina.core.ApplicationFilterChain.internalDoFilter(ApplicationFilterChain.java:199)
		at org.apache.catalina.core.ApplicationFilterChain.doFilter(ApplicationFilterChain.java:144)
		at org.apache.tomcat.websocket.server.WsFilter.doFilter(WsFilter.java:51)
		at org.apache.catalina.core.ApplicationFilterChain.internalDoFilter(ApplicationFilterChain.java:168)
		at org.apache.catalina.core.ApplicationFilterChain.doFilter(ApplicationFilterChain.java:144)
		at org.apache.catalina.core.ApplicationDispatcher.invoke(ApplicationDispatcher.java:641)
		at org.apache.catalina.core.ApplicationDispatcher.processRequest(ApplicationDispatcher.java:415)
		at org.apache.catalina.core.ApplicationDispatcher.doForward(ApplicationDispatcher.java:347)
		at org.apache.catalina.core.ApplicationDispatcher.forward(ApplicationDispatcher.java:284)
		at com.vehicle.OwnerVehiclesServlet.doGet(OwnerVehiclesServlet.java:92)
		at javax.servlet.http.HttpServlet.service(HttpServlet.java:529)
		at javax.servlet.http.HttpServlet.service(HttpServlet.java:623)
		at org.apache.catalina.core.ApplicationFilterChain.internalDoFilter(ApplicationFilterChain.java:199)
		at org.apache.catalina.core.ApplicationFilterChain.doFilter(ApplicationFilterChain.java:144)
		at org.apache.tomcat.websocket.server.WsFilter.doFilter(WsFilter.java:51)
		at org.apache.catalina.core.ApplicationFilterChain.internalDoFilter(ApplicationFilterChain.java:168)
		at org.apache.catalina.core.ApplicationFilterChain.doFilter(ApplicationFilterChain.java:144)
		at org.apache.catalina.core.StandardWrapperValve.invoke(StandardWrapperValve.java:168)
		at org.apache.catalina.core.StandardContextValve.invoke(StandardContextValve.java:90)
		at org.apache.catalina.authenticator.AuthenticatorBase.invoke(AuthenticatorBase.java:482)
		at org.apache.catalina.core.StandardHostValve.invoke(StandardHostValve.java:130)
		at org.apache.catalina.valves.ErrorReportValve.invoke(ErrorReportValve.java:93)
		at org.apache.catalina.valves.AbstractAccessLogValve.invoke(AbstractAccessLogValve.java:660)
		at org.apache.catalina.core.StandardEngineValve.invoke(StandardEngineValve.java:74)
		at org.apache.catalina.connector.CoyoteAdapter.service(CoyoteAdapter.java:346)
		at org.apache.coyote.http11.Http11Processor.service(Http11Processor.java:383)
		at org.apache.coyote.AbstractProcessorLight.process(AbstractProcessorLight.java:63)
		at org.apache.coyote.AbstractProtocol$ConnectionHandler.process(AbstractProtocol.java:936)
		at org.apache.tomcat.util.net.NioEndpoint$SocketProcessor.doRun(NioEndpoint.java:1791)
		at org.apache.tomcat.util.net.SocketProcessorBase.run(SocketProcessorBase.java:52)
		at org.apache.tomcat.util.threads.ThreadPoolExecutor.runWorker(ThreadPoolExecutor.java:1190)
		at org.apache.tomcat.util.threads.ThreadPoolExecutor$Worker.run(ThreadPoolExecutor.java:659)
		at org.apache.tomcat.util.threads.TaskThread$WrappingRunnable.run(TaskThread.java:63)
		at java.base/java.lang.Thread.run(Thread.java:842)
12-Oct-2025 23:06:02.156 SEVERE [http-nio-8080-exec-2] org.apache.catalina.core.StandardWrapperValve.invoke Servlet.service() for servlet [com.vehicle.OwnerVehiclesServlet] in context with path [/Vehicle] threw exception [Unable to compile class for JSP: 

An error occurred at line: [67] in the jsp file: [/owner/vehicles.jsp]
vehicleModel cannot be resolved or is not a field
64:             <% } %>
65:           </td>
66:           <td><%= v.vehicleName %></td>
67:           <td><%= (v.vehicleModel != null ? v.vehicleModel : "-") %></td>
68:           <td><%= v.vehicleType %></td>
69:           <td><%= v.vehicleNumber %></td>
70:           <td>â‚¹ <%= String.format("%.2f", v.rentPerDay) %></td>


An error occurred at line: [67] in the jsp file: [/owner/vehicles.jsp]
vehicleModel cannot be resolved or is not a field
64:             <% } %>
65:           </td>
66:           <td><%= v.vehicleName %></td>
67:           <td><%= (v.vehicleModel != null ? v.vehicleModel : "-") %></td>
68:           <td><%= v.vehicleType %></td>
69:           <td><%= v.vehicleNumber %></td>
70:           <td>â‚¹ <%= String.format("%.2f", v.rentPerDay) %></td>


An error occurred at line: [72] in the jsp file: [/owner/vehicles.jsp]
status cannot be resolved or is not a field
69:           <td><%= v.vehicleNumber %></td>
70:           <td>â‚¹ <%= String.format("%.2f", v.rentPerDay) %></td>
71:           <td>
72:             <span class="badge <%= "Available".equalsIgnoreCase(v.status) ? "bg-success" : ("On Trip".equalsIgnoreCase(v.status) ? "bg-warning text-dark" : "bg-secondary") %>"><%= (v.status != null ? v.status : "Available") %></span>
73:           </td>
74:           <td>
75:             <span class="badge <%= v.availability ? "bg-success" : "bg-secondary" %>"><%= v.availability ? "Yes" : "No" %></span>


An error occurred at line: [72] in the jsp file: [/owner/vehicles.jsp]
status cannot be resolved or is not a field
69:           <td><%= v.vehicleNumber %></td>
70:           <td>â‚¹ <%= String.format("%.2f", v.rentPerDay) %></td>
71:           <td>
72:             <span class="badge <%= "Available".equalsIgnoreCase(v.status) ? "bg-success" : ("On Trip".equalsIgnoreCase(v.status) ? "bg-warning text-dark" : "bg-secondary") %>"><%= (v.status != null ? v.status : "Available") %></span>
73:           </td>
74:           <td>
75:             <span class="badge <%= v.availability ? "bg-success" : "bg-secondary" %>"><%= v.availability ? "Yes" : "No" %></span>


An error occurred at line: [72] in the jsp file: [/owner/vehicles.jsp]
status cannot be resolved or is not a field
69:           <td><%= v.vehicleNumber %></td>
70:           <td>â‚¹ <%= String.format("%.2f", v.rentPerDay) %></td>
71:           <td>
72:             <span class="badge <%= "Available".equalsIgnoreCase(v.status) ? "bg-success" : ("On Trip".equalsIgnoreCase(v.status) ? "bg-warning text-dark" : "bg-secondary") %>"><%= (v.status != null ? v.status : "Available") %></span>
73:           </td>
74:           <td>
75:             <span class="badge <%= v.availability ? "bg-success" : "bg-secondary" %>"><%= v.availability ? "Yes" : "No" %></span>


An error occurred at line: [72] in the jsp file: [/owner/vehicles.jsp]
status cannot be resolved or is not a field
69:           <td><%= v.vehicleNumber %></td>
70:           <td>â‚¹ <%= String.format("%.2f", v.rentPerDay) %></td>
71:           <td>
72:             <span class="badge <%= "Available".equalsIgnoreCase(v.status) ? "bg-success" : ("On Trip".equalsIgnoreCase(v.status) ? "bg-warning text-dark" : "bg-secondary") %>"><%= (v.status != null ? v.status : "Available") %></span>
73:           </td>
74:           <td>
75:             <span class="badge <%= v.availability ? "bg-success" : "bg-secondary" %>"><%= v.availability ? "Yes" : "No" %></span>


Stacktrace:] with root cause
	org.apache.jasper.JasperException: Unable to compile class for JSP: 

An error occurred at line: [67] in the jsp file: [/owner/vehicles.jsp]
vehicleModel cannot be resolved or is not a field
64:             <% } %>
65:           </td>
66:           <td><%= v.vehicleName %></td>
67:           <td><%= (v.vehicleModel != null ? v.vehicleModel : "-") %></td>
68:           <td><%= v.vehicleType %></td>
69:           <td><%= v.vehicleNumber %></td>
70:           <td>â‚¹ <%= String.format("%.2f", v.rentPerDay) %></td>


An error occurred at line: [67] in the jsp file: [/owner/vehicles.jsp]
vehicleModel cannot be resolved or is not a field
64:             <% } %>
65:           </td>
66:           <td><%= v.vehicleName %></td>
67:           <td><%= (v.vehicleModel != null ? v.vehicleModel : "-") %></td>
68:           <td><%= v.vehicleType %></td>
69:           <td><%= v.vehicleNumber %></td>
70:           <td>â‚¹ <%= String.format("%.2f", v.rentPerDay) %></td>


An error occurred at line: [72] in the jsp file: [/owner/vehicles.jsp]
status cannot be resolved or is not a field
69:           <td><%= v.vehicleNumber %></td>
70:           <td>â‚¹ <%= String.format("%.2f", v.rentPerDay) %></td>
71:           <td>
72:             <span class="badge <%= "Available".equalsIgnoreCase(v.status) ? "bg-success" : ("On Trip".equalsIgnoreCase(v.status) ? "bg-warning text-dark" : "bg-secondary") %>"><%= (v.status != null ? v.status : "Available") %></span>
73:           </td>
74:           <td>
75:             <span class="badge <%= v.availability ? "bg-success" : "bg-secondary" %>"><%= v.availability ? "Yes" : "No" %></span>


An error occurred at line: [72] in the jsp file: [/owner/vehicles.jsp]
status cannot be resolved or is not a field
69:           <td><%= v.vehicleNumber %></td>
70:           <td>â‚¹ <%= String.format("%.2f", v.rentPerDay) %></td>
71:           <td>
72:             <span class="badge <%= "Available".equalsIgnoreCase(v.status) ? "bg-success" : ("On Trip".equalsIgnoreCase(v.status) ? "bg-warning text-dark" : "bg-secondary") %>"><%= (v.status != null ? v.status : "Available") %></span>
73:           </td>
74:           <td>
75:             <span class="badge <%= v.availability ? "bg-success" : "bg-secondary" %>"><%= v.availability ? "Yes" : "No" %></span>


An error occurred at line: [72] in the jsp file: [/owner/vehicles.jsp]
status cannot be resolved or is not a field
69:           <td><%= v.vehicleNumber %></td>
70:           <td>â‚¹ <%= String.format("%.2f", v.rentPerDay) %></td>
71:           <td>
72:             <span class="badge <%= "Available".equalsIgnoreCase(v.status) ? "bg-success" : ("On Trip".equalsIgnoreCase(v.status) ? "bg-warning text-dark" : "bg-secondary") %>"><%= (v.status != null ? v.status : "Available") %></span>
73:           </td>
74:           <td>
75:             <span class="badge <%= v.availability ? "bg-success" : "bg-secondary" %>"><%= v.availability ? "Yes" : "No" %></span>


An error occurred at line: [72] in the jsp file: [/owner/vehicles.jsp]
status cannot be resolved or is not a field
69:           <td><%= v.vehicleNumber %></td>
70:           <td>â‚¹ <%= String.format("%.2f", v.rentPerDay) %></td>
71:           <td>
72:             <span class="badge <%= "Available".equalsIgnoreCase(v.status) ? "bg-success" : ("On Trip".equalsIgnoreCase(v.status) ? "bg-warning text-dark" : "bg-secondary") %>"><%= (v.status != null ? v.status : "Available") %></span>
73:           </td>
74:           <td>
75:             <span class="badge <%= v.availability ? "bg-success" : "bg-secondary" %>"><%= v.availability ? "Yes" : "No" %></span>


Stacktrace:
		at org.apache.jasper.compiler.DefaultErrorHandler.javacError(DefaultErrorHandler.java:81)
		at org.apache.jasper.compiler.ErrorDispatcher.javacError(ErrorDispatcher.java:214)
		at org.apache.jasper.compiler.JDTCompiler.generateClass(JDTCompiler.java:561)
		at org.apache.jasper.compiler.Compiler.compile(Compiler.java:398)
		at org.apache.jasper.compiler.Compiler.compile(Compiler.java:368)
		at org.apache.jasper.compiler.Compiler.compile(Compiler.java:352)
		at org.apache.jasper.JspCompilationContext.compile(JspCompilationContext.java:603)
		at org.apache.jasper.servlet.JspServletWrapper.service(JspServletWrapper.java:399)
		at org.apache.jasper.servlet.JspServlet.serviceJspFile(JspServlet.java:376)
		at org.apache.jasper.servlet.JspServlet.service(JspServlet.java:324)
		at javax.servlet.http.HttpServlet.service(HttpServlet.java:623)
		at org.apache.catalina.core.ApplicationFilterChain.internalDoFilter(ApplicationFilterChain.java:199)
		at org.apache.catalina.core.ApplicationFilterChain.doFilter(ApplicationFilterChain.java:144)
		at org.apache.tomcat.websocket.server.WsFilter.doFilter(WsFilter.java:51)
		at org.apache.catalina.core.ApplicationFilterChain.internalDoFilter(ApplicationFilterChain.java:168)
		at org.apache.catalina.core.ApplicationFilterChain.doFilter(ApplicationFilterChain.java:144)
		at org.apache.catalina.core.ApplicationDispatcher.invoke(ApplicationDispatcher.java:641)
		at org.apache.catalina.core.ApplicationDispatcher.processRequest(ApplicationDispatcher.java:415)
		at org.apache.catalina.core.ApplicationDispatcher.doForward(ApplicationDispatcher.java:347)
		at org.apache.catalina.core.ApplicationDispatcher.forward(ApplicationDispatcher.java:284)
		at com.vehicle.OwnerVehiclesServlet.doGet(OwnerVehiclesServlet.java:92)
		at javax.servlet.http.HttpServlet.service(HttpServlet.java:529)
		at javax.servlet.http.HttpServlet.service(HttpServlet.java:623)
		at org.apache.catalina.core.ApplicationFilterChain.internalDoFilter(ApplicationFilterChain.java:199)
		at org.apache.catalina.core.ApplicationFilterChain.doFilter(ApplicationFilterChain.java:144)
		at org.apache.tomcat.websocket.server.WsFilter.doFilter(WsFilter.java:51)
		at org.apache.catalina.core.ApplicationFilterChain.internalDoFilter(ApplicationFilterChain.java:168)
		at org.apache.catalina.core.ApplicationFilterChain.doFilter(ApplicationFilterChain.java:144)
		at org.apache.catalina.core.StandardWrapperValve.invoke(StandardWrapperValve.java:168)
		at org.apache.catalina.core.StandardContextValve.invoke(StandardContextValve.java:90)
		at org.apache.catalina.authenticator.AuthenticatorBase.invoke(AuthenticatorBase.java:482)
		at org.apache.catalina.core.StandardHostValve.invoke(StandardHostValve.java:130)
		at org.apache.catalina.valves.ErrorReportValve.invoke(ErrorReportValve.java:93)
		at org.apache.catalina.valves.AbstractAccessLogValve.invoke(AbstractAccessLogValve.java:660)
		at org.apache.catalina.core.StandardEngineValve.invoke(StandardEngineValve.java:74)
		at org.apache.catalina.connector.CoyoteAdapter.service(CoyoteAdapter.java:346)
		at org.apache.coyote.http11.Http11Processor.service(Http11Processor.java:383)
		at org.apache.coyote.AbstractProcessorLight.process(AbstractProcessorLight.java:63)
		at org.apache.coyote.AbstractProtocol$ConnectionHandler.process(AbstractProtocol.java:936)
		at org.apache.tomcat.util.net.NioEndpoint$SocketProcessor.doRun(NioEndpoint.java:1791)
		at org.apache.tomcat.util.net.SocketProcessorBase.run(SocketProcessorBase.java:52)
		at org.apache.tomcat.util.threads.ThreadPoolExecutor.runWorker(ThreadPoolExecutor.java:1190)
		at org.apache.tomcat.util.threads.ThreadPoolExecutor$Worker.run(ThreadPoolExecutor.java:659)
		at org.apache.tomcat.util.threads.TaskThread$WrappingRunnable.run(TaskThread.java:63)
		at java.base/java.lang.Thread.run(Thread.java:842)
12-Oct-2025 23:08:11.894 SEVERE [http-nio-8080-exec-3] org.apache.catalina.core.ApplicationDispatcher.invoke Servlet.service() for servlet [jsp] threw exception
	org.apache.jasper.JasperException: Unable to compile class for JSP: 

An error occurred at line: [67] in the jsp file: [/owner/vehicles.jsp]
vehicleModel cannot be resolved or is not a field
64:             <% } %>
65:           </td>
66:           <td><%= v.vehicleName %></td>
67:           <td><%= (v.vehicleModel != null ? v.vehicleModel : "-") %></td>
68:           <td><%= v.vehicleType %></td>
69:           <td><%= v.vehicleNumber %></td>
70:           <td>â‚¹ <%= String.format("%.2f", v.rentPerDay) %></td>


An error occurred at line: [67] in the jsp file: [/owner/vehicles.jsp]
vehicleModel cannot be resolved or is not a field
64:             <% } %>
65:           </td>
66:           <td><%= v.vehicleName %></td>
67:           <td><%= (v.vehicleModel != null ? v.vehicleModel : "-") %></td>
68:           <td><%= v.vehicleType %></td>
69:           <td><%= v.vehicleNumber %></td>
70:           <td>â‚¹ <%= String.format("%.2f", v.rentPerDay) %></td>


An error occurred at line: [72] in the jsp file: [/owner/vehicles.jsp]
status cannot be resolved or is not a field
69:           <td><%= v.vehicleNumber %></td>
70:           <td>â‚¹ <%= String.format("%.2f", v.rentPerDay) %></td>
71:           <td>
72:             <span class="badge <%= "Available".equalsIgnoreCase(v.status) ? "bg-success" : ("On Trip".equalsIgnoreCase(v.status) ? "bg-warning text-dark" : "bg-secondary") %>"><%= (v.status != null ? v.status : "Available") %></span>
73:           </td>
74:           <td>
75:             <span class="badge <%= v.availability ? "bg-success" : "bg-secondary" %>"><%= v.availability ? "Yes" : "No" %></span>


An error occurred at line: [72] in the jsp file: [/owner/vehicles.jsp]
status cannot be resolved or is not a field
69:           <td><%= v.vehicleNumber %></td>
70:           <td>â‚¹ <%= String.format("%.2f", v.rentPerDay) %></td>
71:           <td>
72:             <span class="badge <%= "Available".equalsIgnoreCase(v.status) ? "bg-success" : ("On Trip".equalsIgnoreCase(v.status) ? "bg-warning text-dark" : "bg-secondary") %>"><%= (v.status != null ? v.status : "Available") %></span>
73:           </td>
74:           <td>
75:             <span class="badge <%= v.availability ? "bg-success" : "bg-secondary" %>"><%= v.availability ? "Yes" : "No" %></span>


An error occurred at line: [72] in the jsp file: [/owner/vehicles.jsp]
status cannot be resolved or is not a field
69:           <td><%= v.vehicleNumber %></td>
70:           <td>â‚¹ <%= String.format("%.2f", v.rentPerDay) %></td>
71:           <td>
72:             <span class="badge <%= "Available".equalsIgnoreCase(v.status) ? "bg-success" : ("On Trip".equalsIgnoreCase(v.status) ? "bg-warning text-dark" : "bg-secondary") %>"><%= (v.status != null ? v.status : "Available") %></span>
73:           </td>
74:           <td>
75:             <span class="badge <%= v.availability ? "bg-success" : "bg-secondary" %>"><%= v.availability ? "Yes" : "No" %></span>


An error occurred at line: [72] in the jsp file: [/owner/vehicles.jsp]
status cannot be resolved or is not a field
69:           <td><%= v.vehicleNumber %></td>
70:           <td>â‚¹ <%= String.format("%.2f", v.rentPerDay) %></td>
71:           <td>
72:             <span class="badge <%= "Available".equalsIgnoreCase(v.status) ? "bg-success" : ("On Trip".equalsIgnoreCase(v.status) ? "bg-warning text-dark" : "bg-secondary") %>"><%= (v.status != null ? v.status : "Available") %></span>
73:           </td>
74:           <td>
75:             <span class="badge <%= v.availability ? "bg-success" : "bg-secondary" %>"><%= v.availability ? "Yes" : "No" %></span>


Stacktrace:
		at org.apache.jasper.compiler.DefaultErrorHandler.javacError(DefaultErrorHandler.java:81)
		at org.apache.jasper.compiler.ErrorDispatcher.javacError(ErrorDispatcher.java:214)
		at org.apache.jasper.compiler.JDTCompiler.generateClass(JDTCompiler.java:561)
		at org.apache.jasper.compiler.Compiler.compile(Compiler.java:398)
		at org.apache.jasper.compiler.Compiler.compile(Compiler.java:368)
		at org.apache.jasper.compiler.Compiler.compile(Compiler.java:352)
		at org.apache.jasper.JspCompilationContext.compile(JspCompilationContext.java:603)
		at org.apache.jasper.servlet.JspServletWrapper.service(JspServletWrapper.java:399)
		at org.apache.jasper.servlet.JspServlet.serviceJspFile(JspServlet.java:376)
		at org.apache.jasper.servlet.JspServlet.service(JspServlet.java:324)
		at javax.servlet.http.HttpServlet.service(HttpServlet.java:623)
		at org.apache.catalina.core.ApplicationFilterChain.internalDoFilter(ApplicationFilterChain.java:199)
		at org.apache.catalina.core.ApplicationFilterChain.doFilter(ApplicationFilterChain.java:144)
		at org.apache.tomcat.websocket.server.WsFilter.doFilter(WsFilter.java:51)
		at org.apache.catalina.core.ApplicationFilterChain.internalDoFilter(ApplicationFilterChain.java:168)
		at org.apache.catalina.core.ApplicationFilterChain.doFilter(ApplicationFilterChain.java:144)
		at org.apache.catalina.core.ApplicationDispatcher.invoke(ApplicationDispatcher.java:641)
		at org.apache.catalina.core.ApplicationDispatcher.processRequest(ApplicationDispatcher.java:415)
		at org.apache.catalina.core.ApplicationDispatcher.doForward(ApplicationDispatcher.java:347)
		at org.apache.catalina.core.ApplicationDispatcher.forward(ApplicationDispatcher.java:284)
		at com.vehicle.OwnerVehiclesServlet.doGet(OwnerVehiclesServlet.java:92)
		at javax.servlet.http.HttpServlet.service(HttpServlet.java:529)
		at javax.servlet.http.HttpServlet.service(HttpServlet.java:623)
		at org.apache.catalina.core.ApplicationFilterChain.internalDoFilter(ApplicationFilterChain.java:199)
		at org.apache.catalina.core.ApplicationFilterChain.doFilter(ApplicationFilterChain.java:144)
		at org.apache.tomcat.websocket.server.WsFilter.doFilter(WsFilter.java:51)
		at org.apache.catalina.core.ApplicationFilterChain.internalDoFilter(ApplicationFilterChain.java:168)
		at org.apache.catalina.core.ApplicationFilterChain.doFilter(ApplicationFilterChain.java:144)
		at org.apache.catalina.core.StandardWrapperValve.invoke(StandardWrapperValve.java:168)
		at org.apache.catalina.core.StandardContextValve.invoke(StandardContextValve.java:90)
		at org.apache.catalina.authenticator.AuthenticatorBase.invoke(AuthenticatorBase.java:482)
		at org.apache.catalina.core.StandardHostValve.invoke(StandardHostValve.java:130)
		at org.apache.catalina.valves.ErrorReportValve.invoke(ErrorReportValve.java:93)
		at org.apache.catalina.valves.AbstractAccessLogValve.invoke(AbstractAccessLogValve.java:660)
		at org.apache.catalina.core.StandardEngineValve.invoke(StandardEngineValve.java:74)
		at org.apache.catalina.connector.CoyoteAdapter.service(CoyoteAdapter.java:346)
		at org.apache.coyote.http11.Http11Processor.service(Http11Processor.java:383)
		at org.apache.coyote.AbstractProcessorLight.process(AbstractProcessorLight.java:63)
		at org.apache.coyote.AbstractProtocol$ConnectionHandler.process(AbstractProtocol.java:936)
		at org.apache.tomcat.util.net.NioEndpoint$SocketProcessor.doRun(NioEndpoint.java:1791)
		at org.apache.tomcat.util.net.SocketProcessorBase.run(SocketProcessorBase.java:52)
		at org.apache.tomcat.util.threads.ThreadPoolExecutor.runWorker(ThreadPoolExecutor.java:1190)
		at org.apache.tomcat.util.threads.ThreadPoolExecutor$Worker.run(ThreadPoolExecutor.java:659)
		at org.apache.tomcat.util.threads.TaskThread$WrappingRunnable.run(TaskThread.java:63)
		at java.base/java.lang.Thread.run(Thread.java:842)
12-Oct-2025 23:08:11.894 SEVERE [http-nio-8080-exec-3] org.apache.catalina.core.StandardWrapperValve.invoke Servlet.service() for servlet [com.vehicle.OwnerVehiclesServlet] in context with path [/Vehicle] threw exception [Unable to compile class for JSP: 

An error occurred at line: [67] in the jsp file: [/owner/vehicles.jsp]
vehicleModel cannot be resolved or is not a field
64:             <% } %>
65:           </td>
66:           <td><%= v.vehicleName %></td>
67:           <td><%= (v.vehicleModel != null ? v.vehicleModel : "-") %></td>
68:           <td><%= v.vehicleType %></td>
69:           <td><%= v.vehicleNumber %></td>
70:           <td>â‚¹ <%= String.format("%.2f", v.rentPerDay) %></td>


An error occurred at line: [67] in the jsp file: [/owner/vehicles.jsp]
vehicleModel cannot be resolved or is not a field
64:             <% } %>
65:           </td>
66:           <td><%= v.vehicleName %></td>
67:           <td><%= (v.vehicleModel != null ? v.vehicleModel : "-") %></td>
68:           <td><%= v.vehicleType %></td>
69:           <td><%= v.vehicleNumber %></td>
70:           <td>â‚¹ <%= String.format("%.2f", v.rentPerDay) %></td>


An error occurred at line: [72] in the jsp file: [/owner/vehicles.jsp]
status cannot be resolved or is not a field
69:           <td><%= v.vehicleNumber %></td>
70:           <td>â‚¹ <%= String.format("%.2f", v.rentPerDay) %></td>
71:           <td>
72:             <span class="badge <%= "Available".equalsIgnoreCase(v.status) ? "bg-success" : ("On Trip".equalsIgnoreCase(v.status) ? "bg-warning text-dark" : "bg-secondary") %>"><%= (v.status != null ? v.status : "Available") %></span>
73:           </td>
74:           <td>
75:             <span class="badge <%= v.availability ? "bg-success" : "bg-secondary" %>"><%= v.availability ? "Yes" : "No" %></span>


An error occurred at line: [72] in the jsp file: [/owner/vehicles.jsp]
status cannot be resolved or is not a field
69:           <td><%= v.vehicleNumber %></td>
70:           <td>â‚¹ <%= String.format("%.2f", v.rentPerDay) %></td>
71:           <td>
72:             <span class="badge <%= "Available".equalsIgnoreCase(v.status) ? "bg-success" : ("On Trip".equalsIgnoreCase(v.status) ? "bg-warning text-dark" : "bg-secondary") %>"><%= (v.status != null ? v.status : "Available") %></span>
73:           </td>
74:           <td>
75:             <span class="badge <%= v.availability ? "bg-success" : "bg-secondary" %>"><%= v.availability ? "Yes" : "No" %></span>


An error occurred at line: [72] in the jsp file: [/owner/vehicles.jsp]
status cannot be resolved or is not a field
69:           <td><%= v.vehicleNumber %></td>
70:           <td>â‚¹ <%= String.format("%.2f", v.rentPerDay) %></td>
71:           <td>
72:             <span class="badge <%= "Available".equalsIgnoreCase(v.status) ? "bg-success" : ("On Trip".equalsIgnoreCase(v.status) ? "bg-warning text-dark" : "bg-secondary") %>"><%= (v.status != null ? v.status : "Available") %></span>
73:           </td>
74:           <td>
75:             <span class="badge <%= v.availability ? "bg-success" : "bg-secondary" %>"><%= v.availability ? "Yes" : "No" %></span>


An error occurred at line: [72] in the jsp file: [/owner/vehicles.jsp]
status cannot be resolved or is not a field
69:           <td><%= v.vehicleNumber %></td>
70:           <td>â‚¹ <%= String.format("%.2f", v.rentPerDay) %></td>
71:           <td>
72:             <span class="badge <%= "Available".equalsIgnoreCase(v.status) ? "bg-success" : ("On Trip".equalsIgnoreCase(v.status) ? "bg-warning text-dark" : "bg-secondary") %>"><%= (v.status != null ? v.status : "Available") %></span>
73:           </td>
74:           <td>
75:             <span class="badge <%= v.availability ? "bg-success" : "bg-secondary" %>"><%= v.availability ? "Yes" : "No" %></span>


Stacktrace:] with root cause
	org.apache.jasper.JasperException: Unable to compile class for JSP: 

An error occurred at line: [67] in the jsp file: [/owner/vehicles.jsp]
vehicleModel cannot be resolved or is not a field
64:             <% } %>
65:           </td>
66:           <td><%= v.vehicleName %></td>
67:           <td><%= (v.vehicleModel != null ? v.vehicleModel : "-") %></td>
68:           <td><%= v.vehicleType %></td>
69:           <td><%= v.vehicleNumber %></td>
70:           <td>â‚¹ <%= String.format("%.2f", v.rentPerDay) %></td>


An error occurred at line: [67] in the jsp file: [/owner/vehicles.jsp]
vehicleModel cannot be resolved or is not a field
64:             <% } %>
65:           </td>
66:           <td><%= v.vehicleName %></td>
67:           <td><%= (v.vehicleModel != null ? v.vehicleModel : "-") %></td>
68:           <td><%= v.vehicleType %></td>
69:           <td><%= v.vehicleNumber %></td>
70:           <td>â‚¹ <%= String.format("%.2f", v.rentPerDay) %></td>


An error occurred at line: [72] in the jsp file: [/owner/vehicles.jsp]
status cannot be resolved or is not a field
69:           <td><%= v.vehicleNumber %></td>
70:           <td>â‚¹ <%= String.format("%.2f", v.rentPerDay) %></td>
71:           <td>
72:             <span class="badge <%= "Available".equalsIgnoreCase(v.status) ? "bg-success" : ("On Trip".equalsIgnoreCase(v.status) ? "bg-warning text-dark" : "bg-secondary") %>"><%= (v.status != null ? v.status : "Available") %></span>
73:           </td>
74:           <td>
75:             <span class="badge <%= v.availability ? "bg-success" : "bg-secondary" %>"><%= v.availability ? "Yes" : "No" %></span>


An error occurred at line: [72] in the jsp file: [/owner/vehicles.jsp]
status cannot be resolved or is not a field
69:           <td><%= v.vehicleNumber %></td>
70:           <td>â‚¹ <%= String.format("%.2f", v.rentPerDay) %></td>
71:           <td>
72:             <span class="badge <%= "Available".equalsIgnoreCase(v.status) ? "bg-success" : ("On Trip".equalsIgnoreCase(v.status) ? "bg-warning text-dark" : "bg-secondary") %>"><%= (v.status != null ? v.status : "Available") %></span>
73:           </td>
74:           <td>
75:             <span class="badge <%= v.availability ? "bg-success" : "bg-secondary" %>"><%= v.availability ? "Yes" : "No" %></span>


An error occurred at line: [72] in the jsp file: [/owner/vehicles.jsp]
status cannot be resolved or is not a field
69:           <td><%= v.vehicleNumber %></td>
70:           <td>â‚¹ <%= String.format("%.2f", v.rentPerDay) %></td>
71:           <td>
72:             <span class="badge <%= "Available".equalsIgnoreCase(v.status) ? "bg-success" : ("On Trip".equalsIgnoreCase(v.status) ? "bg-warning text-dark" : "bg-secondary") %>"><%= (v.status != null ? v.status : "Available") %></span>
73:           </td>
74:           <td>
75:             <span class="badge <%= v.availability ? "bg-success" : "bg-secondary" %>"><%= v.availability ? "Yes" : "No" %></span>


An error occurred at line: [72] in the jsp file: [/owner/vehicles.jsp]
status cannot be resolved or is not a field
69:           <td><%= v.vehicleNumber %></td>
70:           <td>â‚¹ <%= String.format("%.2f", v.rentPerDay) %></td>
71:           <td>
72:             <span class="badge <%= "Available".equalsIgnoreCase(v.status) ? "bg-success" : ("On Trip".equalsIgnoreCase(v.status) ? "bg-warning text-dark" : "bg-secondary") %>"><%= (v.status != null ? v.status : "Available") %></span>
73:           </td>
74:           <td>
75:             <span class="badge <%= v.availability ? "bg-success" : "bg-secondary" %>"><%= v.availability ? "Yes" : "No" %></span>


Stacktrace:
		at org.apache.jasper.compiler.DefaultErrorHandler.javacError(DefaultErrorHandler.java:81)
		at org.apache.jasper.compiler.ErrorDispatcher.javacError(ErrorDispatcher.java:214)
		at org.apache.jasper.compiler.JDTCompiler.generateClass(JDTCompiler.java:561)
		at org.apache.jasper.compiler.Compiler.compile(Compiler.java:398)
		at org.apache.jasper.compiler.Compiler.compile(Compiler.java:368)
		at org.apache.jasper.compiler.Compiler.compile(Compiler.java:352)
		at org.apache.jasper.JspCompilationContext.compile(JspCompilationContext.java:603)
		at org.apache.jasper.servlet.JspServletWrapper.service(JspServletWrapper.java:399)
		at org.apache.jasper.servlet.JspServlet.serviceJspFile(JspServlet.java:376)
		at org.apache.jasper.servlet.JspServlet.service(JspServlet.java:324)
		at javax.servlet.http.HttpServlet.service(HttpServlet.java:623)
		at org.apache.catalina.core.ApplicationFilterChain.internalDoFilter(ApplicationFilterChain.java:199)
		at org.apache.catalina.core.ApplicationFilterChain.doFilter(ApplicationFilterChain.java:144)
		at org.apache.tomcat.websocket.server.WsFilter.doFilter(WsFilter.java:51)
		at org.apache.catalina.core.ApplicationFilterChain.internalDoFilter(ApplicationFilterChain.java:168)
		at org.apache.catalina.core.ApplicationFilterChain.doFilter(ApplicationFilterChain.java:144)
		at org.apache.catalina.core.ApplicationDispatcher.invoke(ApplicationDispatcher.java:641)
		at org.apache.catalina.core.ApplicationDispatcher.processRequest(ApplicationDispatcher.java:415)
		at org.apache.catalina.core.ApplicationDispatcher.doForward(ApplicationDispatcher.java:347)
		at org.apache.catalina.core.ApplicationDispatcher.forward(ApplicationDispatcher.java:284)
		at com.vehicle.OwnerVehiclesServlet.doGet(OwnerVehiclesServlet.java:92)
		at javax.servlet.http.HttpServlet.service(HttpServlet.java:529)
		at javax.servlet.http.HttpServlet.service(HttpServlet.java:623)
		at org.apache.catalina.core.ApplicationFilterChain.internalDoFilter(ApplicationFilterChain.java:199)
		at org.apache.catalina.core.ApplicationFilterChain.doFilter(ApplicationFilterChain.java:144)
		at org.apache.tomcat.websocket.server.WsFilter.doFilter(WsFilter.java:51)
		at org.apache.catalina.core.ApplicationFilterChain.internalDoFilter(ApplicationFilterChain.java:168)
		at org.apache.catalina.core.ApplicationFilterChain.doFilter(ApplicationFilterChain.java:144)
		at org.apache.catalina.core.StandardWrapperValve.invoke(StandardWrapperValve.java:168)
		at org.apache.catalina.core.StandardContextValve.invoke(StandardContextValve.java:90)
		at org.apache.catalina.authenticator.AuthenticatorBase.invoke(AuthenticatorBase.java:482)
		at org.apache.catalina.core.StandardHostValve.invoke(StandardHostValve.java:130)
		at org.apache.catalina.valves.ErrorReportValve.invoke(ErrorReportValve.java:93)
		at org.apache.catalina.valves.AbstractAccessLogValve.invoke(AbstractAccessLogValve.java:660)
		at org.apache.catalina.core.StandardEngineValve.invoke(StandardEngineValve.java:74)
		at org.apache.catalina.connector.CoyoteAdapter.service(CoyoteAdapter.java:346)
		at org.apache.coyote.http11.Http11Processor.service(Http11Processor.java:383)
		at org.apache.coyote.AbstractProcessorLight.process(AbstractProcessorLight.java:63)
		at org.apache.coyote.AbstractProtocol$ConnectionHandler.process(AbstractProtocol.java:936)
		at org.apache.tomcat.util.net.NioEndpoint$SocketProcessor.doRun(NioEndpoint.java:1791)
		at org.apache.tomcat.util.net.SocketProcessorBase.run(SocketProcessorBase.java:52)
		at org.apache.tomcat.util.threads.ThreadPoolExecutor.runWorker(ThreadPoolExecutor.java:1190)
		at org.apache.tomcat.util.threads.ThreadPoolExecutor$Worker.run(ThreadPoolExecutor.java:659)
		at org.apache.tomcat.util.threads.TaskThread$WrappingRunnable.run(TaskThread.java:63)
		at java.base/java.lang.Thread.run(Thread.java:842)
12-Oct-2025 23:10:03.318 INFO [main] org.apache.catalina.core.ApplicationContext.log SessionListener: contextDestroyed()
12-Oct-2025 23:10:03.318 INFO [main] org.apache.catalina.core.ApplicationContext.log ContextListener: contextDestroyed()
12-Oct-2025 23:10:08.261 INFO [main] org.apache.catalina.core.ApplicationContext.log ContextListener: contextInitialized()
12-Oct-2025 23:10:08.261 INFO [main] org.apache.catalina.core.ApplicationContext.log SessionListener: contextInitialized()
12-Oct-2025 23:10:08.264 INFO [main] org.apache.catalina.core.ApplicationContext.log ContextListener: attributeAdded('StockTicker', 'async.Stockticker@6884f0d9')
12-Oct-2025 23:10:58.154 SEVERE [http-nio-8080-exec-6] org.apache.catalina.core.ApplicationDispatcher.invoke Servlet.service() for servlet [jsp] threw exception
	org.apache.jasper.JasperException: Unable to compile class for JSP: 

An error occurred at line: [67] in the jsp file: [/owner/vehicles.jsp]
vehicleModel cannot be resolved or is not a field
64:             <% } %>
65:           </td>
66:           <td><%= v.vehicleName %></td>
67:           <td><%= (v.vehicleModel != null ? v.vehicleModel : "-") %></td>
68:           <td><%= v.vehicleType %></td>
69:           <td><%= v.vehicleNumber %></td>
70:           <td>â‚¹ <%= String.format("%.2f", v.rentPerDay) %></td>


An error occurred at line: [67] in the jsp file: [/owner/vehicles.jsp]
vehicleModel cannot be resolved or is not a field
64:             <% } %>
65:           </td>
66:           <td><%= v.vehicleName %></td>
67:           <td><%= (v.vehicleModel != null ? v.vehicleModel : "-") %></td>
68:           <td><%= v.vehicleType %></td>
69:           <td><%= v.vehicleNumber %></td>
70:           <td>â‚¹ <%= String.format("%.2f", v.rentPerDay) %></td>


An error occurred at line: [72] in the jsp file: [/owner/vehicles.jsp]
status cannot be resolved or is not a field
69:           <td><%= v.vehicleNumber %></td>
70:           <td>â‚¹ <%= String.format("%.2f", v.rentPerDay) %></td>
71:           <td>
72:             <span class="badge <%= "Available".equalsIgnoreCase(v.status) ? "bg-success" : ("On Trip".equalsIgnoreCase(v.status) ? "bg-warning text-dark" : "bg-secondary") %>"><%= (v.status != null ? v.status : "Available") %></span>
73:           </td>
74:           <td>
75:             <span class="badge <%= v.availability ? "bg-success" : "bg-secondary" %>"><%= v.availability ? "Yes" : "No" %></span>


An error occurred at line: [72] in the jsp file: [/owner/vehicles.jsp]
status cannot be resolved or is not a field
69:           <td><%= v.vehicleNumber %></td>
70:           <td>â‚¹ <%= String.format("%.2f", v.rentPerDay) %></td>
71:           <td>
72:             <span class="badge <%= "Available".equalsIgnoreCase(v.status) ? "bg-success" : ("On Trip".equalsIgnoreCase(v.status) ? "bg-warning text-dark" : "bg-secondary") %>"><%= (v.status != null ? v.status : "Available") %></span>
73:           </td>
74:           <td>
75:             <span class="badge <%= v.availability ? "bg-success" : "bg-secondary" %>"><%= v.availability ? "Yes" : "No" %></span>


An error occurred at line: [72] in the jsp file: [/owner/vehicles.jsp]
status cannot be resolved or is not a field
69:           <td><%= v.vehicleNumber %></td>
70:           <td>â‚¹ <%= String.format("%.2f", v.rentPerDay) %></td>
71:           <td>
72:             <span class="badge <%= "Available".equalsIgnoreCase(v.status) ? "bg-success" : ("On Trip".equalsIgnoreCase(v.status) ? "bg-warning text-dark" : "bg-secondary") %>"><%= (v.status != null ? v.status : "Available") %></span>
73:           </td>
74:           <td>
75:             <span class="badge <%= v.availability ? "bg-success" : "bg-secondary" %>"><%= v.availability ? "Yes" : "No" %></span>


An error occurred at line: [72] in the jsp file: [/owner/vehicles.jsp]
status cannot be resolved or is not a field
69:           <td><%= v.vehicleNumber %></td>
70:           <td>â‚¹ <%= String.format("%.2f", v.rentPerDay) %></td>
71:           <td>
72:             <span class="badge <%= "Available".equalsIgnoreCase(v.status) ? "bg-success" : ("On Trip".equalsIgnoreCase(v.status) ? "bg-warning text-dark" : "bg-secondary") %>"><%= (v.status != null ? v.status : "Available") %></span>
73:           </td>
74:           <td>
75:             <span class="badge <%= v.availability ? "bg-success" : "bg-secondary" %>"><%= v.availability ? "Yes" : "No" %></span>


Stacktrace:
		at org.apache.jasper.compiler.DefaultErrorHandler.javacError(DefaultErrorHandler.java:81)
		at org.apache.jasper.compiler.ErrorDispatcher.javacError(ErrorDispatcher.java:214)
		at org.apache.jasper.compiler.JDTCompiler.generateClass(JDTCompiler.java:561)
		at org.apache.jasper.compiler.Compiler.compile(Compiler.java:398)
		at org.apache.jasper.compiler.Compiler.compile(Compiler.java:368)
		at org.apache.jasper.compiler.Compiler.compile(Compiler.java:352)
		at org.apache.jasper.JspCompilationContext.compile(JspCompilationContext.java:603)
		at org.apache.jasper.servlet.JspServletWrapper.service(JspServletWrapper.java:399)
		at org.apache.jasper.servlet.JspServlet.serviceJspFile(JspServlet.java:376)
		at org.apache.jasper.servlet.JspServlet.service(JspServlet.java:324)
		at javax.servlet.http.HttpServlet.service(HttpServlet.java:623)
		at org.apache.catalina.core.ApplicationFilterChain.internalDoFilter(ApplicationFilterChain.java:199)
		at org.apache.catalina.core.ApplicationFilterChain.doFilter(ApplicationFilterChain.java:144)
		at org.apache.tomcat.websocket.server.WsFilter.doFilter(WsFilter.java:51)
		at org.apache.catalina.core.ApplicationFilterChain.internalDoFilter(ApplicationFilterChain.java:168)
		at org.apache.catalina.core.ApplicationFilterChain.doFilter(ApplicationFilterChain.java:144)
		at org.apache.catalina.core.ApplicationDispatcher.invoke(ApplicationDispatcher.java:641)
		at org.apache.catalina.core.ApplicationDispatcher.processRequest(ApplicationDispatcher.java:415)
		at org.apache.catalina.core.ApplicationDispatcher.doForward(ApplicationDispatcher.java:347)
		at org.apache.catalina.core.ApplicationDispatcher.forward(ApplicationDispatcher.java:284)
		at com.vehicle.OwnerVehiclesServlet.doGet(OwnerVehiclesServlet.java:91)
		at javax.servlet.http.HttpServlet.service(HttpServlet.java:529)
		at javax.servlet.http.HttpServlet.service(HttpServlet.java:623)
		at org.apache.catalina.core.ApplicationFilterChain.internalDoFilter(ApplicationFilterChain.java:199)
		at org.apache.catalina.core.ApplicationFilterChain.doFilter(ApplicationFilterChain.java:144)
		at org.apache.tomcat.websocket.server.WsFilter.doFilter(WsFilter.java:51)
		at org.apache.catalina.core.ApplicationFilterChain.internalDoFilter(ApplicationFilterChain.java:168)
		at org.apache.catalina.core.ApplicationFilterChain.doFilter(ApplicationFilterChain.java:144)
		at org.apache.catalina.core.StandardWrapperValve.invoke(StandardWrapperValve.java:168)
		at org.apache.catalina.core.StandardContextValve.invoke(StandardContextValve.java:90)
		at org.apache.catalina.authenticator.AuthenticatorBase.invoke(AuthenticatorBase.java:482)
		at org.apache.catalina.core.StandardHostValve.invoke(StandardHostValve.java:130)
		at org.apache.catalina.valves.ErrorReportValve.invoke(ErrorReportValve.java:93)
		at org.apache.catalina.valves.AbstractAccessLogValve.invoke(AbstractAccessLogValve.java:660)
		at org.apache.catalina.core.StandardEngineValve.invoke(StandardEngineValve.java:74)
		at org.apache.catalina.connector.CoyoteAdapter.service(CoyoteAdapter.java:346)
		at org.apache.coyote.http11.Http11Processor.service(Http11Processor.java:383)
		at org.apache.coyote.AbstractProcessorLight.process(AbstractProcessorLight.java:63)
		at org.apache.coyote.AbstractProtocol$ConnectionHandler.process(AbstractProtocol.java:936)
		at org.apache.tomcat.util.net.NioEndpoint$SocketProcessor.doRun(NioEndpoint.java:1791)
		at org.apache.tomcat.util.net.SocketProcessorBase.run(SocketProcessorBase.java:52)
		at org.apache.tomcat.util.threads.ThreadPoolExecutor.runWorker(ThreadPoolExecutor.java:1190)
		at org.apache.tomcat.util.threads.ThreadPoolExecutor$Worker.run(ThreadPoolExecutor.java:659)
		at org.apache.tomcat.util.threads.TaskThread$WrappingRunnable.run(TaskThread.java:63)
		at java.base/java.lang.Thread.run(Thread.java:842)
12-Oct-2025 23:10:58.154 SEVERE [http-nio-8080-exec-6] org.apache.catalina.core.StandardWrapperValve.invoke Servlet.service() for servlet [com.vehicle.OwnerVehiclesServlet] in context with path [/Vehicle] threw exception [Unable to compile class for JSP: 

An error occurred at line: [67] in the jsp file: [/owner/vehicles.jsp]
vehicleModel cannot be resolved or is not a field
64:             <% } %>
65:           </td>
66:           <td><%= v.vehicleName %></td>
67:           <td><%= (v.vehicleModel != null ? v.vehicleModel : "-") %></td>
68:           <td><%= v.vehicleType %></td>
69:           <td><%= v.vehicleNumber %></td>
70:           <td>â‚¹ <%= String.format("%.2f", v.rentPerDay) %></td>


An error occurred at line: [67] in the jsp file: [/owner/vehicles.jsp]
vehicleModel cannot be resolved or is not a field
64:             <% } %>
65:           </td>
66:           <td><%= v.vehicleName %></td>
67:           <td><%= (v.vehicleModel != null ? v.vehicleModel : "-") %></td>
68:           <td><%= v.vehicleType %></td>
69:           <td><%= v.vehicleNumber %></td>
70:           <td>â‚¹ <%= String.format("%.2f", v.rentPerDay) %></td>


An error occurred at line: [72] in the jsp file: [/owner/vehicles.jsp]
status cannot be resolved or is not a field
69:           <td><%= v.vehicleNumber %></td>
70:           <td>â‚¹ <%= String.format("%.2f", v.rentPerDay) %></td>
71:           <td>
72:             <span class="badge <%= "Available".equalsIgnoreCase(v.status) ? "bg-success" : ("On Trip".equalsIgnoreCase(v.status) ? "bg-warning text-dark" : "bg-secondary") %>"><%= (v.status != null ? v.status : "Available") %></span>
73:           </td>
74:           <td>
75:             <span class="badge <%= v.availability ? "bg-success" : "bg-secondary" %>"><%= v.availability ? "Yes" : "No" %></span>


An error occurred at line: [72] in the jsp file: [/owner/vehicles.jsp]
status cannot be resolved or is not a field
69:           <td><%= v.vehicleNumber %></td>
70:           <td>â‚¹ <%= String.format("%.2f", v.rentPerDay) %></td>
71:           <td>
72:             <span class="badge <%= "Available".equalsIgnoreCase(v.status) ? "bg-success" : ("On Trip".equalsIgnoreCase(v.status) ? "bg-warning text-dark" : "bg-secondary") %>"><%= (v.status != null ? v.status : "Available") %></span>
73:           </td>
74:           <td>
75:             <span class="badge <%= v.availability ? "bg-success" : "bg-secondary" %>"><%= v.availability ? "Yes" : "No" %></span>


An error occurred at line: [72] in the jsp file: [/owner/vehicles.jsp]
status cannot be resolved or is not a field
69:           <td><%= v.vehicleNumber %></td>
70:           <td>â‚¹ <%= String.format("%.2f", v.rentPerDay) %></td>
71:           <td>
72:             <span class="badge <%= "Available".equalsIgnoreCase(v.status) ? "bg-success" : ("On Trip".equalsIgnoreCase(v.status) ? "bg-warning text-dark" : "bg-secondary") %>"><%= (v.status != null ? v.status : "Available") %></span>
73:           </td>
74:           <td>
75:             <span class="badge <%= v.availability ? "bg-success" : "bg-secondary" %>"><%= v.availability ? "Yes" : "No" %></span>


An error occurred at line: [72] in the jsp file: [/owner/vehicles.jsp]
status cannot be resolved or is not a field
69:           <td><%= v.vehicleNumber %></td>
70:           <td>â‚¹ <%= String.format("%.2f", v.rentPerDay) %></td>
71:           <td>
72:             <span class="badge <%= "Available".equalsIgnoreCase(v.status) ? "bg-success" : ("On Trip".equalsIgnoreCase(v.status) ? "bg-warning text-dark" : "bg-secondary") %>"><%= (v.status != null ? v.status : "Available") %></span>
73:           </td>
74:           <td>
75:             <span class="badge <%= v.availability ? "bg-success" : "bg-secondary" %>"><%= v.availability ? "Yes" : "No" %></span>


Stacktrace:] with root cause
	org.apache.jasper.JasperException: Unable to compile class for JSP: 

An error occurred at line: [67] in the jsp file: [/owner/vehicles.jsp]
vehicleModel cannot be resolved or is not a field
64:             <% } %>
65:           </td>
66:           <td><%= v.vehicleName %></td>
67:           <td><%= (v.vehicleModel != null ? v.vehicleModel : "-") %></td>
68:           <td><%= v.vehicleType %></td>
69:           <td><%= v.vehicleNumber %></td>
70:           <td>â‚¹ <%= String.format("%.2f", v.rentPerDay) %></td>


An error occurred at line: [67] in the jsp file: [/owner/vehicles.jsp]
vehicleModel cannot be resolved or is not a field
64:             <% } %>
65:           </td>
66:           <td><%= v.vehicleName %></td>
67:           <td><%= (v.vehicleModel != null ? v.vehicleModel : "-") %></td>
68:           <td><%= v.vehicleType %></td>
69:           <td><%= v.vehicleNumber %></td>
70:           <td>â‚¹ <%= String.format("%.2f", v.rentPerDay) %></td>


An error occurred at line: [72] in the jsp file: [/owner/vehicles.jsp]
status cannot be resolved or is not a field
69:           <td><%= v.vehicleNumber %></td>
70:           <td>â‚¹ <%= String.format("%.2f", v.rentPerDay) %></td>
71:           <td>
72:             <span class="badge <%= "Available".equalsIgnoreCase(v.status) ? "bg-success" : ("On Trip".equalsIgnoreCase(v.status) ? "bg-warning text-dark" : "bg-secondary") %>"><%= (v.status != null ? v.status : "Available") %></span>
73:           </td>
74:           <td>
75:             <span class="badge <%= v.availability ? "bg-success" : "bg-secondary" %>"><%= v.availability ? "Yes" : "No" %></span>


An error occurred at line: [72] in the jsp file: [/owner/vehicles.jsp]
status cannot be resolved or is not a field
69:           <td><%= v.vehicleNumber %></td>
70:           <td>â‚¹ <%= String.format("%.2f", v.rentPerDay) %></td>
71:           <td>
72:             <span class="badge <%= "Available".equalsIgnoreCase(v.status) ? "bg-success" : ("On Trip".equalsIgnoreCase(v.status) ? "bg-warning text-dark" : "bg-secondary") %>"><%= (v.status != null ? v.status : "Available") %></span>
73:           </td>
74:           <td>
75:             <span class="badge <%= v.availability ? "bg-success" : "bg-secondary" %>"><%= v.availability ? "Yes" : "No" %></span>


An error occurred at line: [72] in the jsp file: [/owner/vehicles.jsp]
status cannot be resolved or is not a field
69:           <td><%= v.vehicleNumber %></td>
70:           <td>â‚¹ <%= String.format("%.2f", v.rentPerDay) %></td>
71:           <td>
72:             <span class="badge <%= "Available".equalsIgnoreCase(v.status) ? "bg-success" : ("On Trip".equalsIgnoreCase(v.status) ? "bg-warning text-dark" : "bg-secondary") %>"><%= (v.status != null ? v.status : "Available") %></span>
73:           </td>
74:           <td>
75:             <span class="badge <%= v.availability ? "bg-success" : "bg-secondary" %>"><%= v.availability ? "Yes" : "No" %></span>


An error occurred at line: [72] in the jsp file: [/owner/vehicles.jsp]
status cannot be resolved or is not a field
69:           <td><%= v.vehicleNumber %></td>
70:           <td>â‚¹ <%= String.format("%.2f", v.rentPerDay) %></td>
71:           <td>
72:             <span class="badge <%= "Available".equalsIgnoreCase(v.status) ? "bg-success" : ("On Trip".equalsIgnoreCase(v.status) ? "bg-warning text-dark" : "bg-secondary") %>"><%= (v.status != null ? v.status : "Available") %></span>
73:           </td>
74:           <td>
75:             <span class="badge <%= v.availability ? "bg-success" : "bg-secondary" %>"><%= v.availability ? "Yes" : "No" %></span>


Stacktrace:
		at org.apache.jasper.compiler.DefaultErrorHandler.javacError(DefaultErrorHandler.java:81)
		at org.apache.jasper.compiler.ErrorDispatcher.javacError(ErrorDispatcher.java:214)
		at org.apache.jasper.compiler.JDTCompiler.generateClass(JDTCompiler.java:561)
		at org.apache.jasper.compiler.Compiler.compile(Compiler.java:398)
		at org.apache.jasper.compiler.Compiler.compile(Compiler.java:368)
		at org.apache.jasper.compiler.Compiler.compile(Compiler.java:352)
		at org.apache.jasper.JspCompilationContext.compile(JspCompilationContext.java:603)
		at org.apache.jasper.servlet.JspServletWrapper.service(JspServletWrapper.java:399)
		at org.apache.jasper.servlet.JspServlet.serviceJspFile(JspServlet.java:376)
		at org.apache.jasper.servlet.JspServlet.service(JspServlet.java:324)
		at javax.servlet.http.HttpServlet.service(HttpServlet.java:623)
		at org.apache.catalina.core.ApplicationFilterChain.internalDoFilter(ApplicationFilterChain.java:199)
		at org.apache.catalina.core.ApplicationFilterChain.doFilter(ApplicationFilterChain.java:144)
		at org.apache.tomcat.websocket.server.WsFilter.doFilter(WsFilter.java:51)
		at org.apache.catalina.core.ApplicationFilterChain.internalDoFilter(ApplicationFilterChain.java:168)
		at org.apache.catalina.core.ApplicationFilterChain.doFilter(ApplicationFilterChain.java:144)
		at org.apache.catalina.core.ApplicationDispatcher.invoke(ApplicationDispatcher.java:641)
		at org.apache.catalina.core.ApplicationDispatcher.processRequest(ApplicationDispatcher.java:415)
		at org.apache.catalina.core.ApplicationDispatcher.doForward(ApplicationDispatcher.java:347)
		at org.apache.catalina.core.ApplicationDispatcher.forward(ApplicationDispatcher.java:284)
		at com.vehicle.OwnerVehiclesServlet.doGet(OwnerVehiclesServlet.java:91)
		at javax.servlet.http.HttpServlet.service(HttpServlet.java:529)
		at javax.servlet.http.HttpServlet.service(HttpServlet.java:623)
		at org.apache.catalina.core.ApplicationFilterChain.internalDoFilter(ApplicationFilterChain.java:199)
		at org.apache.catalina.core.ApplicationFilterChain.doFilter(ApplicationFilterChain.java:144)
		at org.apache.tomcat.websocket.server.WsFilter.doFilter(WsFilter.java:51)
		at org.apache.catalina.core.ApplicationFilterChain.internalDoFilter(ApplicationFilterChain.java:168)
		at org.apache.catalina.core.ApplicationFilterChain.doFilter(ApplicationFilterChain.java:144)
		at org.apache.catalina.core.StandardWrapperValve.invoke(StandardWrapperValve.java:168)
		at org.apache.catalina.core.StandardContextValve.invoke(StandardContextValve.java:90)
		at org.apache.catalina.authenticator.AuthenticatorBase.invoke(AuthenticatorBase.java:482)
		at org.apache.catalina.core.StandardHostValve.invoke(StandardHostValve.java:130)
		at org.apache.catalina.valves.ErrorReportValve.invoke(ErrorReportValve.java:93)
		at org.apache.catalina.valves.AbstractAccessLogValve.invoke(AbstractAccessLogValve.java:660)
		at org.apache.catalina.core.StandardEngineValve.invoke(StandardEngineValve.java:74)
		at org.apache.catalina.connector.CoyoteAdapter.service(CoyoteAdapter.java:346)
		at org.apache.coyote.http11.Http11Processor.service(Http11Processor.java:383)
		at org.apache.coyote.AbstractProcessorLight.process(AbstractProcessorLight.java:63)
		at org.apache.coyote.AbstractProtocol$ConnectionHandler.process(AbstractProtocol.java:936)
		at org.apache.tomcat.util.net.NioEndpoint$SocketProcessor.doRun(NioEndpoint.java:1791)
		at org.apache.tomcat.util.net.SocketProcessorBase.run(SocketProcessorBase.java:52)
		at org.apache.tomcat.util.threads.ThreadPoolExecutor.runWorker(ThreadPoolExecutor.java:1190)
		at org.apache.tomcat.util.threads.ThreadPoolExecutor$Worker.run(ThreadPoolExecutor.java:659)
		at org.apache.tomcat.util.threads.TaskThread$WrappingRunnable.run(TaskThread.java:63)
		at java.base/java.lang.Thread.run(Thread.java:842)
12-Oct-2025 23:12:07.309 SEVERE [http-nio-8080-exec-2] org.apache.catalina.core.ApplicationDispatcher.invoke Servlet.service() for servlet [jsp] threw exception
	org.apache.jasper.JasperException: Unable to compile class for JSP: 

An error occurred at line: [67] in the jsp file: [/owner/vehicles.jsp]
vehicleModel cannot be resolved or is not a field
64:             <% } %>
65:           </td>
66:           <td><%= v.vehicleName %></td>
67:           <td><%= (v.vehicleModel != null ? v.vehicleModel : "-") %></td>
68:           <td><%= v.vehicleType %></td>
69:           <td><%= v.vehicleNumber %></td>
70:           <td>â‚¹ <%= String.format("%.2f", v.rentPerDay) %></td>


An error occurred at line: [67] in the jsp file: [/owner/vehicles.jsp]
vehicleModel cannot be resolved or is not a field
64:             <% } %>
65:           </td>
66:           <td><%= v.vehicleName %></td>
67:           <td><%= (v.vehicleModel != null ? v.vehicleModel : "-") %></td>
68:           <td><%= v.vehicleType %></td>
69:           <td><%= v.vehicleNumber %></td>
70:           <td>â‚¹ <%= String.format("%.2f", v.rentPerDay) %></td>


An error occurred at line: [72] in the jsp file: [/owner/vehicles.jsp]
status cannot be resolved or is not a field
69:           <td><%= v.vehicleNumber %></td>
70:           <td>â‚¹ <%= String.format("%.2f", v.rentPerDay) %></td>
71:           <td>
72:             <span class="badge <%= "Available".equalsIgnoreCase(v.status) ? "bg-success" : ("On Trip".equalsIgnoreCase(v.status) ? "bg-warning text-dark" : "bg-secondary") %>"><%= (v.status != null ? v.status : "Available") %></span>
73:           </td>
74:           <td>
75:             <span class="badge <%= v.availability ? "bg-success" : "bg-secondary" %>"><%= v.availability ? "Yes" : "No" %></span>


An error occurred at line: [72] in the jsp file: [/owner/vehicles.jsp]
status cannot be resolved or is not a field
69:           <td><%= v.vehicleNumber %></td>
70:           <td>â‚¹ <%= String.format("%.2f", v.rentPerDay) %></td>
71:           <td>
72:             <span class="badge <%= "Available".equalsIgnoreCase(v.status) ? "bg-success" : ("On Trip".equalsIgnoreCase(v.status) ? "bg-warning text-dark" : "bg-secondary") %>"><%= (v.status != null ? v.status : "Available") %></span>
73:           </td>
74:           <td>
75:             <span class="badge <%= v.availability ? "bg-success" : "bg-secondary" %>"><%= v.availability ? "Yes" : "No" %></span>


An error occurred at line: [72] in the jsp file: [/owner/vehicles.jsp]
status cannot be resolved or is not a field
69:           <td><%= v.vehicleNumber %></td>
70:           <td>â‚¹ <%= String.format("%.2f", v.rentPerDay) %></td>
71:           <td>
72:             <span class="badge <%= "Available".equalsIgnoreCase(v.status) ? "bg-success" : ("On Trip".equalsIgnoreCase(v.status) ? "bg-warning text-dark" : "bg-secondary") %>"><%= (v.status != null ? v.status : "Available") %></span>
73:           </td>
74:           <td>
75:             <span class="badge <%= v.availability ? "bg-success" : "bg-secondary" %>"><%= v.availability ? "Yes" : "No" %></span>


An error occurred at line: [72] in the jsp file: [/owner/vehicles.jsp]
status cannot be resolved or is not a field
69:           <td><%= v.vehicleNumber %></td>
70:           <td>â‚¹ <%= String.format("%.2f", v.rentPerDay) %></td>
71:           <td>
72:             <span class="badge <%= "Available".equalsIgnoreCase(v.status) ? "bg-success" : ("On Trip".equalsIgnoreCase(v.status) ? "bg-warning text-dark" : "bg-secondary") %>"><%= (v.status != null ? v.status : "Available") %></span>
73:           </td>
74:           <td>
75:             <span class="badge <%= v.availability ? "bg-success" : "bg-secondary" %>"><%= v.availability ? "Yes" : "No" %></span>


Stacktrace:
		at org.apache.jasper.compiler.DefaultErrorHandler.javacError(DefaultErrorHandler.java:81)
		at org.apache.jasper.compiler.ErrorDispatcher.javacError(ErrorDispatcher.java:214)
		at org.apache.jasper.compiler.JDTCompiler.generateClass(JDTCompiler.java:561)
		at org.apache.jasper.compiler.Compiler.compile(Compiler.java:398)
		at org.apache.jasper.compiler.Compiler.compile(Compiler.java:368)
		at org.apache.jasper.compiler.Compiler.compile(Compiler.java:352)
		at org.apache.jasper.JspCompilationContext.compile(JspCompilationContext.java:603)
		at org.apache.jasper.servlet.JspServletWrapper.service(JspServletWrapper.java:399)
		at org.apache.jasper.servlet.JspServlet.serviceJspFile(JspServlet.java:376)
		at org.apache.jasper.servlet.JspServlet.service(JspServlet.java:324)
		at javax.servlet.http.HttpServlet.service(HttpServlet.java:623)
		at org.apache.catalina.core.ApplicationFilterChain.internalDoFilter(ApplicationFilterChain.java:199)
		at org.apache.catalina.core.ApplicationFilterChain.doFilter(ApplicationFilterChain.java:144)
		at org.apache.tomcat.websocket.server.WsFilter.doFilter(WsFilter.java:51)
		at org.apache.catalina.core.ApplicationFilterChain.internalDoFilter(ApplicationFilterChain.java:168)
		at org.apache.catalina.core.ApplicationFilterChain.doFilter(ApplicationFilterChain.java:144)
		at org.apache.catalina.core.ApplicationDispatcher.invoke(ApplicationDispatcher.java:641)
		at org.apache.catalina.core.ApplicationDispatcher.processRequest(ApplicationDispatcher.java:415)
		at org.apache.catalina.core.ApplicationDispatcher.doForward(ApplicationDispatcher.java:347)
		at org.apache.catalina.core.ApplicationDispatcher.forward(ApplicationDispatcher.java:284)
		at com.vehicle.OwnerVehiclesServlet.doGet(OwnerVehiclesServlet.java:91)
		at javax.servlet.http.HttpServlet.service(HttpServlet.java:529)
		at javax.servlet.http.HttpServlet.service(HttpServlet.java:623)
		at org.apache.catalina.core.ApplicationFilterChain.internalDoFilter(ApplicationFilterChain.java:199)
		at org.apache.catalina.core.ApplicationFilterChain.doFilter(ApplicationFilterChain.java:144)
		at org.apache.tomcat.websocket.server.WsFilter.doFilter(WsFilter.java:51)
		at org.apache.catalina.core.ApplicationFilterChain.internalDoFilter(ApplicationFilterChain.java:168)
		at org.apache.catalina.core.ApplicationFilterChain.doFilter(ApplicationFilterChain.java:144)
		at org.apache.catalina.core.StandardWrapperValve.invoke(StandardWrapperValve.java:168)
		at org.apache.catalina.core.StandardContextValve.invoke(StandardContextValve.java:90)
		at org.apache.catalina.authenticator.AuthenticatorBase.invoke(AuthenticatorBase.java:482)
		at org.apache.catalina.core.StandardHostValve.invoke(StandardHostValve.java:130)
		at org.apache.catalina.valves.ErrorReportValve.invoke(ErrorReportValve.java:93)
		at org.apache.catalina.valves.AbstractAccessLogValve.invoke(AbstractAccessLogValve.java:660)
		at org.apache.catalina.core.StandardEngineValve.invoke(StandardEngineValve.java:74)
		at org.apache.catalina.connector.CoyoteAdapter.service(CoyoteAdapter.java:346)
		at org.apache.coyote.http11.Http11Processor.service(Http11Processor.java:383)
		at org.apache.coyote.AbstractProcessorLight.process(AbstractProcessorLight.java:63)
		at org.apache.coyote.AbstractProtocol$ConnectionHandler.process(AbstractProtocol.java:936)
		at org.apache.tomcat.util.net.NioEndpoint$SocketProcessor.doRun(NioEndpoint.java:1791)
		at org.apache.tomcat.util.net.SocketProcessorBase.run(SocketProcessorBase.java:52)
		at org.apache.tomcat.util.threads.ThreadPoolExecutor.runWorker(ThreadPoolExecutor.java:1190)
		at org.apache.tomcat.util.threads.ThreadPoolExecutor$Worker.run(ThreadPoolExecutor.java:659)
		at org.apache.tomcat.util.threads.TaskThread$WrappingRunnable.run(TaskThread.java:63)
		at java.base/java.lang.Thread.run(Thread.java:842)
12-Oct-2025 23:12:07.309 SEVERE [http-nio-8080-exec-2] org.apache.catalina.core.StandardWrapperValve.invoke Servlet.service() for servlet [com.vehicle.OwnerVehiclesServlet] in context with path [/Vehicle] threw exception [Unable to compile class for JSP: 

An error occurred at line: [67] in the jsp file: [/owner/vehicles.jsp]
vehicleModel cannot be resolved or is not a field
64:             <% } %>
65:           </td>
66:           <td><%= v.vehicleName %></td>
67:           <td><%= (v.vehicleModel != null ? v.vehicleModel : "-") %></td>
68:           <td><%= v.vehicleType %></td>
69:           <td><%= v.vehicleNumber %></td>
70:           <td>â‚¹ <%= String.format("%.2f", v.rentPerDay) %></td>


An error occurred at line: [67] in the jsp file: [/owner/vehicles.jsp]
vehicleModel cannot be resolved or is not a field
64:             <% } %>
65:           </td>
66:           <td><%= v.vehicleName %></td>
67:           <td><%= (v.vehicleModel != null ? v.vehicleModel : "-") %></td>
68:           <td><%= v.vehicleType %></td>
69:           <td><%= v.vehicleNumber %></td>
70:           <td>â‚¹ <%= String.format("%.2f", v.rentPerDay) %></td>


An error occurred at line: [72] in the jsp file: [/owner/vehicles.jsp]
status cannot be resolved or is not a field
69:           <td><%= v.vehicleNumber %></td>
70:           <td>â‚¹ <%= String.format("%.2f", v.rentPerDay) %></td>
71:           <td>
72:             <span class="badge <%= "Available".equalsIgnoreCase(v.status) ? "bg-success" : ("On Trip".equalsIgnoreCase(v.status) ? "bg-warning text-dark" : "bg-secondary") %>"><%= (v.status != null ? v.status : "Available") %></span>
73:           </td>
74:           <td>
75:             <span class="badge <%= v.availability ? "bg-success" : "bg-secondary" %>"><%= v.availability ? "Yes" : "No" %></span>


An error occurred at line: [72] in the jsp file: [/owner/vehicles.jsp]
status cannot be resolved or is not a field
69:           <td><%= v.vehicleNumber %></td>
70:           <td>â‚¹ <%= String.format("%.2f", v.rentPerDay) %></td>
71:           <td>
72:             <span class="badge <%= "Available".equalsIgnoreCase(v.status) ? "bg-success" : ("On Trip".equalsIgnoreCase(v.status) ? "bg-warning text-dark" : "bg-secondary") %>"><%= (v.status != null ? v.status : "Available") %></span>
73:           </td>
74:           <td>
75:             <span class="badge <%= v.availability ? "bg-success" : "bg-secondary" %>"><%= v.availability ? "Yes" : "No" %></span>


An error occurred at line: [72] in the jsp file: [/owner/vehicles.jsp]
status cannot be resolved or is not a field
69:           <td><%= v.vehicleNumber %></td>
70:           <td>â‚¹ <%= String.format("%.2f", v.rentPerDay) %></td>
71:           <td>
72:             <span class="badge <%= "Available".equalsIgnoreCase(v.status) ? "bg-success" : ("On Trip".equalsIgnoreCase(v.status) ? "bg-warning text-dark" : "bg-secondary") %>"><%= (v.status != null ? v.status : "Available") %></span>
73:           </td>
74:           <td>
75:             <span class="badge <%= v.availability ? "bg-success" : "bg-secondary" %>"><%= v.availability ? "Yes" : "No" %></span>


An error occurred at line: [72] in the jsp file: [/owner/vehicles.jsp]
status cannot be resolved or is not a field
69:           <td><%= v.vehicleNumber %></td>
70:           <td>â‚¹ <%= String.format("%.2f", v.rentPerDay) %></td>
71:           <td>
72:             <span class="badge <%= "Available".equalsIgnoreCase(v.status) ? "bg-success" : ("On Trip".equalsIgnoreCase(v.status) ? "bg-warning text-dark" : "bg-secondary") %>"><%= (v.status != null ? v.status : "Available") %></span>
73:           </td>
74:           <td>
75:             <span class="badge <%= v.availability ? "bg-success" : "bg-secondary" %>"><%= v.availability ? "Yes" : "No" %></span>


Stacktrace:] with root cause
	org.apache.jasper.JasperException: Unable to compile class for JSP: 

An error occurred at line: [67] in the jsp file: [/owner/vehicles.jsp]
vehicleModel cannot be resolved or is not a field
64:             <% } %>
65:           </td>
66:           <td><%= v.vehicleName %></td>
67:           <td><%= (v.vehicleModel != null ? v.vehicleModel : "-") %></td>
68:           <td><%= v.vehicleType %></td>
69:           <td><%= v.vehicleNumber %></td>
70:           <td>â‚¹ <%= String.format("%.2f", v.rentPerDay) %></td>


An error occurred at line: [67] in the jsp file: [/owner/vehicles.jsp]
vehicleModel cannot be resolved or is not a field
64:             <% } %>
65:           </td>
66:           <td><%= v.vehicleName %></td>
67:           <td><%= (v.vehicleModel != null ? v.vehicleModel : "-") %></td>
68:           <td><%= v.vehicleType %></td>
69:           <td><%= v.vehicleNumber %></td>
70:           <td>â‚¹ <%= String.format("%.2f", v.rentPerDay) %></td>


An error occurred at line: [72] in the jsp file: [/owner/vehicles.jsp]
status cannot be resolved or is not a field
69:           <td><%= v.vehicleNumber %></td>
70:           <td>â‚¹ <%= String.format("%.2f", v.rentPerDay) %></td>
71:           <td>
72:             <span class="badge <%= "Available".equalsIgnoreCase(v.status) ? "bg-success" : ("On Trip".equalsIgnoreCase(v.status) ? "bg-warning text-dark" : "bg-secondary") %>"><%= (v.status != null ? v.status : "Available") %></span>
73:           </td>
74:           <td>
75:             <span class="badge <%= v.availability ? "bg-success" : "bg-secondary" %>"><%= v.availability ? "Yes" : "No" %></span>


An error occurred at line: [72] in the jsp file: [/owner/vehicles.jsp]
status cannot be resolved or is not a field
69:           <td><%= v.vehicleNumber %></td>
70:           <td>â‚¹ <%= String.format("%.2f", v.rentPerDay) %></td>
71:           <td>
72:             <span class="badge <%= "Available".equalsIgnoreCase(v.status) ? "bg-success" : ("On Trip".equalsIgnoreCase(v.status) ? "bg-warning text-dark" : "bg-secondary") %>"><%= (v.status != null ? v.status : "Available") %></span>
73:           </td>
74:           <td>
75:             <span class="badge <%= v.availability ? "bg-success" : "bg-secondary" %>"><%= v.availability ? "Yes" : "No" %></span>


An error occurred at line: [72] in the jsp file: [/owner/vehicles.jsp]
status cannot be resolved or is not a field
69:           <td><%= v.vehicleNumber %></td>
70:           <td>â‚¹ <%= String.format("%.2f", v.rentPerDay) %></td>
71:           <td>
72:             <span class="badge <%= "Available".equalsIgnoreCase(v.status) ? "bg-success" : ("On Trip".equalsIgnoreCase(v.status) ? "bg-warning text-dark" : "bg-secondary") %>"><%= (v.status != null ? v.status : "Available") %></span>
73:           </td>
74:           <td>
75:             <span class="badge <%= v.availability ? "bg-success" : "bg-secondary" %>"><%= v.availability ? "Yes" : "No" %></span>


An error occurred at line: [72] in the jsp file: [/owner/vehicles.jsp]
status cannot be resolved or is not a field
69:           <td><%= v.vehicleNumber %></td>
70:           <td>â‚¹ <%= String.format("%.2f", v.rentPerDay) %></td>
71:           <td>
72:             <span class="badge <%= "Available".equalsIgnoreCase(v.status) ? "bg-success" : ("On Trip".equalsIgnoreCase(v.status) ? "bg-warning text-dark" : "bg-secondary") %>"><%= (v.status != null ? v.status : "Available") %></span>
73:           </td>
74:           <td>
75:             <span class="badge <%= v.availability ? "bg-success" : "bg-secondary" %>"><%= v.availability ? "Yes" : "No" %></span>


Stacktrace:
		at org.apache.jasper.compiler.DefaultErrorHandler.javacError(DefaultErrorHandler.java:81)
		at org.apache.jasper.compiler.ErrorDispatcher.javacError(ErrorDispatcher.java:214)
		at org.apache.jasper.compiler.JDTCompiler.generateClass(JDTCompiler.java:561)
		at org.apache.jasper.compiler.Compiler.compile(Compiler.java:398)
		at org.apache.jasper.compiler.Compiler.compile(Compiler.java:368)
		at org.apache.jasper.compiler.Compiler.compile(Compiler.java:352)
		at org.apache.jasper.JspCompilationContext.compile(JspCompilationContext.java:603)
		at org.apache.jasper.servlet.JspServletWrapper.service(JspServletWrapper.java:399)
		at org.apache.jasper.servlet.JspServlet.serviceJspFile(JspServlet.java:376)
		at org.apache.jasper.servlet.JspServlet.service(JspServlet.java:324)
		at javax.servlet.http.HttpServlet.service(HttpServlet.java:623)
		at org.apache.catalina.core.ApplicationFilterChain.internalDoFilter(ApplicationFilterChain.java:199)
		at org.apache.catalina.core.ApplicationFilterChain.doFilter(ApplicationFilterChain.java:144)
		at org.apache.tomcat.websocket.server.WsFilter.doFilter(WsFilter.java:51)
		at org.apache.catalina.core.ApplicationFilterChain.internalDoFilter(ApplicationFilterChain.java:168)
		at org.apache.catalina.core.ApplicationFilterChain.doFilter(ApplicationFilterChain.java:144)
		at org.apache.catalina.core.ApplicationDispatcher.invoke(ApplicationDispatcher.java:641)
		at org.apache.catalina.core.ApplicationDispatcher.processRequest(ApplicationDispatcher.java:415)
		at org.apache.catalina.core.ApplicationDispatcher.doForward(ApplicationDispatcher.java:347)
		at org.apache.catalina.core.ApplicationDispatcher.forward(ApplicationDispatcher.java:284)
		at com.vehicle.OwnerVehiclesServlet.doGet(OwnerVehiclesServlet.java:91)
		at javax.servlet.http.HttpServlet.service(HttpServlet.java:529)
		at javax.servlet.http.HttpServlet.service(HttpServlet.java:623)
		at org.apache.catalina.core.ApplicationFilterChain.internalDoFilter(ApplicationFilterChain.java:199)
		at org.apache.catalina.core.ApplicationFilterChain.doFilter(ApplicationFilterChain.java:144)
		at org.apache.tomcat.websocket.server.WsFilter.doFilter(WsFilter.java:51)
		at org.apache.catalina.core.ApplicationFilterChain.internalDoFilter(ApplicationFilterChain.java:168)
		at org.apache.catalina.core.ApplicationFilterChain.doFilter(ApplicationFilterChain.java:144)
		at org.apache.catalina.core.StandardWrapperValve.invoke(StandardWrapperValve.java:168)
		at org.apache.catalina.core.StandardContextValve.invoke(StandardContextValve.java:90)
		at org.apache.catalina.authenticator.AuthenticatorBase.invoke(AuthenticatorBase.java:482)
		at org.apache.catalina.core.StandardHostValve.invoke(StandardHostValve.java:130)
		at org.apache.catalina.valves.ErrorReportValve.invoke(ErrorReportValve.java:93)
		at org.apache.catalina.valves.AbstractAccessLogValve.invoke(AbstractAccessLogValve.java:660)
		at org.apache.catalina.core.StandardEngineValve.invoke(StandardEngineValve.java:74)
		at org.apache.catalina.connector.CoyoteAdapter.service(CoyoteAdapter.java:346)
		at org.apache.coyote.http11.Http11Processor.service(Http11Processor.java:383)
		at org.apache.coyote.AbstractProcessorLight.process(AbstractProcessorLight.java:63)
		at org.apache.coyote.AbstractProtocol$ConnectionHandler.process(AbstractProtocol.java:936)
		at org.apache.tomcat.util.net.NioEndpoint$SocketProcessor.doRun(NioEndpoint.java:1791)
		at org.apache.tomcat.util.net.SocketProcessorBase.run(SocketProcessorBase.java:52)
		at org.apache.tomcat.util.threads.ThreadPoolExecutor.runWorker(ThreadPoolExecutor.java:1190)
		at org.apache.tomcat.util.threads.ThreadPoolExecutor$Worker.run(ThreadPoolExecutor.java:659)
		at org.apache.tomcat.util.threads.TaskThread$WrappingRunnable.run(TaskThread.java:63)
		at java.base/java.lang.Thread.run(Thread.java:842)
12-Oct-2025 23:15:10.229 INFO [main] org.apache.catalina.core.ApplicationContext.log SessionListener: contextDestroyed()
12-Oct-2025 23:15:10.229 INFO [main] org.apache.catalina.core.ApplicationContext.log ContextListener: contextDestroyed()
12-Oct-2025 23:15:15.226 INFO [main] org.apache.catalina.core.ApplicationContext.log ContextListener: contextInitialized()
12-Oct-2025 23:15:15.226 INFO [main] org.apache.catalina.core.ApplicationContext.log SessionListener: contextInitialized()
12-Oct-2025 23:15:15.229 INFO [main] org.apache.catalina.core.ApplicationContext.log ContextListener: attributeAdded('StockTicker', 'async.Stockticker@17c2d509')
12-Oct-2025 23:59:36.216 INFO [main] org.apache.catalina.core.ApplicationContext.log ContextListener: contextInitialized()
12-Oct-2025 23:59:36.216 INFO [main] org.apache.catalina.core.ApplicationContext.log SessionListener: contextInitialized()
12-Oct-2025 23:59:36.220 INFO [main] org.apache.catalina.core.ApplicationContext.log ContextListener: attributeAdded('StockTicker', 'async.Stockticker@e042c99')
